file,start,end,actual,predicted,seizure_probability
chb03_01.edf,0.0,5.0,0,0,0.0
chb03_01.edf,5.0,10.0,0,0,0.0
chb03_01.edf,10.0,15.0,0,0,0.0
chb03_01.edf,15.0,20.0,0,0,0.0
chb03_01.edf,20.0,25.0,0,0,0.0
chb03_01.edf,25.0,30.0,0,0,0.0
chb03_01.edf,30.0,35.0,0,0,0.0
chb03_01.edf,35.0,40.0,0,0,0.0
chb03_01.edf,40.0,45.0,0,0,0.0
chb03_01.edf,45.0,50.0,0,0,0.0
chb03_01.edf,50.0,55.0,0,0,0.0
chb03_01.edf,55.0,60.0,0,0,0.0
chb03_01.edf,60.0,65.0,0,0,0.0
chb03_01.edf,65.0,70.0,0,0,0.0
chb03_01.edf,70.0,75.0,0,0,0.0
chb03_01.edf,75.0,80.0,0,0,0.0
chb03_01.edf,80.0,85.0,0,0,0.0
chb03_01.edf,85.0,90.0,0,0,0.0
chb03_01.edf,90.0,95.0,0,0,0.0
chb03_01.edf,95.0,100.0,0,0,0.0
chb03_01.edf,100.0,105.0,0,0,0.0
chb03_01.edf,105.0,110.0,0,0,0.0
chb03_01.edf,110.0,115.0,0,0,0.0
chb03_01.edf,115.0,120.0,0,0,0.0033333333333333335
chb03_01.edf,120.0,125.0,0,0,0.0033333333333333335
chb03_01.edf,125.0,130.0,0,0,0.0
chb03_01.edf,130.0,135.0,0,0,0.0
chb03_01.edf,135.0,140.0,0,0,0.0
chb03_01.edf,140.0,145.0,0,0,0.0
chb03_01.edf,145.0,150.0,0,0,0.0
chb03_01.edf,150.0,155.0,0,0,0.0
chb03_01.edf,155.0,160.0,0,0,0.0
chb03_01.edf,160.0,165.0,0,0,0.0
chb03_01.edf,165.0,170.0,0,0,0.0
chb03_01.edf,170.0,175.0,0,0,0.0
chb03_01.edf,175.0,180.0,0,0,0.0
chb03_01.edf,180.0,185.0,0,0,0.0
chb03_01.edf,185.0,190.0,0,0,0.0
chb03_01.edf,190.0,195.0,0,0,0.0
chb03_01.edf,195.0,200.0,0,0,0.0033333333333333335
chb03_01.edf,200.0,205.0,0,0,0.016666666666666666
chb03_01.edf,205.0,210.0,0,0,0.013333333333333334
chb03_01.edf,210.0,215.0,0,0,0.0
chb03_01.edf,215.0,220.0,0,0,0.0
chb03_01.edf,220.0,225.0,0,0,0.003018256149996483
chb03_01.edf,225.0,230.0,0,0,0.003018256149996483
chb03_01.edf,230.0,235.0,0,0,0.016666666666666666
chb03_01.edf,235.0,240.0,0,0,0.003018256149996483
chb03_01.edf,240.0,245.0,0,0,0.0
chb03_01.edf,245.0,250.0,0,0,0.0
chb03_01.edf,250.0,255.0,0,0,0.0
chb03_01.edf,255.0,260.0,0,0,0.0
chb03_01.edf,260.0,265.0,0,0,0.0
chb03_01.edf,265.0,270.0,0,0,0.0
chb03_01.edf,270.0,275.0,0,0,0.0
chb03_01.edf,275.0,280.0,0,0,0.0
chb03_01.edf,280.0,285.0,0,0,0.0
chb03_01.edf,285.0,290.0,0,0,0.0
chb03_01.edf,290.0,295.0,0,0,0.0
chb03_01.edf,295.0,300.0,0,0,0.0
chb03_01.edf,300.0,305.0,0,0,0.006666666666666667
chb03_01.edf,305.0,310.0,0,0,0.0
chb03_01.edf,310.0,315.0,0,0,0.0
chb03_01.edf,315.0,320.0,0,0,0.0
chb03_01.edf,320.0,325.0,0,0,0.0
chb03_01.edf,325.0,330.0,0,0,0.0
chb03_01.edf,330.0,335.0,0,0,0.0
chb03_01.edf,335.0,340.0,0,0,0.0
chb03_01.edf,340.0,345.0,0,0,0.0
chb03_01.edf,345.0,350.0,0,0,0.0
chb03_01.edf,350.0,355.0,0,0,0.0
chb03_01.edf,355.0,360.0,0,0,0.0
chb03_01.edf,360.0,365.0,1,0,0.0
chb03_01.edf,365.0,370.0,1,0,0.08301825614999649
chb03_01.edf,370.0,375.0,1,1,0.5463515894833297
chb03_01.edf,375.0,380.0,1,0,0.3630182561499965
chb03_01.edf,380.0,385.0,1,0,0.2730182561499965
chb03_01.edf,385.0,390.0,1,1,0.7796849228166632
chb03_01.edf,390.0,395.0,1,0,0.26301825614999647
chb03_01.edf,395.0,400.0,1,0,0.44301825614999646
chb03_01.edf,400.0,405.0,1,1,0.7530182561499965
chb03_01.edf,405.0,410.0,1,0,0.3163515894833298
chb03_01.edf,410.0,415.0,1,0,0.34968492281666314
chb03_01.edf,415.0,420.0,0,0,0.02
chb03_01.edf,420.0,425.0,0,0,0.01
chb03_01.edf,425.0,430.0,0,0,0.04666666666666667
chb03_01.edf,430.0,435.0,0,0,0.14968492281666315
chb03_01.edf,435.0,440.0,0,0,0.013333333333333334
chb03_01.edf,440.0,445.0,0,0,0.1
chb03_01.edf,445.0,450.0,0,0,0.006666666666666667
chb03_01.edf,450.0,455.0,0,0,0.013333333333333334
chb03_01.edf,455.0,460.0,0,0,0.0
chb03_01.edf,460.0,465.0,0,0,0.0033333333333333335
chb03_01.edf,465.0,470.0,0,0,0.0
chb03_01.edf,470.0,475.0,0,0,0.0
chb03_01.edf,475.0,480.0,0,0,0.0
chb03_01.edf,480.0,485.0,0,0,0.0
chb03_01.edf,485.0,490.0,0,0,0.0
chb03_01.edf,490.0,495.0,0,0,0.0
chb03_01.edf,495.0,500.0,0,0,0.0
chb03_01.edf,500.0,505.0,0,0,0.0
chb03_01.edf,505.0,510.0,0,0,0.0
chb03_01.edf,510.0,515.0,0,0,0.0033333333333333335
chb03_01.edf,515.0,520.0,0,0,0.0
chb03_01.edf,520.0,525.0,0,0,0.0
chb03_01.edf,525.0,530.0,0,0,0.0
chb03_01.edf,530.0,535.0,0,0,0.0
chb03_01.edf,535.0,540.0,0,0,0.0
chb03_01.edf,540.0,545.0,0,0,0.0
chb03_01.edf,545.0,550.0,0,0,0.0
chb03_01.edf,550.0,555.0,0,0,0.0
chb03_01.edf,555.0,560.0,0,0,0.0
chb03_01.edf,560.0,565.0,0,0,0.0
chb03_01.edf,565.0,570.0,0,0,0.0
chb03_01.edf,570.0,575.0,0,0,0.0
chb03_01.edf,575.0,580.0,0,0,0.0
chb03_01.edf,580.0,585.0,0,0,0.0
chb03_01.edf,585.0,590.0,0,0,0.0
chb03_01.edf,590.0,595.0,0,0,0.0
chb03_01.edf,595.0,600.0,0,0,0.0
chb03_01.edf,600.0,605.0,0,0,0.0
chb03_01.edf,605.0,610.0,0,0,0.0
chb03_01.edf,610.0,615.0,0,0,0.0
chb03_01.edf,615.0,620.0,0,0,0.0
chb03_01.edf,620.0,625.0,0,0,0.0
chb03_01.edf,625.0,630.0,0,0,0.0
chb03_01.edf,630.0,635.0,0,0,0.0
chb03_01.edf,635.0,640.0,0,0,0.0
chb03_01.edf,640.0,645.0,0,0,0.0
chb03_01.edf,645.0,650.0,0,0,0.0
chb03_01.edf,650.0,655.0,0,0,0.0
chb03_01.edf,655.0,660.0,0,0,0.0
chb03_01.edf,660.0,665.0,0,0,0.0
chb03_01.edf,665.0,670.0,0,0,0.0
chb03_01.edf,670.0,675.0,0,0,0.0
chb03_01.edf,675.0,680.0,0,0,0.0
chb03_01.edf,680.0,685.0,0,0,0.0
chb03_01.edf,685.0,690.0,0,0,0.0
chb03_01.edf,690.0,695.0,0,0,0.0
chb03_01.edf,695.0,700.0,0,0,0.0
chb03_01.edf,700.0,705.0,0,0,0.0
chb03_01.edf,705.0,710.0,0,0,0.0
chb03_01.edf,710.0,715.0,0,0,0.0
chb03_01.edf,715.0,720.0,0,0,0.0
chb03_01.edf,720.0,725.0,0,0,0.0
chb03_01.edf,725.0,730.0,0,0,0.0
chb03_01.edf,730.0,735.0,0,0,0.003018256149996483
chb03_01.edf,735.0,740.0,0,0,0.0
chb03_01.edf,740.0,745.0,0,0,0.0
chb03_01.edf,745.0,750.0,0,0,0.0
chb03_01.edf,750.0,755.0,0,0,0.0
chb03_01.edf,755.0,760.0,0,0,0.0
chb03_01.edf,760.0,765.0,0,0,0.003018256149996483
chb03_01.edf,765.0,770.0,0,0,0.0
chb03_01.edf,770.0,775.0,0,0,0.0
chb03_01.edf,775.0,780.0,0,0,0.0
chb03_01.edf,780.0,785.0,0,0,0.0
chb03_01.edf,785.0,790.0,0,0,0.0
chb03_01.edf,790.0,795.0,0,0,0.0
chb03_01.edf,795.0,800.0,0,0,0.0
chb03_01.edf,800.0,805.0,0,0,0.0
chb03_01.edf,805.0,810.0,0,0,0.033018256149996476
chb03_01.edf,810.0,815.0,0,0,0.02301825614999648
chb03_01.edf,815.0,820.0,0,0,0.0
chb03_01.edf,820.0,825.0,0,0,0.0
chb03_01.edf,825.0,830.0,0,0,0.0
chb03_01.edf,830.0,835.0,0,0,0.0
chb03_01.edf,835.0,840.0,0,0,0.0
chb03_01.edf,840.0,845.0,0,0,0.0
chb03_01.edf,845.0,850.0,0,0,0.0
chb03_01.edf,850.0,855.0,0,0,0.0
chb03_01.edf,855.0,860.0,0,0,0.003018256149996483
chb03_01.edf,860.0,865.0,0,0,0.0
chb03_01.edf,865.0,870.0,0,0,0.0
chb03_01.edf,870.0,875.0,0,0,0.0
chb03_01.edf,875.0,880.0,0,0,0.0
chb03_01.edf,880.0,885.0,0,0,0.0
chb03_01.edf,885.0,890.0,0,0,0.0
chb03_01.edf,890.0,895.0,0,0,0.0
chb03_01.edf,895.0,900.0,0,0,0.0
chb03_01.edf,900.0,905.0,0,0,0.0
chb03_01.edf,905.0,910.0,0,0,0.0
chb03_01.edf,910.0,915.0,0,0,0.0
chb03_01.edf,915.0,920.0,0,0,0.0
chb03_01.edf,920.0,925.0,0,0,0.0
chb03_01.edf,925.0,930.0,0,0,0.0
chb03_01.edf,930.0,935.0,0,0,0.0
chb03_01.edf,935.0,940.0,0,0,0.0
chb03_01.edf,940.0,945.0,0,0,0.0
chb03_01.edf,945.0,950.0,0,0,0.0
chb03_01.edf,950.0,955.0,0,0,0.0
chb03_01.edf,955.0,960.0,0,0,0.0
chb03_01.edf,960.0,965.0,0,0,0.0
chb03_01.edf,965.0,970.0,0,0,0.0
chb03_01.edf,970.0,975.0,0,0,0.0
chb03_01.edf,975.0,980.0,0,0,0.0
chb03_01.edf,980.0,985.0,0,0,0.0
chb03_01.edf,985.0,990.0,0,0,0.0
chb03_01.edf,990.0,995.0,0,0,0.0
chb03_01.edf,995.0,1000.0,0,0,0.0
chb03_01.edf,1000.0,1005.0,0,0,0.0
chb03_01.edf,1005.0,1010.0,0,0,0.0
chb03_01.edf,1010.0,1015.0,0,0,0.0
chb03_01.edf,1015.0,1020.0,0,0,0.0
chb03_01.edf,1020.0,1025.0,0,0,0.0
chb03_01.edf,1025.0,1030.0,0,0,0.0
chb03_01.edf,1030.0,1035.0,0,0,0.0
chb03_01.edf,1035.0,1040.0,0,0,0.0
chb03_01.edf,1040.0,1045.0,0,0,0.0
chb03_01.edf,1045.0,1050.0,0,0,0.0
chb03_01.edf,1050.0,1055.0,0,0,0.0
chb03_01.edf,1055.0,1060.0,0,0,0.0
chb03_01.edf,1060.0,1065.0,0,0,0.0
chb03_01.edf,1065.0,1070.0,0,0,0.0
chb03_01.edf,1070.0,1075.0,0,0,0.0
chb03_01.edf,1075.0,1080.0,0,0,0.0
chb03_01.edf,1080.0,1085.0,0,0,0.0
chb03_01.edf,1085.0,1090.0,0,0,0.0
chb03_01.edf,1090.0,1095.0,0,0,0.0
chb03_01.edf,1095.0,1100.0,0,0,0.0
chb03_01.edf,1100.0,1105.0,0,0,0.0
chb03_01.edf,1105.0,1110.0,0,0,0.0
chb03_01.edf,1110.0,1115.0,0,0,0.0
chb03_01.edf,1115.0,1120.0,0,0,0.0
chb03_01.edf,1120.0,1125.0,0,0,0.0
chb03_01.edf,1125.0,1130.0,0,0,0.0
chb03_01.edf,1130.0,1135.0,0,0,0.0
chb03_01.edf,1135.0,1140.0,0,0,0.0
chb03_01.edf,1140.0,1145.0,0,0,0.0
chb03_01.edf,1145.0,1150.0,0,0,0.0
chb03_01.edf,1150.0,1155.0,0,0,0.0
chb03_01.edf,1155.0,1160.0,0,0,0.0
chb03_01.edf,1160.0,1165.0,0,0,0.0
chb03_01.edf,1165.0,1170.0,0,0,0.0
chb03_01.edf,1170.0,1175.0,0,0,0.0
chb03_01.edf,1175.0,1180.0,0,0,0.0
chb03_01.edf,1180.0,1185.0,0,0,0.0
chb03_01.edf,1185.0,1190.0,0,0,0.0
chb03_01.edf,1190.0,1195.0,0,0,0.0
chb03_01.edf,1195.0,1200.0,0,0,0.0
chb03_01.edf,1200.0,1205.0,0,0,0.0
chb03_01.edf,1205.0,1210.0,0,0,0.0
chb03_01.edf,1210.0,1215.0,0,0,0.0
chb03_01.edf,1215.0,1220.0,0,0,0.0
chb03_01.edf,1220.0,1225.0,0,0,0.0
chb03_01.edf,1225.0,1230.0,0,0,0.0
chb03_01.edf,1230.0,1235.0,0,0,0.0
chb03_01.edf,1235.0,1240.0,0,0,0.0
chb03_01.edf,1240.0,1245.0,0,0,0.0
chb03_01.edf,1245.0,1250.0,0,0,0.0
chb03_01.edf,1250.0,1255.0,0,0,0.0
chb03_01.edf,1255.0,1260.0,0,0,0.0
chb03_01.edf,1260.0,1265.0,0,0,0.0
chb03_01.edf,1265.0,1270.0,0,0,0.0
chb03_01.edf,1270.0,1275.0,0,0,0.0
chb03_01.edf,1275.0,1280.0,0,0,0.0
chb03_01.edf,1280.0,1285.0,0,0,0.0
chb03_01.edf,1285.0,1290.0,0,0,0.0
chb03_01.edf,1290.0,1295.0,0,0,0.0
chb03_01.edf,1295.0,1300.0,0,0,0.0
chb03_01.edf,1300.0,1305.0,0,0,0.0
chb03_01.edf,1305.0,1310.0,0,0,0.0
chb03_01.edf,1310.0,1315.0,0,0,0.0
chb03_01.edf,1315.0,1320.0,0,0,0.0
chb03_01.edf,1320.0,1325.0,0,0,0.0
chb03_01.edf,1325.0,1330.0,0,0,0.0
chb03_01.edf,1330.0,1335.0,0,0,0.0
chb03_01.edf,1335.0,1340.0,0,0,0.0
chb03_01.edf,1340.0,1345.0,0,0,0.0
chb03_01.edf,1345.0,1350.0,0,0,0.0
chb03_01.edf,1350.0,1355.0,0,0,0.0
chb03_01.edf,1355.0,1360.0,0,0,0.0
chb03_01.edf,1360.0,1365.0,0,0,0.0
chb03_01.edf,1365.0,1370.0,0,0,0.0
chb03_01.edf,1370.0,1375.0,0,0,0.0
chb03_01.edf,1375.0,1380.0,0,0,0.0
chb03_01.edf,1380.0,1385.0,0,0,0.0
chb03_01.edf,1385.0,1390.0,0,0,0.0
chb03_01.edf,1390.0,1395.0,0,0,0.0
chb03_01.edf,1395.0,1400.0,0,0,0.0
chb03_01.edf,1400.0,1405.0,0,0,0.0
chb03_01.edf,1405.0,1410.0,0,0,0.0
chb03_01.edf,1410.0,1415.0,0,0,0.0
chb03_01.edf,1415.0,1420.0,0,0,0.0
chb03_01.edf,1420.0,1425.0,0,0,0.0
chb03_01.edf,1425.0,1430.0,0,0,0.0
chb03_01.edf,1430.0,1435.0,0,0,0.0
chb03_01.edf,1435.0,1440.0,0,0,0.0
chb03_01.edf,1440.0,1445.0,0,0,0.0
chb03_01.edf,1445.0,1450.0,0,0,0.0
chb03_01.edf,1450.0,1455.0,0,0,0.0
chb03_01.edf,1455.0,1460.0,0,0,0.0
chb03_01.edf,1460.0,1465.0,0,0,0.0
chb03_01.edf,1465.0,1470.0,0,0,0.0
chb03_01.edf,1470.0,1475.0,0,0,0.0
chb03_01.edf,1475.0,1480.0,0,0,0.0
chb03_01.edf,1480.0,1485.0,0,0,0.0
chb03_01.edf,1485.0,1490.0,0,0,0.0
chb03_01.edf,1490.0,1495.0,0,0,0.0
chb03_01.edf,1495.0,1500.0,0,0,0.0
chb03_01.edf,1500.0,1505.0,0,0,0.0
chb03_01.edf,1505.0,1510.0,0,0,0.0
chb03_01.edf,1510.0,1515.0,0,0,0.0
chb03_01.edf,1515.0,1520.0,0,0,0.0
chb03_01.edf,1520.0,1525.0,0,0,0.0
chb03_01.edf,1525.0,1530.0,0,0,0.0
chb03_01.edf,1530.0,1535.0,0,0,0.0033333333333333335
chb03_01.edf,1535.0,1540.0,0,0,0.0
chb03_01.edf,1540.0,1545.0,0,0,0.0
chb03_01.edf,1545.0,1550.0,0,0,0.0
chb03_01.edf,1550.0,1555.0,0,0,0.0
chb03_01.edf,1555.0,1560.0,0,0,0.003018256149996483
chb03_01.edf,1560.0,1565.0,0,0,0.0
chb03_01.edf,1565.0,1570.0,0,0,0.0
chb03_01.edf,1570.0,1575.0,0,0,0.003018256149996483
chb03_01.edf,1575.0,1580.0,0,0,0.0
chb03_01.edf,1580.0,1585.0,0,0,0.0
chb03_01.edf,1585.0,1590.0,0,0,0.0
chb03_01.edf,1590.0,1595.0,0,0,0.0
chb03_01.edf,1595.0,1600.0,0,0,0.003018256149996483
chb03_01.edf,1600.0,1605.0,0,0,0.0
chb03_01.edf,1605.0,1610.0,0,0,0.0
chb03_01.edf,1610.0,1615.0,0,0,0.0
chb03_01.edf,1615.0,1620.0,0,0,0.0
chb03_01.edf,1620.0,1625.0,0,0,0.0
chb03_01.edf,1625.0,1630.0,0,0,0.0
chb03_01.edf,1630.0,1635.0,0,0,0.0
chb03_01.edf,1635.0,1640.0,0,0,0.0
chb03_01.edf,1640.0,1645.0,0,0,0.003018256149996483
chb03_01.edf,1645.0,1650.0,0,0,0.0
chb03_01.edf,1650.0,1655.0,0,0,0.0
chb03_01.edf,1655.0,1660.0,0,0,0.0
chb03_01.edf,1660.0,1665.0,0,0,0.0
chb03_01.edf,1665.0,1670.0,0,0,0.0
chb03_01.edf,1670.0,1675.0,0,0,0.0
chb03_01.edf,1675.0,1680.0,0,0,0.0
chb03_01.edf,1680.0,1685.0,0,0,0.0
chb03_01.edf,1685.0,1690.0,0,0,0.0
chb03_01.edf,1690.0,1695.0,0,0,0.0
chb03_01.edf,1695.0,1700.0,0,0,0.0
chb03_01.edf,1700.0,1705.0,0,0,0.0
chb03_01.edf,1705.0,1710.0,0,0,0.0
chb03_01.edf,1710.0,1715.0,0,0,0.0
chb03_01.edf,1715.0,1720.0,0,0,0.0
chb03_01.edf,1720.0,1725.0,0,0,0.0
chb03_01.edf,1725.0,1730.0,0,0,0.0
chb03_01.edf,1730.0,1735.0,0,0,0.0
chb03_01.edf,1735.0,1740.0,0,0,0.0
chb03_01.edf,1740.0,1745.0,0,0,0.0
chb03_01.edf,1745.0,1750.0,0,0,0.04
chb03_01.edf,1750.0,1755.0,0,0,0.006666666666666667
chb03_01.edf,1755.0,1760.0,0,0,0.003018256149996483
chb03_01.edf,1760.0,1765.0,0,0,0.0
chb03_01.edf,1765.0,1770.0,0,0,0.0
chb03_01.edf,1770.0,1775.0,0,0,0.0
chb03_01.edf,1775.0,1780.0,0,0,0.0
chb03_01.edf,1780.0,1785.0,0,0,0.0
chb03_01.edf,1785.0,1790.0,0,0,0.0
chb03_01.edf,1790.0,1795.0,0,0,0.0
chb03_01.edf,1795.0,1800.0,0,0,0.0
chb03_01.edf,1800.0,1805.0,0,0,0.0
chb03_01.edf,1805.0,1810.0,0,0,0.0
chb03_01.edf,1810.0,1815.0,0,0,0.0
chb03_01.edf,1815.0,1820.0,0,0,0.0
chb03_01.edf,1820.0,1825.0,0,0,0.0
chb03_01.edf,1825.0,1830.0,0,0,0.0
chb03_01.edf,1830.0,1835.0,0,0,0.0
chb03_01.edf,1835.0,1840.0,0,0,0.0
chb03_01.edf,1840.0,1845.0,0,0,0.0
chb03_01.edf,1845.0,1850.0,0,0,0.0
chb03_01.edf,1850.0,1855.0,0,0,0.0
chb03_01.edf,1855.0,1860.0,0,0,0.0
chb03_01.edf,1860.0,1865.0,0,0,0.0
chb03_01.edf,1865.0,1870.0,0,0,0.0
chb03_01.edf,1870.0,1875.0,0,0,0.0
chb03_01.edf,1875.0,1880.0,0,0,0.0
chb03_01.edf,1880.0,1885.0,0,0,0.0
chb03_01.edf,1885.0,1890.0,0,0,0.0
chb03_01.edf,1890.0,1895.0,0,0,0.0
chb03_01.edf,1895.0,1900.0,0,0,0.0
chb03_01.edf,1900.0,1905.0,0,0,0.0
chb03_01.edf,1905.0,1910.0,0,0,0.0
chb03_01.edf,1910.0,1915.0,0,0,0.0
chb03_01.edf,1915.0,1920.0,0,0,0.0
chb03_01.edf,1920.0,1925.0,0,0,0.0
chb03_01.edf,1925.0,1930.0,0,0,0.0
chb03_01.edf,1930.0,1935.0,0,0,0.0
chb03_01.edf,1935.0,1940.0,0,0,0.0
chb03_01.edf,1940.0,1945.0,0,0,0.0
chb03_01.edf,1945.0,1950.0,0,0,0.0
chb03_01.edf,1950.0,1955.0,0,0,0.0
chb03_01.edf,1955.0,1960.0,0,0,0.0
chb03_01.edf,1960.0,1965.0,0,0,0.0
chb03_01.edf,1965.0,1970.0,0,0,0.0
chb03_01.edf,1970.0,1975.0,0,0,0.0
chb03_01.edf,1975.0,1980.0,0,0,0.0
chb03_01.edf,1980.0,1985.0,0,0,0.0
chb03_01.edf,1985.0,1990.0,0,0,0.0
chb03_01.edf,1990.0,1995.0,0,0,0.0
chb03_01.edf,1995.0,2000.0,0,0,0.0
chb03_01.edf,2000.0,2005.0,0,0,0.0
chb03_01.edf,2005.0,2010.0,0,0,0.0
chb03_01.edf,2010.0,2015.0,0,0,0.0
chb03_01.edf,2015.0,2020.0,0,0,0.0
chb03_01.edf,2020.0,2025.0,0,0,0.0
chb03_01.edf,2025.0,2030.0,0,0,0.0
chb03_01.edf,2030.0,2035.0,0,0,0.0
chb03_01.edf,2035.0,2040.0,0,0,0.0
chb03_01.edf,2040.0,2045.0,0,0,0.0
chb03_01.edf,2045.0,2050.0,0,0,0.0
chb03_01.edf,2050.0,2055.0,0,0,0.0
chb03_01.edf,2055.0,2060.0,0,0,0.0
chb03_01.edf,2060.0,2065.0,0,0,0.0
chb03_01.edf,2065.0,2070.0,0,0,0.0
chb03_01.edf,2070.0,2075.0,0,0,0.0
chb03_01.edf,2075.0,2080.0,0,0,0.0
chb03_01.edf,2080.0,2085.0,0,0,0.0
chb03_01.edf,2085.0,2090.0,0,0,0.0
chb03_01.edf,2090.0,2095.0,0,0,0.0
chb03_01.edf,2095.0,2100.0,0,0,0.0
chb03_01.edf,2100.0,2105.0,0,0,0.0
chb03_01.edf,2105.0,2110.0,0,0,0.0
chb03_01.edf,2110.0,2115.0,0,0,0.0
chb03_01.edf,2115.0,2120.0,0,0,0.0
chb03_01.edf,2120.0,2125.0,0,0,0.0
chb03_01.edf,2125.0,2130.0,0,0,0.0
chb03_01.edf,2130.0,2135.0,0,0,0.0
chb03_01.edf,2135.0,2140.0,0,0,0.0
chb03_01.edf,2140.0,2145.0,0,0,0.0
chb03_01.edf,2145.0,2150.0,0,0,0.0
chb03_01.edf,2150.0,2155.0,0,0,0.0
chb03_01.edf,2155.0,2160.0,0,0,0.0
chb03_01.edf,2160.0,2165.0,0,0,0.0
chb03_01.edf,2165.0,2170.0,0,0,0.0
chb03_01.edf,2170.0,2175.0,0,0,0.0
chb03_01.edf,2175.0,2180.0,0,0,0.0
chb03_01.edf,2180.0,2185.0,0,0,0.0
chb03_01.edf,2185.0,2190.0,0,0,0.0
chb03_01.edf,2190.0,2195.0,0,0,0.0
chb03_01.edf,2195.0,2200.0,0,0,0.0
chb03_01.edf,2200.0,2205.0,0,0,0.0
chb03_01.edf,2205.0,2210.0,0,0,0.0
chb03_01.edf,2210.0,2215.0,0,0,0.0
chb03_01.edf,2215.0,2220.0,0,0,0.0
chb03_01.edf,2220.0,2225.0,0,0,0.0
chb03_01.edf,2225.0,2230.0,0,0,0.0
chb03_01.edf,2230.0,2235.0,0,0,0.0
chb03_01.edf,2235.0,2240.0,0,0,0.0
chb03_01.edf,2240.0,2245.0,0,0,0.0
chb03_01.edf,2245.0,2250.0,0,0,0.0
chb03_01.edf,2250.0,2255.0,0,0,0.0
chb03_01.edf,2255.0,2260.0,0,0,0.0
chb03_01.edf,2260.0,2265.0,0,0,0.0
chb03_01.edf,2265.0,2270.0,0,0,0.0
chb03_01.edf,2270.0,2275.0,0,0,0.0
chb03_01.edf,2275.0,2280.0,0,0,0.0
chb03_01.edf,2280.0,2285.0,0,0,0.0
chb03_01.edf,2285.0,2290.0,0,0,0.0
chb03_01.edf,2290.0,2295.0,0,0,0.0
chb03_01.edf,2295.0,2300.0,0,0,0.0
chb03_01.edf,2300.0,2305.0,0,0,0.0
chb03_01.edf,2305.0,2310.0,0,0,0.0
chb03_01.edf,2310.0,2315.0,0,0,0.0
chb03_01.edf,2315.0,2320.0,0,0,0.0
chb03_01.edf,2320.0,2325.0,0,0,0.0
chb03_01.edf,2325.0,2330.0,0,0,0.0
chb03_01.edf,2330.0,2335.0,0,0,0.0
chb03_01.edf,2335.0,2340.0,0,0,0.0
chb03_01.edf,2340.0,2345.0,0,0,0.0
chb03_01.edf,2345.0,2350.0,0,0,0.0
chb03_01.edf,2350.0,2355.0,0,0,0.0
chb03_01.edf,2355.0,2360.0,0,0,0.0
chb03_01.edf,2360.0,2365.0,0,0,0.0
chb03_01.edf,2365.0,2370.0,0,0,0.0
chb03_01.edf,2370.0,2375.0,0,0,0.0
chb03_01.edf,2375.0,2380.0,0,0,0.0
chb03_01.edf,2380.0,2385.0,0,0,0.0
chb03_01.edf,2385.0,2390.0,0,0,0.0
chb03_01.edf,2390.0,2395.0,0,0,0.0
chb03_01.edf,2395.0,2400.0,0,0,0.0
chb03_01.edf,2400.0,2405.0,0,0,0.0
chb03_01.edf,2405.0,2410.0,0,0,0.0
chb03_01.edf,2410.0,2415.0,0,0,0.0
chb03_01.edf,2415.0,2420.0,0,0,0.0
chb03_01.edf,2420.0,2425.0,0,0,0.0
chb03_01.edf,2425.0,2430.0,0,0,0.0
chb03_01.edf,2430.0,2435.0,0,0,0.0
chb03_01.edf,2435.0,2440.0,0,0,0.0
chb03_01.edf,2440.0,2445.0,0,0,0.0
chb03_01.edf,2445.0,2450.0,0,0,0.0
chb03_01.edf,2450.0,2455.0,0,0,0.0
chb03_01.edf,2455.0,2460.0,0,0,0.0
chb03_01.edf,2460.0,2465.0,0,0,0.0
chb03_01.edf,2465.0,2470.0,0,0,0.0
chb03_01.edf,2470.0,2475.0,0,0,0.0
chb03_01.edf,2475.0,2480.0,0,0,0.0
chb03_01.edf,2480.0,2485.0,0,0,0.0
chb03_01.edf,2485.0,2490.0,0,0,0.0
chb03_01.edf,2490.0,2495.0,0,0,0.0
chb03_01.edf,2495.0,2500.0,0,0,0.0
chb03_01.edf,2500.0,2505.0,0,0,0.0
chb03_01.edf,2505.0,2510.0,0,0,0.0
chb03_01.edf,2510.0,2515.0,0,0,0.0
chb03_01.edf,2515.0,2520.0,0,0,0.0
chb03_01.edf,2520.0,2525.0,0,0,0.0
chb03_01.edf,2525.0,2530.0,0,0,0.0
chb03_01.edf,2530.0,2535.0,0,0,0.0
chb03_01.edf,2535.0,2540.0,0,0,0.0
chb03_01.edf,2540.0,2545.0,0,0,0.0
chb03_01.edf,2545.0,2550.0,0,0,0.0
chb03_01.edf,2550.0,2555.0,0,0,0.0
chb03_01.edf,2555.0,2560.0,0,0,0.0
chb03_01.edf,2560.0,2565.0,0,0,0.0
chb03_01.edf,2565.0,2570.0,0,0,0.0
chb03_01.edf,2570.0,2575.0,0,0,0.0
chb03_01.edf,2575.0,2580.0,0,0,0.0
chb03_01.edf,2580.0,2585.0,0,0,0.0
chb03_01.edf,2585.0,2590.0,0,0,0.0
chb03_01.edf,2590.0,2595.0,0,0,0.0
chb03_01.edf,2595.0,2600.0,0,0,0.0
chb03_01.edf,2600.0,2605.0,0,0,0.0
chb03_01.edf,2605.0,2610.0,0,0,0.0
chb03_01.edf,2610.0,2615.0,0,0,0.0
chb03_01.edf,2615.0,2620.0,0,0,0.0
chb03_01.edf,2620.0,2625.0,0,0,0.0
chb03_01.edf,2625.0,2630.0,0,0,0.0
chb03_01.edf,2630.0,2635.0,0,0,0.0
chb03_01.edf,2635.0,2640.0,0,0,0.0
chb03_01.edf,2640.0,2645.0,0,0,0.0
chb03_01.edf,2645.0,2650.0,0,0,0.0
chb03_01.edf,2650.0,2655.0,0,0,0.0
chb03_01.edf,2655.0,2660.0,0,0,0.0
chb03_01.edf,2660.0,2665.0,0,0,0.0
chb03_01.edf,2665.0,2670.0,0,0,0.0
chb03_01.edf,2670.0,2675.0,0,0,0.0
chb03_01.edf,2675.0,2680.0,0,0,0.0
chb03_01.edf,2680.0,2685.0,0,0,0.0
chb03_01.edf,2685.0,2690.0,0,0,0.0
chb03_01.edf,2690.0,2695.0,0,0,0.0
chb03_01.edf,2695.0,2700.0,0,0,0.0
chb03_01.edf,2700.0,2705.0,0,0,0.0
chb03_01.edf,2705.0,2710.0,0,0,0.0
chb03_01.edf,2710.0,2715.0,0,0,0.0
chb03_01.edf,2715.0,2720.0,0,0,0.0
chb03_01.edf,2720.0,2725.0,0,0,0.0
chb03_01.edf,2725.0,2730.0,0,0,0.0
chb03_01.edf,2730.0,2735.0,0,0,0.0
chb03_01.edf,2735.0,2740.0,0,0,0.0
chb03_01.edf,2740.0,2745.0,0,0,0.0
chb03_01.edf,2745.0,2750.0,0,0,0.0
chb03_01.edf,2750.0,2755.0,0,0,0.0
chb03_01.edf,2755.0,2760.0,0,0,0.0
chb03_01.edf,2760.0,2765.0,0,0,0.0
chb03_01.edf,2765.0,2770.0,0,0,0.0
chb03_01.edf,2770.0,2775.0,0,0,0.0
chb03_01.edf,2775.0,2780.0,0,0,0.0
chb03_01.edf,2780.0,2785.0,0,0,0.0
chb03_01.edf,2785.0,2790.0,0,0,0.0
chb03_01.edf,2790.0,2795.0,0,0,0.0
chb03_01.edf,2795.0,2800.0,0,0,0.0
chb03_01.edf,2800.0,2805.0,0,0,0.0
chb03_01.edf,2805.0,2810.0,0,0,0.0
chb03_01.edf,2810.0,2815.0,0,0,0.0
chb03_01.edf,2815.0,2820.0,0,0,0.0
chb03_01.edf,2820.0,2825.0,0,0,0.0
chb03_01.edf,2825.0,2830.0,0,0,0.0
chb03_01.edf,2830.0,2835.0,0,0,0.0
chb03_01.edf,2835.0,2840.0,0,0,0.0
chb03_01.edf,2840.0,2845.0,0,0,0.0
chb03_01.edf,2845.0,2850.0,0,0,0.0
chb03_01.edf,2850.0,2855.0,0,0,0.0
chb03_01.edf,2855.0,2860.0,0,0,0.0
chb03_01.edf,2860.0,2865.0,0,0,0.0
chb03_01.edf,2865.0,2870.0,0,0,0.0
chb03_01.edf,2870.0,2875.0,0,0,0.0
chb03_01.edf,2875.0,2880.0,0,0,0.0
chb03_01.edf,2880.0,2885.0,0,0,0.0
chb03_01.edf,2885.0,2890.0,0,0,0.0
chb03_01.edf,2890.0,2895.0,0,0,0.0
chb03_01.edf,2895.0,2900.0,0,0,0.0
chb03_01.edf,2900.0,2905.0,0,0,0.0
chb03_01.edf,2905.0,2910.0,0,0,0.0
chb03_01.edf,2910.0,2915.0,0,0,0.0
chb03_01.edf,2915.0,2920.0,0,0,0.0
chb03_01.edf,2920.0,2925.0,0,0,0.0
chb03_01.edf,2925.0,2930.0,0,0,0.0
chb03_01.edf,2930.0,2935.0,0,0,0.0
chb03_01.edf,2935.0,2940.0,0,0,0.0
chb03_01.edf,2940.0,2945.0,0,0,0.0
chb03_01.edf,2945.0,2950.0,0,0,0.0
chb03_01.edf,2950.0,2955.0,0,0,0.0
chb03_01.edf,2955.0,2960.0,0,0,0.0
chb03_01.edf,2960.0,2965.0,0,0,0.0
chb03_01.edf,2965.0,2970.0,0,0,0.0
chb03_01.edf,2970.0,2975.0,0,0,0.0
chb03_01.edf,2975.0,2980.0,0,0,0.0
chb03_01.edf,2980.0,2985.0,0,0,0.0
chb03_01.edf,2985.0,2990.0,0,0,0.0
chb03_01.edf,2990.0,2995.0,0,0,0.0
chb03_01.edf,2995.0,3000.0,0,0,0.0
chb03_01.edf,3000.0,3005.0,0,0,0.0
chb03_01.edf,3005.0,3010.0,0,0,0.0
chb03_01.edf,3010.0,3015.0,0,0,0.0
chb03_01.edf,3015.0,3020.0,0,0,0.0
chb03_01.edf,3020.0,3025.0,0,0,0.0
chb03_01.edf,3025.0,3030.0,0,0,0.0
chb03_01.edf,3030.0,3035.0,0,0,0.0
chb03_01.edf,3035.0,3040.0,0,0,0.0
chb03_01.edf,3040.0,3045.0,0,0,0.0
chb03_01.edf,3045.0,3050.0,0,0,0.0
chb03_01.edf,3050.0,3055.0,0,0,0.0
chb03_01.edf,3055.0,3060.0,0,0,0.0
chb03_01.edf,3060.0,3065.0,0,0,0.0
chb03_01.edf,3065.0,3070.0,0,0,0.0
chb03_01.edf,3070.0,3075.0,0,0,0.0
chb03_01.edf,3075.0,3080.0,0,0,0.0
chb03_01.edf,3080.0,3085.0,0,0,0.0
chb03_01.edf,3085.0,3090.0,0,0,0.0
chb03_01.edf,3090.0,3095.0,0,0,0.0
chb03_01.edf,3095.0,3100.0,0,0,0.0
chb03_01.edf,3100.0,3105.0,0,0,0.0
chb03_01.edf,3105.0,3110.0,0,0,0.0
chb03_01.edf,3110.0,3115.0,0,0,0.0
chb03_01.edf,3115.0,3120.0,0,0,0.0
chb03_01.edf,3120.0,3125.0,0,0,0.0
chb03_01.edf,3125.0,3130.0,0,0,0.0
chb03_01.edf,3130.0,3135.0,0,0,0.0
chb03_01.edf,3135.0,3140.0,0,0,0.0
chb03_01.edf,3140.0,3145.0,0,0,0.0
chb03_01.edf,3145.0,3150.0,0,0,0.0
chb03_01.edf,3150.0,3155.0,0,0,0.0
chb03_01.edf,3155.0,3160.0,0,0,0.0
chb03_01.edf,3160.0,3165.0,0,0,0.0
chb03_01.edf,3165.0,3170.0,0,0,0.0
chb03_01.edf,3170.0,3175.0,0,0,0.0
chb03_01.edf,3175.0,3180.0,0,0,0.0
chb03_01.edf,3180.0,3185.0,0,0,0.0
chb03_01.edf,3185.0,3190.0,0,0,0.0
chb03_01.edf,3190.0,3195.0,0,0,0.0
chb03_01.edf,3195.0,3200.0,0,0,0.0
chb03_01.edf,3200.0,3205.0,0,0,0.0
chb03_01.edf,3205.0,3210.0,0,0,0.0
chb03_01.edf,3210.0,3215.0,0,0,0.0
chb03_01.edf,3215.0,3220.0,0,0,0.0
chb03_01.edf,3220.0,3225.0,0,0,0.0
chb03_01.edf,3225.0,3230.0,0,0,0.0
chb03_01.edf,3230.0,3235.0,0,0,0.0
chb03_01.edf,3235.0,3240.0,0,0,0.0
chb03_01.edf,3240.0,3245.0,0,0,0.0
chb03_01.edf,3245.0,3250.0,0,0,0.0
chb03_01.edf,3250.0,3255.0,0,0,0.0
chb03_01.edf,3255.0,3260.0,0,0,0.0
chb03_01.edf,3260.0,3265.0,0,0,0.0
chb03_01.edf,3265.0,3270.0,0,0,0.0
chb03_01.edf,3270.0,3275.0,0,0,0.0
chb03_01.edf,3275.0,3280.0,0,0,0.0
chb03_01.edf,3280.0,3285.0,0,0,0.0
chb03_01.edf,3285.0,3290.0,0,0,0.0
chb03_01.edf,3290.0,3295.0,0,0,0.0
chb03_01.edf,3295.0,3300.0,0,0,0.0
chb03_01.edf,3300.0,3305.0,0,0,0.0
chb03_01.edf,3305.0,3310.0,0,0,0.0
chb03_01.edf,3310.0,3315.0,0,0,0.0
chb03_01.edf,3315.0,3320.0,0,0,0.0
chb03_01.edf,3320.0,3325.0,0,0,0.0
chb03_01.edf,3325.0,3330.0,0,0,0.0
chb03_01.edf,3330.0,3335.0,0,0,0.0
chb03_01.edf,3335.0,3340.0,0,0,0.0
chb03_01.edf,3340.0,3345.0,0,0,0.0
chb03_01.edf,3345.0,3350.0,0,0,0.0
chb03_01.edf,3350.0,3355.0,0,0,0.0
chb03_01.edf,3355.0,3360.0,0,0,0.0
chb03_01.edf,3360.0,3365.0,0,0,0.0
chb03_01.edf,3365.0,3370.0,0,0,0.0
chb03_01.edf,3370.0,3375.0,0,0,0.0
chb03_01.edf,3375.0,3380.0,0,0,0.0
chb03_01.edf,3380.0,3385.0,0,0,0.0
chb03_01.edf,3385.0,3390.0,0,0,0.0
chb03_01.edf,3390.0,3395.0,0,0,0.0
chb03_01.edf,3395.0,3400.0,0,0,0.0
chb03_01.edf,3400.0,3405.0,0,0,0.0
chb03_01.edf,3405.0,3410.0,0,0,0.0
chb03_01.edf,3410.0,3415.0,0,0,0.0
chb03_01.edf,3415.0,3420.0,0,0,0.0
chb03_01.edf,3420.0,3425.0,0,0,0.0
chb03_01.edf,3425.0,3430.0,0,0,0.0
chb03_01.edf,3430.0,3435.0,0,0,0.0
chb03_01.edf,3435.0,3440.0,0,0,0.0
chb03_01.edf,3440.0,3445.0,0,0,0.0
chb03_01.edf,3445.0,3450.0,0,0,0.0
chb03_01.edf,3450.0,3455.0,0,0,0.0
chb03_01.edf,3455.0,3460.0,0,0,0.0
chb03_01.edf,3460.0,3465.0,0,0,0.0
chb03_01.edf,3465.0,3470.0,0,0,0.0
chb03_01.edf,3470.0,3475.0,0,0,0.0
chb03_01.edf,3475.0,3480.0,0,0,0.0
chb03_01.edf,3480.0,3485.0,0,0,0.0
chb03_01.edf,3485.0,3490.0,0,0,0.0
chb03_01.edf,3490.0,3495.0,0,0,0.0
chb03_01.edf,3495.0,3500.0,0,0,0.0
chb03_01.edf,3500.0,3505.0,0,0,0.0
chb03_01.edf,3505.0,3510.0,0,0,0.0
chb03_01.edf,3510.0,3515.0,0,0,0.0
chb03_01.edf,3515.0,3520.0,0,0,0.0
chb03_01.edf,3520.0,3525.0,0,0,0.0
chb03_01.edf,3525.0,3530.0,0,0,0.0
chb03_01.edf,3530.0,3535.0,0,0,0.0
chb03_01.edf,3535.0,3540.0,0,0,0.0
chb03_01.edf,3540.0,3545.0,0,0,0.0
chb03_01.edf,3545.0,3550.0,0,0,0.0
chb03_01.edf,3550.0,3555.0,0,0,0.0
chb03_01.edf,3555.0,3560.0,0,0,0.0
chb03_01.edf,3560.0,3565.0,0,0,0.0
chb03_01.edf,3565.0,3570.0,0,0,0.0
chb03_01.edf,3570.0,3575.0,0,0,0.0
chb03_01.edf,3575.0,3580.0,0,0,0.0
chb03_01.edf,3580.0,3585.0,0,0,0.0
chb03_01.edf,3585.0,3590.0,0,0,0.0
chb03_01.edf,3590.0,3595.0,0,0,0.0
chb03_15.edf,0.0,5.0,0,0,0.0
chb03_15.edf,5.0,10.0,0,0,0.0
chb03_15.edf,10.0,15.0,0,0,0.0
chb03_15.edf,15.0,20.0,0,0,0.0
chb03_15.edf,20.0,25.0,0,0,0.0
chb03_15.edf,25.0,30.0,0,0,0.0
chb03_15.edf,30.0,35.0,0,0,0.0
chb03_15.edf,35.0,40.0,0,0,0.0
chb03_15.edf,40.0,45.0,0,0,0.0
chb03_15.edf,45.0,50.0,0,0,0.0
chb03_15.edf,50.0,55.0,0,0,0.0
chb03_15.edf,55.0,60.0,0,0,0.0
chb03_15.edf,60.0,65.0,0,0,0.0
chb03_15.edf,65.0,70.0,0,0,0.0
chb03_15.edf,70.0,75.0,0,0,0.0
chb03_15.edf,75.0,80.0,0,0,0.0
chb03_15.edf,80.0,85.0,0,0,0.0
chb03_15.edf,85.0,90.0,0,0,0.0
chb03_15.edf,90.0,95.0,0,0,0.0
chb03_15.edf,95.0,100.0,0,0,0.0
chb03_15.edf,100.0,105.0,0,0,0.0
chb03_15.edf,105.0,110.0,0,0,0.0
chb03_15.edf,110.0,115.0,0,0,0.0
chb03_15.edf,115.0,120.0,0,0,0.0
chb03_15.edf,120.0,125.0,0,0,0.0
chb03_15.edf,125.0,130.0,0,0,0.0
chb03_15.edf,130.0,135.0,0,0,0.0
chb03_15.edf,135.0,140.0,0,0,0.0
chb03_15.edf,140.0,145.0,0,0,0.0
chb03_15.edf,145.0,150.0,0,0,0.0
chb03_15.edf,150.0,155.0,0,0,0.0
chb03_15.edf,155.0,160.0,0,0,0.0
chb03_15.edf,160.0,165.0,0,0,0.0
chb03_15.edf,165.0,170.0,0,0,0.0
chb03_15.edf,170.0,175.0,0,0,0.0
chb03_15.edf,175.0,180.0,0,0,0.0
chb03_15.edf,180.0,185.0,0,0,0.0
chb03_15.edf,185.0,190.0,0,0,0.0
chb03_15.edf,190.0,195.0,0,0,0.0
chb03_15.edf,195.0,200.0,0,0,0.0
chb03_15.edf,200.0,205.0,0,0,0.0
chb03_15.edf,205.0,210.0,0,0,0.0
chb03_15.edf,210.0,215.0,0,0,0.0
chb03_15.edf,215.0,220.0,0,0,0.0
chb03_15.edf,220.0,225.0,0,0,0.0
chb03_15.edf,225.0,230.0,0,0,0.0
chb03_15.edf,230.0,235.0,0,0,0.0
chb03_15.edf,235.0,240.0,0,0,0.0
chb03_15.edf,240.0,245.0,0,0,0.0
chb03_15.edf,245.0,250.0,0,0,0.0
chb03_15.edf,250.0,255.0,0,0,0.0
chb03_15.edf,255.0,260.0,0,0,0.0
chb03_15.edf,260.0,265.0,0,0,0.0
chb03_15.edf,265.0,270.0,0,0,0.0
chb03_15.edf,270.0,275.0,0,0,0.0
chb03_15.edf,275.0,280.0,0,0,0.0
chb03_15.edf,280.0,285.0,0,0,0.0
chb03_15.edf,285.0,290.0,0,0,0.0
chb03_15.edf,290.0,295.0,0,0,0.0
chb03_15.edf,295.0,300.0,0,0,0.0
chb03_15.edf,300.0,305.0,0,0,0.0
chb03_15.edf,305.0,310.0,0,0,0.0
chb03_15.edf,310.0,315.0,0,0,0.0
chb03_15.edf,315.0,320.0,0,0,0.0
chb03_15.edf,320.0,325.0,0,0,0.0
chb03_15.edf,325.0,330.0,0,0,0.0
chb03_15.edf,330.0,335.0,0,0,0.0
chb03_15.edf,335.0,340.0,0,0,0.0
chb03_15.edf,340.0,345.0,0,0,0.0
chb03_15.edf,345.0,350.0,0,0,0.0
chb03_15.edf,350.0,355.0,0,0,0.0
chb03_15.edf,355.0,360.0,0,0,0.0
chb03_15.edf,360.0,365.0,0,0,0.0
chb03_15.edf,365.0,370.0,0,0,0.0
chb03_15.edf,370.0,375.0,0,0,0.0
chb03_15.edf,375.0,380.0,0,0,0.0
chb03_15.edf,380.0,385.0,0,0,0.0
chb03_15.edf,385.0,390.0,0,0,0.0
chb03_15.edf,390.0,395.0,0,0,0.0
chb03_15.edf,395.0,400.0,0,0,0.0033333333333333335
chb03_15.edf,400.0,405.0,0,0,0.0
chb03_15.edf,405.0,410.0,0,0,0.0
chb03_15.edf,410.0,415.0,0,0,0.0
chb03_15.edf,415.0,420.0,0,0,0.0
chb03_15.edf,420.0,425.0,0,0,0.0
chb03_15.edf,425.0,430.0,0,0,0.0
chb03_15.edf,430.0,435.0,0,0,0.0
chb03_15.edf,435.0,440.0,0,0,0.0
chb03_15.edf,440.0,445.0,0,0,0.0
chb03_15.edf,445.0,450.0,0,0,0.0
chb03_15.edf,450.0,455.0,0,0,0.0
chb03_15.edf,455.0,460.0,0,0,0.0
chb03_15.edf,460.0,465.0,0,0,0.0
chb03_15.edf,465.0,470.0,0,0,0.0
chb03_15.edf,470.0,475.0,0,0,0.0
chb03_15.edf,475.0,480.0,0,0,0.0
chb03_15.edf,480.0,485.0,0,0,0.0
chb03_15.edf,485.0,490.0,0,0,0.0
chb03_15.edf,490.0,495.0,0,0,0.0
chb03_15.edf,495.0,500.0,0,0,0.0
chb03_15.edf,500.0,505.0,0,0,0.0
chb03_15.edf,505.0,510.0,0,0,0.0
chb03_15.edf,510.0,515.0,0,0,0.0
chb03_15.edf,515.0,520.0,0,0,0.0
chb03_15.edf,520.0,525.0,0,0,0.0
chb03_15.edf,525.0,530.0,0,0,0.0
chb03_15.edf,530.0,535.0,0,0,0.0
chb03_15.edf,535.0,540.0,0,0,0.0
chb03_15.edf,540.0,545.0,0,0,0.0
chb03_15.edf,545.0,550.0,0,0,0.0
chb03_15.edf,550.0,555.0,0,0,0.0
chb03_15.edf,555.0,560.0,0,0,0.0
chb03_15.edf,560.0,565.0,0,0,0.0
chb03_15.edf,565.0,570.0,0,0,0.0
chb03_15.edf,570.0,575.0,0,0,0.0
chb03_15.edf,575.0,580.0,0,0,0.0
chb03_15.edf,580.0,585.0,0,0,0.0
chb03_15.edf,585.0,590.0,0,0,0.0
chb03_15.edf,590.0,595.0,0,0,0.0
chb03_15.edf,595.0,600.0,0,0,0.0
chb03_15.edf,600.0,605.0,0,0,0.0
chb03_15.edf,605.0,610.0,0,0,0.0
chb03_15.edf,610.0,615.0,0,0,0.003113193839000284
chb03_15.edf,615.0,620.0,0,0,0.0
chb03_15.edf,620.0,625.0,0,0,0.003113193839000284
chb03_15.edf,625.0,630.0,0,0,0.006666666666666667
chb03_15.edf,630.0,635.0,0,0,0.0
chb03_15.edf,635.0,640.0,0,0,0.0
chb03_15.edf,640.0,645.0,0,0,0.006635315919071917
chb03_15.edf,645.0,650.0,0,0,0.0033333333333333335
chb03_15.edf,650.0,655.0,0,0,0.0033333333333333335
chb03_15.edf,655.0,660.0,0,0,0.0
chb03_15.edf,660.0,665.0,0,0,0.0
chb03_15.edf,665.0,670.0,0,0,0.0
chb03_15.edf,670.0,675.0,0,0,0.0033333333333333335
chb03_15.edf,675.0,680.0,0,0,0.0033333333333333335
chb03_15.edf,680.0,685.0,0,0,0.0
chb03_15.edf,685.0,690.0,0,0,0.0
chb03_15.edf,690.0,695.0,0,0,0.0
chb03_15.edf,695.0,700.0,0,0,0.0033333333333333335
chb03_15.edf,700.0,705.0,0,0,0.0
chb03_15.edf,705.0,710.0,0,0,0.0
chb03_15.edf,710.0,715.0,0,0,0.0
chb03_15.edf,715.0,720.0,0,0,0.0
chb03_15.edf,720.0,725.0,0,0,0.0
chb03_15.edf,725.0,730.0,0,0,0.0
chb03_15.edf,730.0,735.0,0,0,0.0
chb03_15.edf,735.0,740.0,0,0,0.0
chb03_15.edf,740.0,745.0,0,0,0.0
chb03_15.edf,745.0,750.0,0,0,0.0
chb03_15.edf,750.0,755.0,0,0,0.0
chb03_15.edf,755.0,760.0,0,0,0.0
chb03_15.edf,760.0,765.0,0,0,0.0
chb03_15.edf,765.0,770.0,0,0,0.0
chb03_15.edf,770.0,775.0,0,0,0.0
chb03_15.edf,775.0,780.0,0,0,0.0
chb03_15.edf,780.0,785.0,0,0,0.0
chb03_15.edf,785.0,790.0,0,0,0.0
chb03_15.edf,790.0,795.0,0,0,0.0
chb03_15.edf,795.0,800.0,0,0,0.0
chb03_15.edf,800.0,805.0,0,0,0.0
chb03_15.edf,805.0,810.0,0,0,0.0
chb03_15.edf,810.0,815.0,0,0,0.0
chb03_15.edf,815.0,820.0,0,0,0.0
chb03_15.edf,820.0,825.0,0,0,0.0
chb03_15.edf,825.0,830.0,0,0,0.0
chb03_15.edf,830.0,835.0,0,0,0.0
chb03_15.edf,835.0,840.0,0,0,0.0
chb03_15.edf,840.0,845.0,0,0,0.0
chb03_15.edf,845.0,850.0,0,0,0.0
chb03_15.edf,850.0,855.0,0,0,0.0
chb03_15.edf,855.0,860.0,0,0,0.0
chb03_15.edf,860.0,865.0,0,0,0.0
chb03_15.edf,865.0,870.0,0,0,0.0
chb03_15.edf,870.0,875.0,0,0,0.0
chb03_15.edf,875.0,880.0,0,0,0.0
chb03_15.edf,880.0,885.0,0,0,0.0
chb03_15.edf,885.0,890.0,0,0,0.0
chb03_15.edf,890.0,895.0,0,0,0.0
chb03_15.edf,895.0,900.0,0,0,0.0
chb03_15.edf,900.0,905.0,0,0,0.0
chb03_15.edf,905.0,910.0,0,0,0.0
chb03_15.edf,910.0,915.0,0,0,0.0
chb03_15.edf,915.0,920.0,0,0,0.0
chb03_15.edf,920.0,925.0,0,0,0.0
chb03_15.edf,925.0,930.0,0,0,0.0
chb03_15.edf,930.0,935.0,0,0,0.0
chb03_15.edf,935.0,940.0,0,0,0.0
chb03_15.edf,940.0,945.0,0,0,0.0
chb03_15.edf,945.0,950.0,0,0,0.0
chb03_15.edf,950.0,955.0,0,0,0.0
chb03_15.edf,955.0,960.0,0,0,0.0
chb03_15.edf,960.0,965.0,0,0,0.0
chb03_15.edf,965.0,970.0,0,0,0.0
chb03_15.edf,970.0,975.0,0,0,0.0
chb03_15.edf,975.0,980.0,0,0,0.0
chb03_15.edf,980.0,985.0,0,0,0.0
chb03_15.edf,985.0,990.0,0,0,0.0
chb03_15.edf,990.0,995.0,0,0,0.0
chb03_15.edf,995.0,1000.0,0,0,0.0
chb03_15.edf,1000.0,1005.0,0,0,0.0
chb03_15.edf,1005.0,1010.0,0,0,0.0
chb03_15.edf,1010.0,1015.0,0,0,0.0
chb03_15.edf,1015.0,1020.0,0,0,0.0
chb03_15.edf,1020.0,1025.0,0,0,0.0
chb03_15.edf,1025.0,1030.0,0,0,0.0
chb03_15.edf,1030.0,1035.0,0,0,0.0
chb03_15.edf,1035.0,1040.0,0,0,0.0
chb03_15.edf,1040.0,1045.0,0,0,0.0
chb03_15.edf,1045.0,1050.0,0,0,0.0
chb03_15.edf,1050.0,1055.0,0,0,0.0
chb03_15.edf,1055.0,1060.0,0,0,0.0
chb03_15.edf,1060.0,1065.0,0,0,0.0
chb03_15.edf,1065.0,1070.0,0,0,0.0
chb03_15.edf,1070.0,1075.0,0,0,0.0
chb03_15.edf,1075.0,1080.0,0,0,0.0
chb03_15.edf,1080.0,1085.0,0,0,0.0
chb03_15.edf,1085.0,1090.0,0,0,0.0
chb03_15.edf,1090.0,1095.0,0,0,0.0
chb03_15.edf,1095.0,1100.0,0,0,0.0
chb03_15.edf,1100.0,1105.0,0,0,0.0
chb03_15.edf,1105.0,1110.0,0,0,0.0
chb03_15.edf,1110.0,1115.0,0,0,0.0
chb03_15.edf,1115.0,1120.0,0,0,0.0
chb03_15.edf,1120.0,1125.0,0,0,0.0
chb03_15.edf,1125.0,1130.0,0,0,0.0
chb03_15.edf,1130.0,1135.0,0,0,0.0
chb03_15.edf,1135.0,1140.0,0,0,0.0
chb03_15.edf,1140.0,1145.0,0,0,0.0
chb03_15.edf,1145.0,1150.0,0,0,0.0
chb03_15.edf,1150.0,1155.0,0,0,0.0
chb03_15.edf,1155.0,1160.0,0,0,0.0
chb03_15.edf,1160.0,1165.0,0,0,0.0
chb03_15.edf,1165.0,1170.0,0,0,0.0
chb03_15.edf,1170.0,1175.0,0,0,0.0
chb03_15.edf,1175.0,1180.0,0,0,0.0
chb03_15.edf,1180.0,1185.0,0,0,0.0
chb03_15.edf,1185.0,1190.0,0,0,0.0
chb03_15.edf,1190.0,1195.0,0,0,0.0
chb03_15.edf,1195.0,1200.0,0,0,0.0
chb03_15.edf,1200.0,1205.0,0,0,0.0
chb03_15.edf,1205.0,1210.0,0,0,0.0
chb03_15.edf,1210.0,1215.0,0,0,0.0
chb03_15.edf,1215.0,1220.0,0,0,0.0
chb03_15.edf,1220.0,1225.0,0,0,0.0
chb03_15.edf,1225.0,1230.0,0,0,0.0
chb03_15.edf,1230.0,1235.0,0,0,0.0
chb03_15.edf,1235.0,1240.0,0,0,0.0
chb03_15.edf,1240.0,1245.0,0,0,0.0
chb03_15.edf,1245.0,1250.0,0,0,0.0
chb03_15.edf,1250.0,1255.0,0,0,0.0
chb03_15.edf,1255.0,1260.0,0,0,0.0
chb03_15.edf,1260.0,1265.0,0,0,0.0
chb03_15.edf,1265.0,1270.0,0,0,0.0
chb03_15.edf,1270.0,1275.0,0,0,0.0
chb03_15.edf,1275.0,1280.0,0,0,0.0
chb03_15.edf,1280.0,1285.0,0,0,0.0
chb03_15.edf,1285.0,1290.0,0,0,0.0
chb03_15.edf,1290.0,1295.0,0,0,0.0
chb03_15.edf,1295.0,1300.0,0,0,0.0
chb03_15.edf,1300.0,1305.0,0,0,0.0
chb03_15.edf,1305.0,1310.0,0,0,0.0
chb03_15.edf,1310.0,1315.0,0,0,0.0
chb03_15.edf,1315.0,1320.0,0,0,0.0
chb03_15.edf,1320.0,1325.0,0,0,0.0
chb03_15.edf,1325.0,1330.0,0,0,0.0
chb03_15.edf,1330.0,1335.0,0,0,0.0
chb03_15.edf,1335.0,1340.0,0,0,0.0
chb03_15.edf,1340.0,1345.0,0,0,0.0
chb03_15.edf,1345.0,1350.0,0,0,0.0
chb03_15.edf,1350.0,1355.0,0,0,0.0
chb03_15.edf,1355.0,1360.0,0,0,0.0
chb03_15.edf,1360.0,1365.0,0,0,0.0
chb03_15.edf,1365.0,1370.0,0,0,0.0
chb03_15.edf,1370.0,1375.0,0,0,0.0
chb03_15.edf,1375.0,1380.0,0,0,0.0
chb03_15.edf,1380.0,1385.0,0,0,0.0
chb03_15.edf,1385.0,1390.0,0,0,0.0
chb03_15.edf,1390.0,1395.0,0,0,0.0
chb03_15.edf,1395.0,1400.0,0,0,0.0
chb03_15.edf,1400.0,1405.0,0,0,0.0
chb03_15.edf,1405.0,1410.0,0,0,0.0
chb03_15.edf,1410.0,1415.0,0,0,0.0
chb03_15.edf,1415.0,1420.0,0,0,0.0
chb03_15.edf,1420.0,1425.0,0,0,0.0
chb03_15.edf,1425.0,1430.0,0,0,0.0
chb03_15.edf,1430.0,1435.0,0,0,0.0
chb03_15.edf,1435.0,1440.0,0,0,0.0
chb03_15.edf,1440.0,1445.0,0,0,0.0
chb03_15.edf,1445.0,1450.0,0,0,0.0
chb03_15.edf,1450.0,1455.0,0,0,0.0
chb03_15.edf,1455.0,1460.0,0,0,0.0
chb03_15.edf,1460.0,1465.0,0,0,0.0
chb03_15.edf,1465.0,1470.0,0,0,0.0
chb03_15.edf,1470.0,1475.0,0,0,0.0
chb03_15.edf,1475.0,1480.0,0,0,0.0
chb03_15.edf,1480.0,1485.0,0,0,0.0
chb03_15.edf,1485.0,1490.0,0,0,0.0
chb03_15.edf,1490.0,1495.0,0,0,0.0
chb03_15.edf,1495.0,1500.0,0,0,0.0
chb03_15.edf,1500.0,1505.0,0,0,0.0
chb03_15.edf,1505.0,1510.0,0,0,0.0
chb03_15.edf,1510.0,1515.0,0,0,0.0
chb03_15.edf,1515.0,1520.0,0,0,0.0
chb03_15.edf,1520.0,1525.0,0,0,0.0
chb03_15.edf,1525.0,1530.0,0,0,0.0
chb03_15.edf,1530.0,1535.0,0,0,0.0
chb03_15.edf,1535.0,1540.0,0,0,0.0
chb03_15.edf,1540.0,1545.0,0,0,0.0
chb03_15.edf,1545.0,1550.0,0,0,0.0
chb03_15.edf,1550.0,1555.0,0,0,0.0
chb03_15.edf,1555.0,1560.0,0,0,0.0
chb03_15.edf,1560.0,1565.0,0,0,0.0
chb03_15.edf,1565.0,1570.0,0,0,0.0
chb03_15.edf,1570.0,1575.0,0,0,0.0
chb03_15.edf,1575.0,1580.0,0,0,0.0
chb03_15.edf,1580.0,1585.0,0,0,0.0
chb03_15.edf,1585.0,1590.0,0,0,0.0
chb03_15.edf,1590.0,1595.0,0,0,0.0
chb03_15.edf,1595.0,1600.0,0,0,0.0
chb03_15.edf,1600.0,1605.0,0,0,0.0
chb03_15.edf,1605.0,1610.0,0,0,0.0
chb03_15.edf,1610.0,1615.0,0,0,0.0
chb03_15.edf,1615.0,1620.0,0,0,0.0
chb03_15.edf,1620.0,1625.0,0,0,0.0
chb03_15.edf,1625.0,1630.0,0,0,0.0
chb03_15.edf,1630.0,1635.0,0,0,0.0
chb03_15.edf,1635.0,1640.0,0,0,0.0
chb03_15.edf,1640.0,1645.0,0,0,0.0
chb03_15.edf,1645.0,1650.0,0,0,0.0
chb03_15.edf,1650.0,1655.0,0,0,0.0
chb03_15.edf,1655.0,1660.0,0,0,0.0
chb03_15.edf,1660.0,1665.0,0,0,0.0
chb03_15.edf,1665.0,1670.0,0,0,0.0
chb03_15.edf,1670.0,1675.0,0,0,0.0
chb03_15.edf,1675.0,1680.0,0,0,0.0
chb03_15.edf,1680.0,1685.0,0,0,0.0
chb03_15.edf,1685.0,1690.0,0,0,0.0
chb03_15.edf,1690.0,1695.0,0,0,0.0
chb03_15.edf,1695.0,1700.0,0,0,0.0
chb03_15.edf,1700.0,1705.0,0,0,0.0
chb03_15.edf,1705.0,1710.0,0,0,0.0
chb03_15.edf,1710.0,1715.0,0,0,0.0
chb03_15.edf,1715.0,1720.0,0,0,0.0
chb03_15.edf,1720.0,1725.0,0,0,0.0
chb03_15.edf,1725.0,1730.0,0,0,0.0
chb03_15.edf,1730.0,1735.0,0,0,0.0
chb03_15.edf,1735.0,1740.0,0,0,0.0
chb03_15.edf,1740.0,1745.0,0,0,0.0
chb03_15.edf,1745.0,1750.0,0,0,0.0
chb03_15.edf,1750.0,1755.0,0,0,0.0
chb03_15.edf,1755.0,1760.0,0,0,0.0
chb03_15.edf,1760.0,1765.0,0,0,0.0
chb03_15.edf,1765.0,1770.0,0,0,0.0
chb03_15.edf,1770.0,1775.0,0,0,0.0
chb03_15.edf,1775.0,1780.0,0,0,0.0
chb03_15.edf,1780.0,1785.0,0,0,0.0
chb03_15.edf,1785.0,1790.0,0,0,0.0
chb03_15.edf,1790.0,1795.0,0,0,0.0
chb03_15.edf,1795.0,1800.0,0,0,0.0
chb03_15.edf,1800.0,1805.0,0,0,0.0
chb03_15.edf,1805.0,1810.0,0,0,0.0
chb03_15.edf,1810.0,1815.0,0,0,0.0
chb03_15.edf,1815.0,1820.0,0,0,0.0
chb03_15.edf,1820.0,1825.0,0,0,0.0
chb03_15.edf,1825.0,1830.0,0,0,0.0
chb03_15.edf,1830.0,1835.0,0,0,0.0
chb03_15.edf,1835.0,1840.0,0,0,0.0
chb03_15.edf,1840.0,1845.0,0,0,0.0
chb03_15.edf,1845.0,1850.0,0,0,0.0
chb03_15.edf,1850.0,1855.0,0,0,0.0
chb03_15.edf,1855.0,1860.0,0,0,0.0
chb03_15.edf,1860.0,1865.0,0,0,0.0
chb03_15.edf,1865.0,1870.0,0,0,0.0
chb03_15.edf,1870.0,1875.0,0,0,0.0
chb03_15.edf,1875.0,1880.0,0,0,0.0
chb03_15.edf,1880.0,1885.0,0,0,0.0
chb03_15.edf,1885.0,1890.0,0,0,0.0
chb03_15.edf,1890.0,1895.0,0,0,0.0
chb03_15.edf,1895.0,1900.0,0,0,0.0
chb03_15.edf,1900.0,1905.0,0,0,0.0
chb03_15.edf,1905.0,1910.0,0,0,0.0
chb03_15.edf,1910.0,1915.0,0,0,0.0
chb03_15.edf,1915.0,1920.0,0,0,0.0
chb03_15.edf,1920.0,1925.0,0,0,0.0
chb03_15.edf,1925.0,1930.0,0,0,0.0
chb03_15.edf,1930.0,1935.0,0,0,0.0
chb03_15.edf,1935.0,1940.0,0,0,0.0
chb03_15.edf,1940.0,1945.0,0,0,0.0
chb03_15.edf,1945.0,1950.0,0,0,0.0
chb03_15.edf,1950.0,1955.0,0,0,0.0
chb03_15.edf,1955.0,1960.0,0,0,0.0
chb03_15.edf,1960.0,1965.0,0,0,0.0
chb03_15.edf,1965.0,1970.0,0,0,0.0
chb03_15.edf,1970.0,1975.0,0,0,0.0
chb03_15.edf,1975.0,1980.0,0,0,0.0
chb03_15.edf,1980.0,1985.0,0,0,0.0
chb03_15.edf,1985.0,1990.0,0,0,0.0
chb03_15.edf,1990.0,1995.0,0,0,0.0
chb03_15.edf,1995.0,2000.0,0,0,0.0
chb03_15.edf,2000.0,2005.0,0,0,0.0
chb03_15.edf,2005.0,2010.0,0,0,0.0
chb03_15.edf,2010.0,2015.0,0,0,0.0
chb03_15.edf,2015.0,2020.0,0,0,0.0
chb03_15.edf,2020.0,2025.0,0,0,0.0
chb03_15.edf,2025.0,2030.0,0,0,0.0
chb03_15.edf,2030.0,2035.0,0,0,0.0
chb03_15.edf,2035.0,2040.0,0,0,0.0
chb03_15.edf,2040.0,2045.0,0,0,0.0
chb03_15.edf,2045.0,2050.0,0,0,0.0
chb03_15.edf,2050.0,2055.0,0,0,0.0
chb03_15.edf,2055.0,2060.0,0,0,0.0
chb03_15.edf,2060.0,2065.0,0,0,0.0
chb03_15.edf,2065.0,2070.0,0,0,0.003113193839000284
chb03_15.edf,2070.0,2075.0,0,0,0.0033333333333333335
chb03_15.edf,2075.0,2080.0,0,0,0.0
chb03_15.edf,2080.0,2085.0,0,0,0.0
chb03_15.edf,2085.0,2090.0,0,0,0.0
chb03_15.edf,2090.0,2095.0,0,0,0.0
chb03_15.edf,2095.0,2100.0,0,0,0.0
chb03_15.edf,2100.0,2105.0,0,0,0.0
chb03_15.edf,2105.0,2110.0,0,0,0.0
chb03_15.edf,2110.0,2115.0,0,0,0.0
chb03_15.edf,2115.0,2120.0,0,0,0.0
chb03_15.edf,2120.0,2125.0,0,0,0.0
chb03_15.edf,2125.0,2130.0,0,0,0.0
chb03_15.edf,2130.0,2135.0,0,0,0.0
chb03_15.edf,2135.0,2140.0,0,0,0.0
chb03_15.edf,2140.0,2145.0,0,0,0.0
chb03_15.edf,2145.0,2150.0,0,0,0.0
chb03_15.edf,2150.0,2155.0,0,0,0.0
chb03_15.edf,2155.0,2160.0,0,0,0.0
chb03_15.edf,2160.0,2165.0,0,0,0.0
chb03_15.edf,2165.0,2170.0,0,0,0.0
chb03_15.edf,2170.0,2175.0,0,0,0.0
chb03_15.edf,2175.0,2180.0,0,0,0.0
chb03_15.edf,2180.0,2185.0,0,0,0.0
chb03_15.edf,2185.0,2190.0,0,0,0.0
chb03_15.edf,2190.0,2195.0,0,0,0.0
chb03_15.edf,2195.0,2200.0,0,0,0.0
chb03_15.edf,2200.0,2205.0,0,0,0.0
chb03_15.edf,2205.0,2210.0,0,0,0.0
chb03_15.edf,2210.0,2215.0,0,0,0.0
chb03_15.edf,2215.0,2220.0,0,0,0.0
chb03_15.edf,2220.0,2225.0,0,0,0.0
chb03_15.edf,2225.0,2230.0,0,0,0.0
chb03_15.edf,2230.0,2235.0,0,0,0.0
chb03_15.edf,2235.0,2240.0,0,0,0.0
chb03_15.edf,2240.0,2245.0,0,0,0.0
chb03_15.edf,2245.0,2250.0,0,0,0.0
chb03_15.edf,2250.0,2255.0,0,0,0.0
chb03_15.edf,2255.0,2260.0,0,0,0.0
chb03_15.edf,2260.0,2265.0,0,0,0.0
chb03_15.edf,2265.0,2270.0,0,0,0.0
chb03_15.edf,2270.0,2275.0,0,0,0.0
chb03_15.edf,2275.0,2280.0,0,0,0.0
chb03_15.edf,2280.0,2285.0,0,0,0.0
chb03_15.edf,2285.0,2290.0,0,0,0.0
chb03_15.edf,2290.0,2295.0,0,0,0.0
chb03_15.edf,2295.0,2300.0,0,0,0.0
chb03_15.edf,2300.0,2305.0,0,0,0.0
chb03_15.edf,2305.0,2310.0,0,0,0.0
chb03_15.edf,2310.0,2315.0,0,0,0.0
chb03_15.edf,2315.0,2320.0,0,0,0.0
chb03_15.edf,2320.0,2325.0,0,0,0.0
chb03_15.edf,2325.0,2330.0,0,0,0.0
chb03_15.edf,2330.0,2335.0,0,0,0.0
chb03_15.edf,2335.0,2340.0,0,0,0.003113193839000284
chb03_15.edf,2340.0,2345.0,0,0,0.0
chb03_15.edf,2345.0,2350.0,0,0,0.006666666666666667
chb03_15.edf,2350.0,2355.0,0,0,0.0
chb03_15.edf,2355.0,2360.0,0,0,0.0
chb03_15.edf,2360.0,2365.0,0,0,0.0
chb03_15.edf,2365.0,2370.0,0,0,0.0
chb03_15.edf,2370.0,2375.0,0,0,0.0
chb03_15.edf,2375.0,2380.0,0,0,0.0
chb03_15.edf,2380.0,2385.0,0,0,0.0
chb03_15.edf,2385.0,2390.0,0,0,0.0
chb03_15.edf,2390.0,2395.0,0,0,0.0
chb03_15.edf,2395.0,2400.0,0,0,0.003113193839000284
chb03_15.edf,2400.0,2405.0,0,0,0.0
chb03_15.edf,2405.0,2410.0,0,0,0.0
chb03_15.edf,2410.0,2415.0,0,0,0.0
chb03_15.edf,2415.0,2420.0,0,0,0.0
chb03_15.edf,2420.0,2425.0,0,0,0.0
chb03_15.edf,2425.0,2430.0,0,0,0.0
chb03_15.edf,2430.0,2435.0,0,0,0.0
chb03_15.edf,2435.0,2440.0,0,0,0.0
chb03_15.edf,2440.0,2445.0,0,0,0.0
chb03_15.edf,2445.0,2450.0,0,0,0.0
chb03_15.edf,2450.0,2455.0,0,0,0.0
chb03_15.edf,2455.0,2460.0,0,0,0.0
chb03_15.edf,2460.0,2465.0,0,0,0.003113193839000284
chb03_15.edf,2465.0,2470.0,0,0,0.0
chb03_15.edf,2470.0,2475.0,0,0,0.0
chb03_15.edf,2475.0,2480.0,0,0,0.0
chb03_15.edf,2480.0,2485.0,0,0,0.0
chb03_15.edf,2485.0,2490.0,0,0,0.0
chb03_15.edf,2490.0,2495.0,0,0,0.0
chb03_15.edf,2495.0,2500.0,0,0,0.0
chb03_15.edf,2500.0,2505.0,0,0,0.0
chb03_15.edf,2505.0,2510.0,0,0,0.0
chb03_15.edf,2510.0,2515.0,0,0,0.0
chb03_15.edf,2515.0,2520.0,0,0,0.0
chb03_15.edf,2520.0,2525.0,0,0,0.0
chb03_15.edf,2525.0,2530.0,0,0,0.0
chb03_15.edf,2530.0,2535.0,0,0,0.0
chb03_15.edf,2535.0,2540.0,0,0,0.0
chb03_15.edf,2540.0,2545.0,0,0,0.0
chb03_15.edf,2545.0,2550.0,0,0,0.0
chb03_15.edf,2550.0,2555.0,0,0,0.0
chb03_15.edf,2555.0,2560.0,0,0,0.0
chb03_15.edf,2560.0,2565.0,0,0,0.0
chb03_15.edf,2565.0,2570.0,0,0,0.0
chb03_15.edf,2570.0,2575.0,0,0,0.0
chb03_15.edf,2575.0,2580.0,0,0,0.0
chb03_15.edf,2580.0,2585.0,0,0,0.0
chb03_15.edf,2585.0,2590.0,0,0,0.0
chb03_15.edf,2590.0,2595.0,0,0,0.0
chb03_15.edf,2595.0,2600.0,0,0,0.0
chb03_15.edf,2600.0,2605.0,0,0,0.0
chb03_15.edf,2605.0,2610.0,0,0,0.0
chb03_15.edf,2610.0,2615.0,0,0,0.0
chb03_15.edf,2615.0,2620.0,0,0,0.0
chb03_15.edf,2620.0,2625.0,0,0,0.0
chb03_15.edf,2625.0,2630.0,0,0,0.0
chb03_15.edf,2630.0,2635.0,0,0,0.0
chb03_15.edf,2635.0,2640.0,0,0,0.0
chb03_15.edf,2640.0,2645.0,0,0,0.0
chb03_15.edf,2645.0,2650.0,0,0,0.0
chb03_15.edf,2650.0,2655.0,0,0,0.0
chb03_15.edf,2655.0,2660.0,0,0,0.0
chb03_15.edf,2660.0,2665.0,0,0,0.0
chb03_15.edf,2665.0,2670.0,0,0,0.0
chb03_15.edf,2670.0,2675.0,0,0,0.0
chb03_15.edf,2675.0,2680.0,0,0,0.0
chb03_15.edf,2680.0,2685.0,0,0,0.0
chb03_15.edf,2685.0,2690.0,0,0,0.0
chb03_15.edf,2690.0,2695.0,0,0,0.0
chb03_15.edf,2695.0,2700.0,0,0,0.0
chb03_15.edf,2700.0,2705.0,0,0,0.0
chb03_15.edf,2705.0,2710.0,0,0,0.0
chb03_15.edf,2710.0,2715.0,0,0,0.0
chb03_15.edf,2715.0,2720.0,0,0,0.0
chb03_15.edf,2720.0,2725.0,0,0,0.0
chb03_15.edf,2725.0,2730.0,0,0,0.0
chb03_15.edf,2730.0,2735.0,0,0,0.0
chb03_15.edf,2735.0,2740.0,0,0,0.0
chb03_15.edf,2740.0,2745.0,0,0,0.0
chb03_15.edf,2745.0,2750.0,0,0,0.0
chb03_15.edf,2750.0,2755.0,0,0,0.0
chb03_15.edf,2755.0,2760.0,0,0,0.0
chb03_15.edf,2760.0,2765.0,0,0,0.0
chb03_15.edf,2765.0,2770.0,0,0,0.0
chb03_15.edf,2770.0,2775.0,0,0,0.0
chb03_15.edf,2775.0,2780.0,0,0,0.0
chb03_15.edf,2780.0,2785.0,0,0,0.0
chb03_15.edf,2785.0,2790.0,0,0,0.0
chb03_15.edf,2790.0,2795.0,0,0,0.0
chb03_15.edf,2795.0,2800.0,0,0,0.0
chb03_15.edf,2800.0,2805.0,0,0,0.0
chb03_15.edf,2805.0,2810.0,0,0,0.0
chb03_15.edf,2810.0,2815.0,0,0,0.0
chb03_15.edf,2815.0,2820.0,0,0,0.0
chb03_15.edf,2820.0,2825.0,0,0,0.0
chb03_15.edf,2825.0,2830.0,0,0,0.0
chb03_15.edf,2830.0,2835.0,0,0,0.0
chb03_15.edf,2835.0,2840.0,0,0,0.0
chb03_15.edf,2840.0,2845.0,0,0,0.0
chb03_15.edf,2845.0,2850.0,0,0,0.0
chb03_15.edf,2850.0,2855.0,0,0,0.0
chb03_15.edf,2855.0,2860.0,0,0,0.0
chb03_15.edf,2860.0,2865.0,0,0,0.0
chb03_15.edf,2865.0,2870.0,0,0,0.0
chb03_15.edf,2870.0,2875.0,0,0,0.0
chb03_15.edf,2875.0,2880.0,0,0,0.0
chb03_15.edf,2880.0,2885.0,0,0,0.0
chb03_15.edf,2885.0,2890.0,0,0,0.0
chb03_15.edf,2890.0,2895.0,0,0,0.0
chb03_15.edf,2895.0,2900.0,0,0,0.0
chb03_15.edf,2900.0,2905.0,0,0,0.0
chb03_15.edf,2905.0,2910.0,0,0,0.0
chb03_15.edf,2910.0,2915.0,0,0,0.0
chb03_15.edf,2915.0,2920.0,0,0,0.0
chb03_15.edf,2920.0,2925.0,0,0,0.0
chb03_15.edf,2925.0,2930.0,0,0,0.0
chb03_15.edf,2930.0,2935.0,0,0,0.0
chb03_15.edf,2935.0,2940.0,0,0,0.0
chb03_15.edf,2940.0,2945.0,0,0,0.0
chb03_15.edf,2945.0,2950.0,0,0,0.0
chb03_15.edf,2950.0,2955.0,0,0,0.0
chb03_15.edf,2955.0,2960.0,0,0,0.0
chb03_15.edf,2960.0,2965.0,0,0,0.0
chb03_15.edf,2965.0,2970.0,0,0,0.0
chb03_15.edf,2970.0,2975.0,0,0,0.0
chb03_15.edf,2975.0,2980.0,0,0,0.0
chb03_15.edf,2980.0,2985.0,0,0,0.0
chb03_15.edf,2985.0,2990.0,0,0,0.0
chb03_15.edf,2990.0,2995.0,0,0,0.0
chb03_15.edf,2995.0,3000.0,0,0,0.0
chb03_15.edf,3000.0,3005.0,0,0,0.0
chb03_15.edf,3005.0,3010.0,0,0,0.0
chb03_15.edf,3010.0,3015.0,0,0,0.0
chb03_15.edf,3015.0,3020.0,0,0,0.0
chb03_15.edf,3020.0,3025.0,0,0,0.0
chb03_15.edf,3025.0,3030.0,0,0,0.0
chb03_15.edf,3030.0,3035.0,0,0,0.0
chb03_15.edf,3035.0,3040.0,0,0,0.0
chb03_15.edf,3040.0,3045.0,0,0,0.0
chb03_15.edf,3045.0,3050.0,0,0,0.0
chb03_15.edf,3050.0,3055.0,0,0,0.0
chb03_15.edf,3055.0,3060.0,0,0,0.0
chb03_15.edf,3060.0,3065.0,0,0,0.0
chb03_15.edf,3065.0,3070.0,0,0,0.0
chb03_15.edf,3070.0,3075.0,0,0,0.0
chb03_15.edf,3075.0,3080.0,0,0,0.0
chb03_15.edf,3080.0,3085.0,0,0,0.0
chb03_15.edf,3085.0,3090.0,0,0,0.0
chb03_15.edf,3090.0,3095.0,0,0,0.0
chb03_15.edf,3095.0,3100.0,0,0,0.0
chb03_15.edf,3100.0,3105.0,0,0,0.0
chb03_15.edf,3105.0,3110.0,0,0,0.0
chb03_15.edf,3110.0,3115.0,0,0,0.0
chb03_15.edf,3115.0,3120.0,0,0,0.0
chb03_15.edf,3120.0,3125.0,0,0,0.0
chb03_15.edf,3125.0,3130.0,0,0,0.0
chb03_15.edf,3130.0,3135.0,0,0,0.0
chb03_15.edf,3135.0,3140.0,0,0,0.0
chb03_15.edf,3140.0,3145.0,0,0,0.0
chb03_15.edf,3145.0,3150.0,0,0,0.0
chb03_15.edf,3150.0,3155.0,0,0,0.0
chb03_15.edf,3155.0,3160.0,0,0,0.0
chb03_15.edf,3160.0,3165.0,0,0,0.0
chb03_15.edf,3165.0,3170.0,0,0,0.0
chb03_15.edf,3170.0,3175.0,0,0,0.0
chb03_15.edf,3175.0,3180.0,0,0,0.0
chb03_15.edf,3180.0,3185.0,0,0,0.0
chb03_15.edf,3185.0,3190.0,0,0,0.0
chb03_15.edf,3190.0,3195.0,0,0,0.0
chb03_15.edf,3195.0,3200.0,0,0,0.0
chb03_15.edf,3200.0,3205.0,0,0,0.0
chb03_15.edf,3205.0,3210.0,0,0,0.0
chb03_15.edf,3210.0,3215.0,0,0,0.0
chb03_15.edf,3215.0,3220.0,0,0,0.0
chb03_15.edf,3220.0,3225.0,0,0,0.0
chb03_15.edf,3225.0,3230.0,0,0,0.0
chb03_15.edf,3230.0,3235.0,0,0,0.0
chb03_15.edf,3235.0,3240.0,0,0,0.0
chb03_15.edf,3240.0,3245.0,0,0,0.0
chb03_15.edf,3245.0,3250.0,0,0,0.0
chb03_15.edf,3250.0,3255.0,0,0,0.0
chb03_15.edf,3255.0,3260.0,0,0,0.0
chb03_15.edf,3260.0,3265.0,0,0,0.0
chb03_15.edf,3265.0,3270.0,0,0,0.0
chb03_15.edf,3270.0,3275.0,0,0,0.0
chb03_15.edf,3275.0,3280.0,0,0,0.0
chb03_15.edf,3280.0,3285.0,0,0,0.0
chb03_15.edf,3285.0,3290.0,0,0,0.0
chb03_15.edf,3290.0,3295.0,0,0,0.0
chb03_15.edf,3295.0,3300.0,0,0,0.0
chb03_15.edf,3300.0,3305.0,0,0,0.0
chb03_15.edf,3305.0,3310.0,0,0,0.0
chb03_15.edf,3310.0,3315.0,0,0,0.0
chb03_15.edf,3315.0,3320.0,0,0,0.0
chb03_15.edf,3320.0,3325.0,0,0,0.0
chb03_15.edf,3325.0,3330.0,0,0,0.0
chb03_15.edf,3330.0,3335.0,0,0,0.0
chb03_15.edf,3335.0,3340.0,0,0,0.0
chb03_15.edf,3340.0,3345.0,0,0,0.0
chb03_15.edf,3345.0,3350.0,0,0,0.0
chb03_15.edf,3350.0,3355.0,0,0,0.0
chb03_15.edf,3355.0,3360.0,0,0,0.0
chb03_15.edf,3360.0,3365.0,0,0,0.0
chb03_15.edf,3365.0,3370.0,0,0,0.0
chb03_15.edf,3370.0,3375.0,0,0,0.0
chb03_15.edf,3375.0,3380.0,0,0,0.0
chb03_15.edf,3380.0,3385.0,0,0,0.0
chb03_15.edf,3385.0,3390.0,0,0,0.0
chb03_15.edf,3390.0,3395.0,0,0,0.0
chb03_15.edf,3395.0,3400.0,0,0,0.0
chb03_15.edf,3400.0,3405.0,0,0,0.0
chb03_15.edf,3405.0,3410.0,0,0,0.0
chb03_15.edf,3410.0,3415.0,0,0,0.0
chb03_15.edf,3415.0,3420.0,0,0,0.0
chb03_15.edf,3420.0,3425.0,0,0,0.0
chb03_15.edf,3425.0,3430.0,0,0,0.0
chb03_15.edf,3430.0,3435.0,0,0,0.0
chb03_15.edf,3435.0,3440.0,0,0,0.0
chb03_15.edf,3440.0,3445.0,0,0,0.0
chb03_15.edf,3445.0,3450.0,0,0,0.0
chb03_15.edf,3450.0,3455.0,0,0,0.0
chb03_15.edf,3455.0,3460.0,0,0,0.0
chb03_15.edf,3460.0,3465.0,0,0,0.0
chb03_15.edf,3465.0,3470.0,0,0,0.0
chb03_15.edf,3470.0,3475.0,0,0,0.0
chb03_15.edf,3475.0,3480.0,0,0,0.0
chb03_15.edf,3480.0,3485.0,0,0,0.0
chb03_15.edf,3485.0,3490.0,0,0,0.0
chb03_15.edf,3490.0,3495.0,0,0,0.0
chb03_15.edf,3495.0,3500.0,0,0,0.0
chb03_15.edf,3500.0,3505.0,0,0,0.0
chb03_15.edf,3505.0,3510.0,0,0,0.0
chb03_15.edf,3510.0,3515.0,0,0,0.0
chb03_15.edf,3515.0,3520.0,0,0,0.0
chb03_15.edf,3520.0,3525.0,0,0,0.0
chb03_15.edf,3525.0,3530.0,0,0,0.0
chb03_15.edf,3530.0,3535.0,0,0,0.0
chb03_15.edf,3535.0,3540.0,0,0,0.0
chb03_15.edf,3540.0,3545.0,0,0,0.0
chb03_15.edf,3545.0,3550.0,0,0,0.0
chb03_15.edf,3550.0,3555.0,0,0,0.0
chb03_15.edf,3555.0,3560.0,0,0,0.0
chb03_15.edf,3560.0,3565.0,0,0,0.0
chb03_15.edf,3565.0,3570.0,0,0,0.0
chb03_15.edf,3570.0,3575.0,0,0,0.0
chb03_15.edf,3575.0,3580.0,0,0,0.0
chb03_15.edf,3580.0,3585.0,0,0,0.0
chb03_15.edf,3585.0,3590.0,0,0,0.0
chb03_15.edf,3590.0,3595.0,0,0,0.0
chb03_16.edf,0.0,5.0,0,0,0.0
chb03_16.edf,5.0,10.0,0,0,0.0
chb03_16.edf,10.0,15.0,0,0,0.0
chb03_16.edf,15.0,20.0,0,0,0.0
chb03_16.edf,20.0,25.0,0,0,0.0
chb03_16.edf,25.0,30.0,0,0,0.0
chb03_16.edf,30.0,35.0,0,0,0.0
chb03_16.edf,35.0,40.0,0,0,0.0
chb03_16.edf,40.0,45.0,0,0,0.0
chb03_16.edf,45.0,50.0,0,0,0.0
chb03_16.edf,50.0,55.0,0,0,0.0
chb03_16.edf,55.0,60.0,0,0,0.0
chb03_16.edf,60.0,65.0,0,0,0.0
chb03_16.edf,65.0,70.0,0,0,0.0
chb03_16.edf,70.0,75.0,0,0,0.0
chb03_16.edf,75.0,80.0,0,0,0.0
chb03_16.edf,80.0,85.0,0,0,0.0
chb03_16.edf,85.0,90.0,0,0,0.0
chb03_16.edf,90.0,95.0,0,0,0.0
chb03_16.edf,95.0,100.0,0,0,0.0
chb03_16.edf,100.0,105.0,0,0,0.0
chb03_16.edf,105.0,110.0,0,0,0.0
chb03_16.edf,110.0,115.0,0,0,0.0
chb03_16.edf,115.0,120.0,0,0,0.0
chb03_16.edf,120.0,125.0,0,0,0.0
chb03_16.edf,125.0,130.0,0,0,0.0
chb03_16.edf,130.0,135.0,0,0,0.0
chb03_16.edf,135.0,140.0,0,0,0.0
chb03_16.edf,140.0,145.0,0,0,0.0
chb03_16.edf,145.0,150.0,0,0,0.0
chb03_16.edf,150.0,155.0,0,0,0.0
chb03_16.edf,155.0,160.0,0,0,0.0
chb03_16.edf,160.0,165.0,0,0,0.0
chb03_16.edf,165.0,170.0,0,0,0.0
chb03_16.edf,170.0,175.0,0,0,0.0
chb03_16.edf,175.0,180.0,0,0,0.0
chb03_16.edf,180.0,185.0,0,0,0.0
chb03_16.edf,185.0,190.0,0,0,0.0
chb03_16.edf,190.0,195.0,0,0,0.0
chb03_16.edf,195.0,200.0,0,0,0.0
chb03_16.edf,200.0,205.0,0,0,0.0
chb03_16.edf,205.0,210.0,0,0,0.0
chb03_16.edf,210.0,215.0,0,0,0.0
chb03_16.edf,215.0,220.0,0,0,0.0
chb03_16.edf,220.0,225.0,0,0,0.0
chb03_16.edf,225.0,230.0,0,0,0.0
chb03_16.edf,230.0,235.0,0,0,0.0
chb03_16.edf,235.0,240.0,0,0,0.0
chb03_16.edf,240.0,245.0,0,0,0.0
chb03_16.edf,245.0,250.0,0,0,0.0
chb03_16.edf,250.0,255.0,0,0,0.0
chb03_16.edf,255.0,260.0,0,0,0.0
chb03_16.edf,260.0,265.0,0,0,0.0
chb03_16.edf,265.0,270.0,0,0,0.0
chb03_16.edf,270.0,275.0,0,0,0.0
chb03_16.edf,275.0,280.0,0,0,0.0
chb03_16.edf,280.0,285.0,0,0,0.0
chb03_16.edf,285.0,290.0,0,0,0.0
chb03_16.edf,290.0,295.0,0,0,0.0
chb03_16.edf,295.0,300.0,0,0,0.0
chb03_16.edf,300.0,305.0,0,0,0.0
chb03_16.edf,305.0,310.0,0,0,0.0
chb03_16.edf,310.0,315.0,0,0,0.0
chb03_16.edf,315.0,320.0,0,0,0.0
chb03_16.edf,320.0,325.0,0,0,0.0
chb03_16.edf,325.0,330.0,0,0,0.0
chb03_16.edf,330.0,335.0,0,0,0.0
chb03_16.edf,335.0,340.0,0,0,0.0
chb03_16.edf,340.0,345.0,0,0,0.0
chb03_16.edf,345.0,350.0,0,0,0.0
chb03_16.edf,350.0,355.0,0,0,0.0
chb03_16.edf,355.0,360.0,0,0,0.0
chb03_16.edf,360.0,365.0,0,0,0.0
chb03_16.edf,365.0,370.0,0,0,0.0
chb03_16.edf,370.0,375.0,0,0,0.0
chb03_16.edf,375.0,380.0,0,0,0.0
chb03_16.edf,380.0,385.0,0,0,0.0
chb03_16.edf,385.0,390.0,0,0,0.0
chb03_16.edf,390.0,395.0,0,0,0.0
chb03_16.edf,395.0,400.0,0,0,0.0
chb03_16.edf,400.0,405.0,0,0,0.0
chb03_16.edf,405.0,410.0,0,0,0.0
chb03_16.edf,410.0,415.0,0,0,0.0
chb03_16.edf,415.0,420.0,0,0,0.0
chb03_16.edf,420.0,425.0,0,0,0.0
chb03_16.edf,425.0,430.0,0,0,0.0
chb03_16.edf,430.0,435.0,0,0,0.0
chb03_16.edf,435.0,440.0,0,0,0.0
chb03_16.edf,440.0,445.0,0,0,0.0
chb03_16.edf,445.0,450.0,0,0,0.0
chb03_16.edf,450.0,455.0,0,0,0.0
chb03_16.edf,455.0,460.0,0,0,0.0
chb03_16.edf,460.0,465.0,0,0,0.0
chb03_16.edf,465.0,470.0,0,0,0.0
chb03_16.edf,470.0,475.0,0,0,0.0
chb03_16.edf,475.0,480.0,0,0,0.0
chb03_16.edf,480.0,485.0,0,0,0.0
chb03_16.edf,485.0,490.0,0,0,0.0
chb03_16.edf,490.0,495.0,0,0,0.0
chb03_16.edf,495.0,500.0,0,0,0.0
chb03_16.edf,500.0,505.0,0,0,0.0
chb03_16.edf,505.0,510.0,0,0,0.0
chb03_16.edf,510.0,515.0,0,0,0.0
chb03_16.edf,515.0,520.0,0,0,0.0
chb03_16.edf,520.0,525.0,0,0,0.0
chb03_16.edf,525.0,530.0,0,0,0.0
chb03_16.edf,530.0,535.0,0,0,0.0
chb03_16.edf,535.0,540.0,0,0,0.0
chb03_16.edf,540.0,545.0,0,0,0.0
chb03_16.edf,545.0,550.0,0,0,0.0
chb03_16.edf,550.0,555.0,0,0,0.0
chb03_16.edf,555.0,560.0,0,0,0.0
chb03_16.edf,560.0,565.0,0,0,0.0
chb03_16.edf,565.0,570.0,0,0,0.0
chb03_16.edf,570.0,575.0,0,0,0.0
chb03_16.edf,575.0,580.0,0,0,0.0
chb03_16.edf,580.0,585.0,0,0,0.0
chb03_16.edf,585.0,590.0,0,0,0.0
chb03_16.edf,590.0,595.0,0,0,0.0
chb03_16.edf,595.0,600.0,0,0,0.0
chb03_16.edf,600.0,605.0,0,0,0.0
chb03_16.edf,605.0,610.0,0,0,0.0
chb03_16.edf,610.0,615.0,0,0,0.0
chb03_16.edf,615.0,620.0,0,0,0.0
chb03_16.edf,620.0,625.0,0,0,0.0
chb03_16.edf,625.0,630.0,0,0,0.0
chb03_16.edf,630.0,635.0,0,0,0.0
chb03_16.edf,635.0,640.0,0,0,0.0
chb03_16.edf,640.0,645.0,0,0,0.0
chb03_16.edf,645.0,650.0,0,0,0.0
chb03_16.edf,650.0,655.0,0,0,0.0
chb03_16.edf,655.0,660.0,0,0,0.0
chb03_16.edf,660.0,665.0,0,0,0.0031138725383329647
chb03_16.edf,665.0,670.0,0,0,0.0
chb03_16.edf,670.0,675.0,0,0,0.0
chb03_16.edf,675.0,680.0,0,0,0.0
chb03_16.edf,680.0,685.0,0,0,0.0
chb03_16.edf,685.0,690.0,0,0,0.0
chb03_16.edf,690.0,695.0,0,0,0.0
chb03_16.edf,695.0,700.0,0,0,0.0
chb03_16.edf,700.0,705.0,0,0,0.0
chb03_16.edf,705.0,710.0,0,0,0.0
chb03_16.edf,710.0,715.0,0,0,0.0
chb03_16.edf,715.0,720.0,0,0,0.0
chb03_16.edf,720.0,725.0,0,0,0.0
chb03_16.edf,725.0,730.0,0,0,0.0
chb03_16.edf,730.0,735.0,0,0,0.0
chb03_16.edf,735.0,740.0,0,0,0.0
chb03_16.edf,740.0,745.0,0,0,0.0
chb03_16.edf,745.0,750.0,0,0,0.0
chb03_16.edf,750.0,755.0,0,0,0.0
chb03_16.edf,755.0,760.0,0,0,0.0
chb03_16.edf,760.0,765.0,0,0,0.0
chb03_16.edf,765.0,770.0,0,0,0.0
chb03_16.edf,770.0,775.0,0,0,0.0
chb03_16.edf,775.0,780.0,0,0,0.0
chb03_16.edf,780.0,785.0,0,0,0.0
chb03_16.edf,785.0,790.0,0,0,0.0
chb03_16.edf,790.0,795.0,0,0,0.0
chb03_16.edf,795.0,800.0,0,0,0.0
chb03_16.edf,800.0,805.0,0,0,0.0
chb03_16.edf,805.0,810.0,0,0,0.0
chb03_16.edf,810.0,815.0,0,0,0.0
chb03_16.edf,815.0,820.0,0,0,0.0
chb03_16.edf,820.0,825.0,0,0,0.0
chb03_16.edf,825.0,830.0,0,0,0.0
chb03_16.edf,830.0,835.0,0,0,0.0
chb03_16.edf,835.0,840.0,0,0,0.0
chb03_16.edf,840.0,845.0,0,0,0.0
chb03_16.edf,845.0,850.0,0,0,0.0
chb03_16.edf,850.0,855.0,0,0,0.0
chb03_16.edf,855.0,860.0,0,0,0.0
chb03_16.edf,860.0,865.0,0,0,0.0
chb03_16.edf,865.0,870.0,0,0,0.0
chb03_16.edf,870.0,875.0,0,0,0.0
chb03_16.edf,875.0,880.0,0,0,0.0
chb03_16.edf,880.0,885.0,0,0,0.0
chb03_16.edf,885.0,890.0,0,0,0.0
chb03_16.edf,890.0,895.0,0,0,0.0
chb03_16.edf,895.0,900.0,0,0,0.0
chb03_16.edf,900.0,905.0,0,0,0.0
chb03_16.edf,905.0,910.0,0,0,0.0
chb03_16.edf,910.0,915.0,0,0,0.0
chb03_16.edf,915.0,920.0,0,0,0.0
chb03_16.edf,920.0,925.0,0,0,0.0
chb03_16.edf,925.0,930.0,0,0,0.0
chb03_16.edf,930.0,935.0,0,0,0.0
chb03_16.edf,935.0,940.0,0,0,0.0031138725383329647
chb03_16.edf,940.0,945.0,0,0,0.0031138725383329647
chb03_16.edf,945.0,950.0,0,0,0.0
chb03_16.edf,950.0,955.0,0,0,0.0
chb03_16.edf,955.0,960.0,0,0,0.0
chb03_16.edf,960.0,965.0,0,0,0.0
chb03_16.edf,965.0,970.0,0,0,0.0
chb03_16.edf,970.0,975.0,0,0,0.0
chb03_16.edf,975.0,980.0,0,0,0.0
chb03_16.edf,980.0,985.0,0,0,0.0
chb03_16.edf,985.0,990.0,0,0,0.0
chb03_16.edf,990.0,995.0,0,0,0.0
chb03_16.edf,995.0,1000.0,0,0,0.0
chb03_16.edf,1000.0,1005.0,0,0,0.0
chb03_16.edf,1005.0,1010.0,0,0,0.0
chb03_16.edf,1010.0,1015.0,0,0,0.0
chb03_16.edf,1015.0,1020.0,0,0,0.0
chb03_16.edf,1020.0,1025.0,0,0,0.0
chb03_16.edf,1025.0,1030.0,0,0,0.0
chb03_16.edf,1030.0,1035.0,0,0,0.0
chb03_16.edf,1035.0,1040.0,0,0,0.0
chb03_16.edf,1040.0,1045.0,0,0,0.0
chb03_16.edf,1045.0,1050.0,0,0,0.0
chb03_16.edf,1050.0,1055.0,0,0,0.0
chb03_16.edf,1055.0,1060.0,0,0,0.0
chb03_16.edf,1060.0,1065.0,0,0,0.0
chb03_16.edf,1065.0,1070.0,0,0,0.0
chb03_16.edf,1070.0,1075.0,0,0,0.0
chb03_16.edf,1075.0,1080.0,0,0,0.0
chb03_16.edf,1080.0,1085.0,0,0,0.0
chb03_16.edf,1085.0,1090.0,0,0,0.0
chb03_16.edf,1090.0,1095.0,0,0,0.0
chb03_16.edf,1095.0,1100.0,0,0,0.0
chb03_16.edf,1100.0,1105.0,0,0,0.0
chb03_16.edf,1105.0,1110.0,0,0,0.0
chb03_16.edf,1110.0,1115.0,0,0,0.0
chb03_16.edf,1115.0,1120.0,0,0,0.0
chb03_16.edf,1120.0,1125.0,0,0,0.0
chb03_16.edf,1125.0,1130.0,0,0,0.0
chb03_16.edf,1130.0,1135.0,0,0,0.0
chb03_16.edf,1135.0,1140.0,0,0,0.0
chb03_16.edf,1140.0,1145.0,0,0,0.0
chb03_16.edf,1145.0,1150.0,0,0,0.0
chb03_16.edf,1150.0,1155.0,0,0,0.0
chb03_16.edf,1155.0,1160.0,0,0,0.0
chb03_16.edf,1160.0,1165.0,0,0,0.0
chb03_16.edf,1165.0,1170.0,0,0,0.0
chb03_16.edf,1170.0,1175.0,0,0,0.0
chb03_16.edf,1175.0,1180.0,0,0,0.0
chb03_16.edf,1180.0,1185.0,0,0,0.0
chb03_16.edf,1185.0,1190.0,0,0,0.0
chb03_16.edf,1190.0,1195.0,0,0,0.0
chb03_16.edf,1195.0,1200.0,0,0,0.0
chb03_16.edf,1200.0,1205.0,0,0,0.0
chb03_16.edf,1205.0,1210.0,0,0,0.0
chb03_16.edf,1210.0,1215.0,0,0,0.0
chb03_16.edf,1215.0,1220.0,0,0,0.0
chb03_16.edf,1220.0,1225.0,0,0,0.0
chb03_16.edf,1225.0,1230.0,0,0,0.0
chb03_16.edf,1230.0,1235.0,0,0,0.0
chb03_16.edf,1235.0,1240.0,0,0,0.0
chb03_16.edf,1240.0,1245.0,0,0,0.0
chb03_16.edf,1245.0,1250.0,0,0,0.0
chb03_16.edf,1250.0,1255.0,0,0,0.0
chb03_16.edf,1255.0,1260.0,0,0,0.0
chb03_16.edf,1260.0,1265.0,0,0,0.0
chb03_16.edf,1265.0,1270.0,0,0,0.0
chb03_16.edf,1270.0,1275.0,0,0,0.0
chb03_16.edf,1275.0,1280.0,0,0,0.0
chb03_16.edf,1280.0,1285.0,0,0,0.0
chb03_16.edf,1285.0,1290.0,0,0,0.0
chb03_16.edf,1290.0,1295.0,0,0,0.0
chb03_16.edf,1295.0,1300.0,0,0,0.0
chb03_16.edf,1300.0,1305.0,0,0,0.0
chb03_16.edf,1305.0,1310.0,0,0,0.0
chb03_16.edf,1310.0,1315.0,0,0,0.0
chb03_16.edf,1315.0,1320.0,0,0,0.0
chb03_16.edf,1320.0,1325.0,0,0,0.0
chb03_16.edf,1325.0,1330.0,0,0,0.0
chb03_16.edf,1330.0,1335.0,0,0,0.0
chb03_16.edf,1335.0,1340.0,0,0,0.0
chb03_16.edf,1340.0,1345.0,0,0,0.0
chb03_16.edf,1345.0,1350.0,0,0,0.0
chb03_16.edf,1350.0,1355.0,0,0,0.0
chb03_16.edf,1355.0,1360.0,0,0,0.0
chb03_16.edf,1360.0,1365.0,0,0,0.0
chb03_16.edf,1365.0,1370.0,0,0,0.0
chb03_16.edf,1370.0,1375.0,0,0,0.0
chb03_16.edf,1375.0,1380.0,0,0,0.0
chb03_16.edf,1380.0,1385.0,0,0,0.0
chb03_16.edf,1385.0,1390.0,0,0,0.0
chb03_16.edf,1390.0,1395.0,0,0,0.0
chb03_16.edf,1395.0,1400.0,0,0,0.0
chb03_16.edf,1400.0,1405.0,0,0,0.0
chb03_16.edf,1405.0,1410.0,0,0,0.0
chb03_16.edf,1410.0,1415.0,0,0,0.0
chb03_16.edf,1415.0,1420.0,0,0,0.0
chb03_16.edf,1420.0,1425.0,0,0,0.0
chb03_16.edf,1425.0,1430.0,0,0,0.0
chb03_16.edf,1430.0,1435.0,0,0,0.0
chb03_16.edf,1435.0,1440.0,0,0,0.0
chb03_16.edf,1440.0,1445.0,0,0,0.0
chb03_16.edf,1445.0,1450.0,0,0,0.0
chb03_16.edf,1450.0,1455.0,0,0,0.0
chb03_16.edf,1455.0,1460.0,0,0,0.0
chb03_16.edf,1460.0,1465.0,0,0,0.0
chb03_16.edf,1465.0,1470.0,0,0,0.0
chb03_16.edf,1470.0,1475.0,0,0,0.0
chb03_16.edf,1475.0,1480.0,0,0,0.0
chb03_16.edf,1480.0,1485.0,0,0,0.0
chb03_16.edf,1485.0,1490.0,0,0,0.0
chb03_16.edf,1490.0,1495.0,0,0,0.0
chb03_16.edf,1495.0,1500.0,0,0,0.0
chb03_16.edf,1500.0,1505.0,0,0,0.0
chb03_16.edf,1505.0,1510.0,0,0,0.0
chb03_16.edf,1510.0,1515.0,0,0,0.0
chb03_16.edf,1515.0,1520.0,0,0,0.0031138725383329647
chb03_16.edf,1520.0,1525.0,0,0,0.0
chb03_16.edf,1525.0,1530.0,0,0,0.0
chb03_16.edf,1530.0,1535.0,0,0,0.0
chb03_16.edf,1535.0,1540.0,0,0,0.0
chb03_16.edf,1540.0,1545.0,0,0,0.0
chb03_16.edf,1545.0,1550.0,0,0,0.0
chb03_16.edf,1550.0,1555.0,0,0,0.0
chb03_16.edf,1555.0,1560.0,0,0,0.0
chb03_16.edf,1560.0,1565.0,0,0,0.0
chb03_16.edf,1565.0,1570.0,0,0,0.0
chb03_16.edf,1570.0,1575.0,0,0,0.0
chb03_16.edf,1575.0,1580.0,0,0,0.0
chb03_16.edf,1580.0,1585.0,0,0,0.0
chb03_16.edf,1585.0,1590.0,0,0,0.0
chb03_16.edf,1590.0,1595.0,0,0,0.0
chb03_16.edf,1595.0,1600.0,0,0,0.0
chb03_16.edf,1600.0,1605.0,0,0,0.0
chb03_16.edf,1605.0,1610.0,0,0,0.0
chb03_16.edf,1610.0,1615.0,0,0,0.0
chb03_16.edf,1615.0,1620.0,0,0,0.0
chb03_16.edf,1620.0,1625.0,0,0,0.0
chb03_16.edf,1625.0,1630.0,0,0,0.0
chb03_16.edf,1630.0,1635.0,0,0,0.0
chb03_16.edf,1635.0,1640.0,0,0,0.0
chb03_16.edf,1640.0,1645.0,0,0,0.0
chb03_16.edf,1645.0,1650.0,0,0,0.0
chb03_16.edf,1650.0,1655.0,0,0,0.0
chb03_16.edf,1655.0,1660.0,0,0,0.0
chb03_16.edf,1660.0,1665.0,0,0,0.0
chb03_16.edf,1665.0,1670.0,0,0,0.0
chb03_16.edf,1670.0,1675.0,0,0,0.0
chb03_16.edf,1675.0,1680.0,0,0,0.0
chb03_16.edf,1680.0,1685.0,0,0,0.0
chb03_16.edf,1685.0,1690.0,0,0,0.0
chb03_16.edf,1690.0,1695.0,0,0,0.0
chb03_16.edf,1695.0,1700.0,0,0,0.0
chb03_16.edf,1700.0,1705.0,0,0,0.0
chb03_16.edf,1705.0,1710.0,0,0,0.0
chb03_16.edf,1710.0,1715.0,0,0,0.0
chb03_16.edf,1715.0,1720.0,0,0,0.0
chb03_16.edf,1720.0,1725.0,0,0,0.0
chb03_16.edf,1725.0,1730.0,0,0,0.0
chb03_16.edf,1730.0,1735.0,0,0,0.0
chb03_16.edf,1735.0,1740.0,0,0,0.0
chb03_16.edf,1740.0,1745.0,0,0,0.0
chb03_16.edf,1745.0,1750.0,0,0,0.0
chb03_16.edf,1750.0,1755.0,0,0,0.0
chb03_16.edf,1755.0,1760.0,0,0,0.0
chb03_16.edf,1760.0,1765.0,0,0,0.0
chb03_16.edf,1765.0,1770.0,0,0,0.0
chb03_16.edf,1770.0,1775.0,0,0,0.0
chb03_16.edf,1775.0,1780.0,0,0,0.0
chb03_16.edf,1780.0,1785.0,0,0,0.0
chb03_16.edf,1785.0,1790.0,0,0,0.0
chb03_16.edf,1790.0,1795.0,0,0,0.0
chb03_16.edf,1795.0,1800.0,0,0,0.0
chb03_16.edf,1800.0,1805.0,0,0,0.0
chb03_16.edf,1805.0,1810.0,0,0,0.0
chb03_16.edf,1810.0,1815.0,0,0,0.0
chb03_16.edf,1815.0,1820.0,0,0,0.0
chb03_16.edf,1820.0,1825.0,0,0,0.0
chb03_16.edf,1825.0,1830.0,0,0,0.0
chb03_16.edf,1830.0,1835.0,0,0,0.0
chb03_16.edf,1835.0,1840.0,0,0,0.0031138725383329647
chb03_16.edf,1840.0,1845.0,0,0,0.0
chb03_16.edf,1845.0,1850.0,0,0,0.0
chb03_16.edf,1850.0,1855.0,0,0,0.0
chb03_16.edf,1855.0,1860.0,0,0,0.0
chb03_16.edf,1860.0,1865.0,0,0,0.0
chb03_16.edf,1865.0,1870.0,0,0,0.0
chb03_16.edf,1870.0,1875.0,0,0,0.0
chb03_16.edf,1875.0,1880.0,0,0,0.0
chb03_16.edf,1880.0,1885.0,0,0,0.0
chb03_16.edf,1885.0,1890.0,0,0,0.0
chb03_16.edf,1890.0,1895.0,0,0,0.0
chb03_16.edf,1895.0,1900.0,0,0,0.0
chb03_16.edf,1900.0,1905.0,0,0,0.0
chb03_16.edf,1905.0,1910.0,0,0,0.0
chb03_16.edf,1910.0,1915.0,0,0,0.0
chb03_16.edf,1915.0,1920.0,0,0,0.0
chb03_16.edf,1920.0,1925.0,0,0,0.0
chb03_16.edf,1925.0,1930.0,0,0,0.0
chb03_16.edf,1930.0,1935.0,0,0,0.0
chb03_16.edf,1935.0,1940.0,0,0,0.0
chb03_16.edf,1940.0,1945.0,0,0,0.0
chb03_16.edf,1945.0,1950.0,0,0,0.0
chb03_16.edf,1950.0,1955.0,0,0,0.0
chb03_16.edf,1955.0,1960.0,0,0,0.0
chb03_16.edf,1960.0,1965.0,0,0,0.0
chb03_16.edf,1965.0,1970.0,0,0,0.0
chb03_16.edf,1970.0,1975.0,0,0,0.0
chb03_16.edf,1975.0,1980.0,0,0,0.0
chb03_16.edf,1980.0,1985.0,0,0,0.0
chb03_16.edf,1985.0,1990.0,0,0,0.0
chb03_16.edf,1990.0,1995.0,0,0,0.0
chb03_16.edf,1995.0,2000.0,0,0,0.0
chb03_16.edf,2000.0,2005.0,0,0,0.0
chb03_16.edf,2005.0,2010.0,0,0,0.0
chb03_16.edf,2010.0,2015.0,0,0,0.0
chb03_16.edf,2015.0,2020.0,0,0,0.0
chb03_16.edf,2020.0,2025.0,0,0,0.0
chb03_16.edf,2025.0,2030.0,0,0,0.0
chb03_16.edf,2030.0,2035.0,0,0,0.0
chb03_16.edf,2035.0,2040.0,0,0,0.0
chb03_16.edf,2040.0,2045.0,0,0,0.0
chb03_16.edf,2045.0,2050.0,0,0,0.0
chb03_16.edf,2050.0,2055.0,0,0,0.0
chb03_16.edf,2055.0,2060.0,0,0,0.0
chb03_16.edf,2060.0,2065.0,0,0,0.0
chb03_16.edf,2065.0,2070.0,0,0,0.0
chb03_16.edf,2070.0,2075.0,0,0,0.0
chb03_16.edf,2075.0,2080.0,0,0,0.0
chb03_16.edf,2080.0,2085.0,0,0,0.0033333333333333335
chb03_16.edf,2085.0,2090.0,0,0,0.0
chb03_16.edf,2090.0,2095.0,0,0,0.0
chb03_16.edf,2095.0,2100.0,0,0,0.0033333333333333335
chb03_16.edf,2100.0,2105.0,0,0,0.0
chb03_16.edf,2105.0,2110.0,0,0,0.0
chb03_16.edf,2110.0,2115.0,0,0,0.0
chb03_16.edf,2115.0,2120.0,0,0,0.0
chb03_16.edf,2120.0,2125.0,0,0,0.0
chb03_16.edf,2125.0,2130.0,0,0,0.0
chb03_16.edf,2130.0,2135.0,0,0,0.0
chb03_16.edf,2135.0,2140.0,0,0,0.0
chb03_16.edf,2140.0,2145.0,0,0,0.0
chb03_16.edf,2145.0,2150.0,0,0,0.0
chb03_16.edf,2150.0,2155.0,0,0,0.0
chb03_16.edf,2155.0,2160.0,0,0,0.0
chb03_16.edf,2160.0,2165.0,0,0,0.0
chb03_16.edf,2165.0,2170.0,0,0,0.0
chb03_16.edf,2170.0,2175.0,0,0,0.0
chb03_16.edf,2175.0,2180.0,0,0,0.0
chb03_16.edf,2180.0,2185.0,0,0,0.0
chb03_16.edf,2185.0,2190.0,0,0,0.0
chb03_16.edf,2190.0,2195.0,0,0,0.0
chb03_16.edf,2195.0,2200.0,0,0,0.0
chb03_16.edf,2200.0,2205.0,0,0,0.0
chb03_16.edf,2205.0,2210.0,0,0,0.0
chb03_16.edf,2210.0,2215.0,0,0,0.0
chb03_16.edf,2215.0,2220.0,0,0,0.0
chb03_16.edf,2220.0,2225.0,0,0,0.0
chb03_16.edf,2225.0,2230.0,0,0,0.0033333333333333335
chb03_16.edf,2230.0,2235.0,0,0,0.0
chb03_16.edf,2235.0,2240.0,0,0,0.0
chb03_16.edf,2240.0,2245.0,0,0,0.006666666666666667
chb03_16.edf,2245.0,2250.0,0,0,0.0
chb03_16.edf,2250.0,2255.0,0,0,0.0
chb03_16.edf,2255.0,2260.0,0,0,0.0
chb03_16.edf,2260.0,2265.0,0,0,0.0
chb03_16.edf,2265.0,2270.0,0,0,0.0
chb03_16.edf,2270.0,2275.0,0,0,0.0
chb03_16.edf,2275.0,2280.0,0,0,0.0
chb03_16.edf,2280.0,2285.0,0,0,0.0
chb03_16.edf,2285.0,2290.0,0,0,0.0
chb03_16.edf,2290.0,2295.0,0,0,0.0
chb03_16.edf,2295.0,2300.0,0,0,0.0
chb03_16.edf,2300.0,2305.0,0,0,0.0
chb03_16.edf,2305.0,2310.0,0,0,0.0
chb03_16.edf,2310.0,2315.0,0,0,0.0
chb03_16.edf,2315.0,2320.0,0,0,0.0
chb03_16.edf,2320.0,2325.0,0,0,0.0
chb03_16.edf,2325.0,2330.0,0,0,0.0031138725383329647
chb03_16.edf,2330.0,2335.0,0,0,0.0
chb03_16.edf,2335.0,2340.0,0,0,0.0033333333333333335
chb03_16.edf,2340.0,2345.0,0,0,0.0
chb03_16.edf,2345.0,2350.0,0,0,0.0
chb03_16.edf,2350.0,2355.0,0,0,0.0
chb03_16.edf,2355.0,2360.0,0,0,0.0
chb03_16.edf,2360.0,2365.0,0,0,0.0
chb03_16.edf,2365.0,2370.0,0,0,0.0
chb03_16.edf,2370.0,2375.0,0,0,0.0
chb03_16.edf,2375.0,2380.0,0,0,0.0
chb03_16.edf,2380.0,2385.0,0,0,0.0
chb03_16.edf,2385.0,2390.0,0,0,0.0
chb03_16.edf,2390.0,2395.0,0,0,0.0
chb03_16.edf,2395.0,2400.0,0,0,0.0
chb03_16.edf,2400.0,2405.0,0,0,0.0
chb03_16.edf,2405.0,2410.0,0,0,0.0
chb03_16.edf,2410.0,2415.0,0,0,0.0
chb03_16.edf,2415.0,2420.0,0,0,0.0
chb03_16.edf,2420.0,2425.0,0,0,0.0
chb03_16.edf,2425.0,2430.0,0,0,0.0
chb03_16.edf,2430.0,2435.0,0,0,0.0
chb03_16.edf,2435.0,2440.0,0,0,0.0
chb03_16.edf,2440.0,2445.0,0,0,0.0
chb03_16.edf,2445.0,2450.0,0,0,0.0
chb03_16.edf,2450.0,2455.0,0,0,0.0
chb03_16.edf,2455.0,2460.0,0,0,0.0
chb03_16.edf,2460.0,2465.0,0,0,0.0
chb03_16.edf,2465.0,2470.0,0,0,0.0
chb03_16.edf,2470.0,2475.0,0,0,0.0
chb03_16.edf,2475.0,2480.0,0,0,0.0
chb03_16.edf,2480.0,2485.0,0,0,0.0
chb03_16.edf,2485.0,2490.0,0,0,0.0
chb03_16.edf,2490.0,2495.0,0,0,0.006666666666666667
chb03_16.edf,2495.0,2500.0,0,0,0.0
chb03_16.edf,2500.0,2505.0,0,0,0.0
chb03_16.edf,2505.0,2510.0,0,0,0.0
chb03_16.edf,2510.0,2515.0,0,0,0.0
chb03_16.edf,2515.0,2520.0,0,0,0.0
chb03_16.edf,2520.0,2525.0,0,0,0.0
chb03_16.edf,2525.0,2530.0,0,0,0.0
chb03_16.edf,2530.0,2535.0,0,0,0.0
chb03_16.edf,2535.0,2540.0,0,0,0.0
chb03_16.edf,2540.0,2545.0,0,0,0.0
chb03_16.edf,2545.0,2550.0,0,0,0.0
chb03_16.edf,2550.0,2555.0,0,0,0.0
chb03_16.edf,2555.0,2560.0,0,0,0.0
chb03_16.edf,2560.0,2565.0,0,0,0.0
chb03_16.edf,2565.0,2570.0,0,0,0.0
chb03_16.edf,2570.0,2575.0,0,0,0.0
chb03_16.edf,2575.0,2580.0,0,0,0.0
chb03_16.edf,2580.0,2585.0,0,0,0.0
chb03_16.edf,2585.0,2590.0,0,0,0.0
chb03_16.edf,2590.0,2595.0,0,0,0.0
chb03_16.edf,2595.0,2600.0,0,0,0.0
chb03_16.edf,2600.0,2605.0,0,0,0.0
chb03_16.edf,2605.0,2610.0,0,0,0.0
chb03_16.edf,2610.0,2615.0,0,0,0.0
chb03_16.edf,2615.0,2620.0,0,0,0.0
chb03_16.edf,2620.0,2625.0,0,0,0.0
chb03_16.edf,2625.0,2630.0,0,0,0.0
chb03_16.edf,2630.0,2635.0,0,0,0.0
chb03_16.edf,2635.0,2640.0,0,0,0.006666666666666667
chb03_16.edf,2640.0,2645.0,0,0,0.006447205871666298
chb03_16.edf,2645.0,2650.0,0,0,0.0033333333333333335
chb03_16.edf,2650.0,2655.0,0,0,0.0
chb03_16.edf,2655.0,2660.0,0,0,0.0
chb03_16.edf,2660.0,2665.0,0,0,0.0
chb03_16.edf,2665.0,2670.0,0,0,0.0
chb03_16.edf,2670.0,2675.0,0,0,0.0
chb03_16.edf,2675.0,2680.0,0,0,0.0
chb03_16.edf,2680.0,2685.0,0,0,0.0
chb03_16.edf,2685.0,2690.0,0,0,0.0
chb03_16.edf,2690.0,2695.0,0,0,0.0
chb03_16.edf,2695.0,2700.0,0,0,0.0
chb03_16.edf,2700.0,2705.0,0,0,0.0
chb03_16.edf,2705.0,2710.0,0,0,0.0
chb03_16.edf,2710.0,2715.0,0,0,0.0
chb03_16.edf,2715.0,2720.0,0,0,0.0
chb03_16.edf,2720.0,2725.0,0,0,0.0
chb03_16.edf,2725.0,2730.0,0,0,0.0
chb03_16.edf,2730.0,2735.0,0,0,0.0
chb03_16.edf,2735.0,2740.0,0,0,0.0
chb03_16.edf,2740.0,2745.0,0,0,0.0
chb03_16.edf,2745.0,2750.0,0,0,0.0
chb03_16.edf,2750.0,2755.0,0,0,0.0
chb03_16.edf,2755.0,2760.0,0,0,0.0
chb03_16.edf,2760.0,2765.0,0,0,0.0
chb03_16.edf,2765.0,2770.0,0,0,0.0
chb03_16.edf,2770.0,2775.0,0,0,0.0
chb03_16.edf,2775.0,2780.0,0,0,0.0
chb03_16.edf,2780.0,2785.0,0,0,0.0
chb03_16.edf,2785.0,2790.0,0,0,0.0
chb03_16.edf,2790.0,2795.0,0,0,0.0
chb03_16.edf,2795.0,2800.0,0,0,0.0
chb03_16.edf,2800.0,2805.0,0,0,0.0
chb03_16.edf,2805.0,2810.0,0,0,0.0
chb03_16.edf,2810.0,2815.0,0,0,0.0
chb03_16.edf,2815.0,2820.0,0,0,0.0
chb03_16.edf,2820.0,2825.0,0,0,0.0
chb03_16.edf,2825.0,2830.0,0,0,0.0
chb03_16.edf,2830.0,2835.0,0,0,0.0
chb03_16.edf,2835.0,2840.0,0,0,0.0
chb03_16.edf,2840.0,2845.0,0,0,0.0
chb03_16.edf,2845.0,2850.0,0,0,0.0
chb03_16.edf,2850.0,2855.0,0,0,0.0
chb03_16.edf,2855.0,2860.0,0,0,0.0
chb03_16.edf,2860.0,2865.0,0,0,0.0
chb03_16.edf,2865.0,2870.0,0,0,0.0
chb03_16.edf,2870.0,2875.0,0,0,0.0
chb03_16.edf,2875.0,2880.0,0,0,0.0
chb03_16.edf,2880.0,2885.0,0,0,0.0
chb03_16.edf,2885.0,2890.0,0,0,0.0
chb03_16.edf,2890.0,2895.0,0,0,0.0
chb03_16.edf,2895.0,2900.0,0,0,0.0
chb03_16.edf,2900.0,2905.0,0,0,0.0
chb03_16.edf,2905.0,2910.0,0,0,0.0
chb03_16.edf,2910.0,2915.0,0,0,0.0
chb03_16.edf,2915.0,2920.0,0,0,0.0
chb03_16.edf,2920.0,2925.0,0,0,0.0
chb03_16.edf,2925.0,2930.0,0,0,0.0
chb03_16.edf,2930.0,2935.0,0,0,0.0
chb03_16.edf,2935.0,2940.0,0,0,0.0
chb03_16.edf,2940.0,2945.0,0,0,0.0
chb03_16.edf,2945.0,2950.0,0,0,0.0
chb03_16.edf,2950.0,2955.0,0,0,0.0
chb03_16.edf,2955.0,2960.0,0,0,0.0
chb03_16.edf,2960.0,2965.0,0,0,0.0
chb03_16.edf,2965.0,2970.0,0,0,0.0
chb03_16.edf,2970.0,2975.0,0,0,0.0
chb03_16.edf,2975.0,2980.0,0,0,0.0
chb03_16.edf,2980.0,2985.0,0,0,0.0
chb03_16.edf,2985.0,2990.0,0,0,0.0
chb03_16.edf,2990.0,2995.0,0,0,0.0
chb03_16.edf,2995.0,3000.0,0,0,0.0
chb03_16.edf,3000.0,3005.0,0,0,0.0
chb03_16.edf,3005.0,3010.0,0,0,0.0
chb03_16.edf,3010.0,3015.0,0,0,0.0
chb03_16.edf,3015.0,3020.0,0,0,0.0
chb03_16.edf,3020.0,3025.0,0,0,0.0
chb03_16.edf,3025.0,3030.0,0,0,0.0
chb03_16.edf,3030.0,3035.0,0,0,0.0
chb03_16.edf,3035.0,3040.0,0,0,0.0
chb03_16.edf,3040.0,3045.0,0,0,0.0
chb03_16.edf,3045.0,3050.0,0,0,0.0
chb03_16.edf,3050.0,3055.0,0,0,0.0
chb03_16.edf,3055.0,3060.0,0,0,0.0
chb03_16.edf,3060.0,3065.0,0,0,0.0
chb03_16.edf,3065.0,3070.0,0,0,0.0
chb03_16.edf,3070.0,3075.0,0,0,0.0
chb03_16.edf,3075.0,3080.0,0,0,0.0
chb03_16.edf,3080.0,3085.0,0,0,0.0
chb03_16.edf,3085.0,3090.0,0,0,0.0
chb03_16.edf,3090.0,3095.0,0,0,0.0
chb03_16.edf,3095.0,3100.0,0,0,0.0
chb03_16.edf,3100.0,3105.0,0,0,0.0
chb03_16.edf,3105.0,3110.0,0,0,0.0
chb03_16.edf,3110.0,3115.0,0,0,0.0
chb03_16.edf,3115.0,3120.0,0,0,0.0
chb03_16.edf,3120.0,3125.0,0,0,0.0
chb03_16.edf,3125.0,3130.0,0,0,0.0
chb03_16.edf,3130.0,3135.0,0,0,0.0
chb03_16.edf,3135.0,3140.0,0,0,0.0
chb03_16.edf,3140.0,3145.0,0,0,0.0
chb03_16.edf,3145.0,3150.0,0,0,0.0
chb03_16.edf,3150.0,3155.0,0,0,0.0
chb03_16.edf,3155.0,3160.0,0,0,0.0
chb03_16.edf,3160.0,3165.0,0,0,0.0
chb03_16.edf,3165.0,3170.0,0,0,0.0
chb03_16.edf,3170.0,3175.0,0,0,0.0
chb03_16.edf,3175.0,3180.0,0,0,0.0
chb03_16.edf,3180.0,3185.0,0,0,0.0
chb03_16.edf,3185.0,3190.0,0,0,0.0
chb03_16.edf,3190.0,3195.0,0,0,0.0
chb03_16.edf,3195.0,3200.0,0,0,0.0
chb03_16.edf,3200.0,3205.0,0,0,0.0
chb03_16.edf,3205.0,3210.0,0,0,0.0
chb03_16.edf,3210.0,3215.0,0,0,0.0
chb03_16.edf,3215.0,3220.0,0,0,0.0
chb03_16.edf,3220.0,3225.0,0,0,0.0
chb03_16.edf,3225.0,3230.0,0,0,0.0
chb03_16.edf,3230.0,3235.0,0,0,0.0
chb03_16.edf,3235.0,3240.0,0,0,0.0
chb03_16.edf,3240.0,3245.0,0,0,0.0
chb03_16.edf,3245.0,3250.0,0,0,0.0
chb03_16.edf,3250.0,3255.0,0,0,0.0
chb03_16.edf,3255.0,3260.0,0,0,0.0
chb03_16.edf,3260.0,3265.0,0,0,0.0
chb03_16.edf,3265.0,3270.0,0,0,0.0
chb03_16.edf,3270.0,3275.0,0,0,0.0
chb03_16.edf,3275.0,3280.0,0,0,0.0
chb03_16.edf,3280.0,3285.0,0,0,0.0
chb03_16.edf,3285.0,3290.0,0,0,0.0
chb03_16.edf,3290.0,3295.0,0,0,0.0
chb03_16.edf,3295.0,3300.0,0,0,0.0
chb03_16.edf,3300.0,3305.0,0,0,0.0
chb03_16.edf,3305.0,3310.0,0,0,0.0
chb03_16.edf,3310.0,3315.0,0,0,0.0
chb03_16.edf,3315.0,3320.0,0,0,0.0
chb03_16.edf,3320.0,3325.0,0,0,0.0
chb03_16.edf,3325.0,3330.0,0,0,0.0
chb03_16.edf,3330.0,3335.0,0,0,0.0
chb03_16.edf,3335.0,3340.0,0,0,0.0
chb03_16.edf,3340.0,3345.0,0,0,0.0
chb03_16.edf,3345.0,3350.0,0,0,0.0
chb03_16.edf,3350.0,3355.0,0,0,0.0033333333333333335
chb03_16.edf,3355.0,3360.0,0,0,0.0
chb03_16.edf,3360.0,3365.0,0,0,0.0
chb03_16.edf,3365.0,3370.0,0,0,0.0
chb03_16.edf,3370.0,3375.0,0,0,0.0
chb03_16.edf,3375.0,3380.0,0,0,0.0
chb03_16.edf,3380.0,3385.0,0,0,0.0
chb03_16.edf,3385.0,3390.0,0,0,0.0
chb03_16.edf,3390.0,3395.0,0,0,0.0
chb03_16.edf,3395.0,3400.0,0,0,0.0
chb03_16.edf,3400.0,3405.0,0,0,0.0
chb03_16.edf,3405.0,3410.0,0,0,0.0
chb03_16.edf,3410.0,3415.0,0,0,0.0
chb03_16.edf,3415.0,3420.0,0,0,0.0
chb03_16.edf,3420.0,3425.0,0,0,0.0
chb03_16.edf,3425.0,3430.0,0,0,0.0
chb03_16.edf,3430.0,3435.0,0,0,0.0
chb03_16.edf,3435.0,3440.0,0,0,0.0
chb03_16.edf,3440.0,3445.0,0,0,0.0
chb03_16.edf,3445.0,3450.0,0,0,0.0
chb03_16.edf,3450.0,3455.0,0,0,0.0
chb03_16.edf,3455.0,3460.0,0,0,0.0
chb03_16.edf,3460.0,3465.0,0,0,0.0
chb03_16.edf,3465.0,3470.0,0,0,0.0
chb03_16.edf,3470.0,3475.0,0,0,0.0
chb03_16.edf,3475.0,3480.0,0,0,0.0
chb03_16.edf,3480.0,3485.0,0,0,0.0
chb03_16.edf,3485.0,3490.0,0,0,0.0
chb03_16.edf,3490.0,3495.0,0,0,0.0
chb03_16.edf,3495.0,3500.0,0,0,0.0
chb03_16.edf,3500.0,3505.0,0,0,0.0
chb03_16.edf,3505.0,3510.0,0,0,0.0
chb03_16.edf,3510.0,3515.0,0,0,0.0
chb03_16.edf,3515.0,3520.0,0,0,0.0
chb03_16.edf,3520.0,3525.0,0,0,0.0
chb03_16.edf,3525.0,3530.0,0,0,0.0
chb03_16.edf,3530.0,3535.0,0,0,0.0
chb03_16.edf,3535.0,3540.0,0,0,0.0
chb03_16.edf,3540.0,3545.0,0,0,0.0
chb03_16.edf,3545.0,3550.0,0,0,0.0
chb03_16.edf,3550.0,3555.0,0,0,0.0
chb03_16.edf,3555.0,3560.0,0,0,0.0
chb03_16.edf,3560.0,3565.0,0,0,0.0
chb03_16.edf,3565.0,3570.0,0,0,0.0
chb03_16.edf,3570.0,3575.0,0,0,0.0
chb03_16.edf,3575.0,3580.0,0,0,0.0
chb03_16.edf,3580.0,3585.0,0,0,0.0
chb03_16.edf,3585.0,3590.0,0,0,0.0
chb03_16.edf,3590.0,3595.0,0,0,0.0
chb03_17.edf,0.0,5.0,0,0,0.0
chb03_17.edf,5.0,10.0,0,0,0.0
chb03_17.edf,10.0,15.0,0,0,0.0
chb03_17.edf,15.0,20.0,0,0,0.0
chb03_17.edf,20.0,25.0,0,0,0.0
chb03_17.edf,25.0,30.0,0,0,0.0
chb03_17.edf,30.0,35.0,0,0,0.0
chb03_17.edf,35.0,40.0,0,0,0.0
chb03_17.edf,40.0,45.0,0,0,0.0
chb03_17.edf,45.0,50.0,0,0,0.0
chb03_17.edf,50.0,55.0,0,0,0.0
chb03_17.edf,55.0,60.0,0,0,0.0
chb03_17.edf,60.0,65.0,0,0,0.0
chb03_17.edf,65.0,70.0,0,0,0.0
chb03_17.edf,70.0,75.0,0,0,0.0
chb03_17.edf,75.0,80.0,0,0,0.0033333333333333335
chb03_17.edf,80.0,85.0,0,0,0.0
chb03_17.edf,85.0,90.0,0,0,0.0
chb03_17.edf,90.0,95.0,0,0,0.0
chb03_17.edf,95.0,100.0,0,0,0.0
chb03_17.edf,100.0,105.0,0,0,0.0
chb03_17.edf,105.0,110.0,0,0,0.0
chb03_17.edf,110.0,115.0,0,0,0.0
chb03_17.edf,115.0,120.0,0,0,0.0
chb03_17.edf,120.0,125.0,0,0,0.0
chb03_17.edf,125.0,130.0,0,0,0.0
chb03_17.edf,130.0,135.0,0,0,0.0
chb03_17.edf,135.0,140.0,0,0,0.0
chb03_17.edf,140.0,145.0,0,0,0.0
chb03_17.edf,145.0,150.0,0,0,0.0
chb03_17.edf,150.0,155.0,0,0,0.0
chb03_17.edf,155.0,160.0,0,0,0.0
chb03_17.edf,160.0,165.0,0,0,0.0
chb03_17.edf,165.0,170.0,0,0,0.0
chb03_17.edf,170.0,175.0,0,0,0.0
chb03_17.edf,175.0,180.0,0,0,0.0
chb03_17.edf,180.0,185.0,0,0,0.0
chb03_17.edf,185.0,190.0,0,0,0.0
chb03_17.edf,190.0,195.0,0,0,0.0
chb03_17.edf,195.0,200.0,0,0,0.0
chb03_17.edf,200.0,205.0,0,0,0.0033333333333333335
chb03_17.edf,205.0,210.0,0,0,0.0
chb03_17.edf,210.0,215.0,0,0,0.0
chb03_17.edf,215.0,220.0,0,0,0.0
chb03_17.edf,220.0,225.0,0,0,0.0
chb03_17.edf,225.0,230.0,0,0,0.0
chb03_17.edf,230.0,235.0,0,0,0.0
chb03_17.edf,235.0,240.0,0,0,0.0
chb03_17.edf,240.0,245.0,0,0,0.0
chb03_17.edf,245.0,250.0,0,0,0.0
chb03_17.edf,250.0,255.0,0,0,0.0
chb03_17.edf,255.0,260.0,0,0,0.0
chb03_17.edf,260.0,265.0,0,0,0.0
chb03_17.edf,265.0,270.0,0,0,0.0
chb03_17.edf,270.0,275.0,0,0,0.0
chb03_17.edf,275.0,280.0,0,0,0.0033333333333333335
chb03_17.edf,280.0,285.0,0,0,0.0
chb03_17.edf,285.0,290.0,0,0,0.0
chb03_17.edf,290.0,295.0,0,0,0.0
chb03_17.edf,295.0,300.0,0,0,0.0
chb03_17.edf,300.0,305.0,0,0,0.0
chb03_17.edf,305.0,310.0,0,0,0.0
chb03_17.edf,310.0,315.0,0,0,0.0
chb03_17.edf,315.0,320.0,0,0,0.0
chb03_17.edf,320.0,325.0,0,0,0.0
chb03_17.edf,325.0,330.0,0,0,0.0
chb03_17.edf,330.0,335.0,0,0,0.0
chb03_17.edf,335.0,340.0,0,0,0.0
chb03_17.edf,340.0,345.0,0,0,0.0
chb03_17.edf,345.0,350.0,0,0,0.0
chb03_17.edf,350.0,355.0,0,0,0.0
chb03_17.edf,355.0,360.0,0,0,0.0
chb03_17.edf,360.0,365.0,0,0,0.0033333333333333335
chb03_17.edf,365.0,370.0,0,0,0.0
chb03_17.edf,370.0,375.0,0,0,0.0
chb03_17.edf,375.0,380.0,0,0,0.0
chb03_17.edf,380.0,385.0,0,0,0.0
chb03_17.edf,385.0,390.0,0,0,0.0
chb03_17.edf,390.0,395.0,0,0,0.0
chb03_17.edf,395.0,400.0,0,0,0.0
chb03_17.edf,400.0,405.0,0,0,0.0
chb03_17.edf,405.0,410.0,0,0,0.0
chb03_17.edf,410.0,415.0,0,0,0.0
chb03_17.edf,415.0,420.0,0,0,0.0
chb03_17.edf,420.0,425.0,0,0,0.0
chb03_17.edf,425.0,430.0,0,0,0.0
chb03_17.edf,430.0,435.0,0,0,0.0
chb03_17.edf,435.0,440.0,0,0,0.0
chb03_17.edf,440.0,445.0,0,0,0.0
chb03_17.edf,445.0,450.0,0,0,0.0
chb03_17.edf,450.0,455.0,0,0,0.0
chb03_17.edf,455.0,460.0,0,0,0.0
chb03_17.edf,460.0,465.0,0,0,0.0
chb03_17.edf,465.0,470.0,0,0,0.0
chb03_17.edf,470.0,475.0,0,0,0.0
chb03_17.edf,475.0,480.0,0,0,0.0
chb03_17.edf,480.0,485.0,0,0,0.0
chb03_17.edf,485.0,490.0,0,0,0.0
chb03_17.edf,490.0,495.0,0,0,0.0
chb03_17.edf,495.0,500.0,0,0,0.0
chb03_17.edf,500.0,505.0,0,0,0.0
chb03_17.edf,505.0,510.0,0,0,0.0
chb03_17.edf,510.0,515.0,0,0,0.0
chb03_17.edf,515.0,520.0,0,0,0.0
chb03_17.edf,520.0,525.0,0,0,0.0
chb03_17.edf,525.0,530.0,0,0,0.0
chb03_17.edf,530.0,535.0,0,0,0.0
chb03_17.edf,535.0,540.0,0,0,0.0
chb03_17.edf,540.0,545.0,0,0,0.0
chb03_17.edf,545.0,550.0,0,0,0.0
chb03_17.edf,550.0,555.0,0,0,0.0
chb03_17.edf,555.0,560.0,0,0,0.0
chb03_17.edf,560.0,565.0,0,0,0.0
chb03_17.edf,565.0,570.0,0,0,0.0
chb03_17.edf,570.0,575.0,0,0,0.0
chb03_17.edf,575.0,580.0,0,0,0.0
chb03_17.edf,580.0,585.0,0,0,0.0
chb03_17.edf,585.0,590.0,0,0,0.0
chb03_17.edf,590.0,595.0,0,0,0.0
chb03_17.edf,595.0,600.0,0,0,0.0
chb03_17.edf,600.0,605.0,0,0,0.0
chb03_17.edf,605.0,610.0,0,0,0.0
chb03_17.edf,610.0,615.0,0,0,0.0
chb03_17.edf,615.0,620.0,0,0,0.0
chb03_17.edf,620.0,625.0,0,0,0.0
chb03_17.edf,625.0,630.0,0,0,0.013333333333333334
chb03_17.edf,630.0,635.0,0,0,0.0
chb03_17.edf,635.0,640.0,0,0,0.0
chb03_17.edf,640.0,645.0,0,0,0.0
chb03_17.edf,645.0,650.0,0,0,0.0
chb03_17.edf,650.0,655.0,0,0,0.0
chb03_17.edf,655.0,660.0,0,0,0.0
chb03_17.edf,660.0,665.0,0,0,0.0
chb03_17.edf,665.0,670.0,0,0,0.0
chb03_17.edf,670.0,675.0,0,0,0.0
chb03_17.edf,675.0,680.0,0,0,0.0
chb03_17.edf,680.0,685.0,0,0,0.0
chb03_17.edf,685.0,690.0,0,0,0.0
chb03_17.edf,690.0,695.0,0,0,0.0
chb03_17.edf,695.0,700.0,0,0,0.0
chb03_17.edf,700.0,705.0,0,0,0.0
chb03_17.edf,705.0,710.0,0,0,0.0
chb03_17.edf,710.0,715.0,0,0,0.0
chb03_17.edf,715.0,720.0,0,0,0.0
chb03_17.edf,720.0,725.0,0,0,0.0
chb03_17.edf,725.0,730.0,0,0,0.0
chb03_17.edf,730.0,735.0,0,0,0.0
chb03_17.edf,735.0,740.0,0,0,0.0
chb03_17.edf,740.0,745.0,0,0,0.0
chb03_17.edf,745.0,750.0,0,0,0.0
chb03_17.edf,750.0,755.0,0,0,0.0
chb03_17.edf,755.0,760.0,0,0,0.0
chb03_17.edf,760.0,765.0,0,0,0.0
chb03_17.edf,765.0,770.0,0,0,0.0
chb03_17.edf,770.0,775.0,0,0,0.0
chb03_17.edf,775.0,780.0,0,0,0.0
chb03_17.edf,780.0,785.0,0,0,0.0
chb03_17.edf,785.0,790.0,0,0,0.0
chb03_17.edf,790.0,795.0,0,0,0.0
chb03_17.edf,795.0,800.0,0,0,0.0
chb03_17.edf,800.0,805.0,0,0,0.0
chb03_17.edf,805.0,810.0,0,0,0.0
chb03_17.edf,810.0,815.0,0,0,0.0
chb03_17.edf,815.0,820.0,0,0,0.0
chb03_17.edf,820.0,825.0,0,0,0.0
chb03_17.edf,825.0,830.0,0,0,0.0
chb03_17.edf,830.0,835.0,0,0,0.0
chb03_17.edf,835.0,840.0,0,0,0.0
chb03_17.edf,840.0,845.0,0,0,0.0
chb03_17.edf,845.0,850.0,0,0,0.0033333333333333335
chb03_17.edf,850.0,855.0,0,0,0.0
chb03_17.edf,855.0,860.0,0,0,0.0033333333333333335
chb03_17.edf,860.0,865.0,0,0,0.0
chb03_17.edf,865.0,870.0,0,0,0.006666666666666667
chb03_17.edf,870.0,875.0,0,0,0.0
chb03_17.edf,875.0,880.0,0,0,0.0
chb03_17.edf,880.0,885.0,0,0,0.0
chb03_17.edf,885.0,890.0,0,0,0.0
chb03_17.edf,890.0,895.0,0,0,0.01
chb03_17.edf,895.0,900.0,0,0,0.0
chb03_17.edf,900.0,905.0,0,0,0.0
chb03_17.edf,905.0,910.0,0,0,0.0
chb03_17.edf,910.0,915.0,0,0,0.0
chb03_17.edf,915.0,920.0,0,0,0.0031159104130308274
chb03_17.edf,920.0,925.0,0,0,0.0
chb03_17.edf,925.0,930.0,0,0,0.0
chb03_17.edf,930.0,935.0,0,0,0.0031159104130308274
chb03_17.edf,935.0,940.0,0,0,0.0
chb03_17.edf,940.0,945.0,0,0,0.0
chb03_17.edf,945.0,950.0,0,0,0.0
chb03_17.edf,950.0,955.0,0,0,0.0
chb03_17.edf,955.0,960.0,0,0,0.0
chb03_17.edf,960.0,965.0,0,0,0.0
chb03_17.edf,965.0,970.0,0,0,0.0
chb03_17.edf,970.0,975.0,0,0,0.0
chb03_17.edf,975.0,980.0,0,0,0.0
chb03_17.edf,980.0,985.0,0,0,0.006666666666666667
chb03_17.edf,985.0,990.0,0,0,0.09
chb03_17.edf,990.0,995.0,0,0,0.006666666666666667
chb03_17.edf,995.0,1000.0,0,0,0.0
chb03_17.edf,1000.0,1005.0,0,0,0.0
chb03_17.edf,1005.0,1010.0,0,0,0.0
chb03_17.edf,1010.0,1015.0,0,0,0.0
chb03_17.edf,1015.0,1020.0,0,0,0.0
chb03_17.edf,1020.0,1025.0,0,0,0.0
chb03_17.edf,1025.0,1030.0,0,0,0.0
chb03_17.edf,1030.0,1035.0,0,0,0.0
chb03_17.edf,1035.0,1040.0,0,0,0.0
chb03_17.edf,1040.0,1045.0,0,0,0.0
chb03_17.edf,1045.0,1050.0,0,0,0.0
chb03_17.edf,1050.0,1055.0,0,0,0.006666666666666667
chb03_17.edf,1055.0,1060.0,0,0,0.0
chb03_17.edf,1060.0,1065.0,0,0,0.0
chb03_17.edf,1065.0,1070.0,0,0,0.0
chb03_17.edf,1070.0,1075.0,0,0,0.0
chb03_17.edf,1075.0,1080.0,0,0,0.0
chb03_17.edf,1080.0,1085.0,0,0,0.0033333333333333335
chb03_17.edf,1085.0,1090.0,0,0,0.0
chb03_17.edf,1090.0,1095.0,0,0,0.0
chb03_17.edf,1095.0,1100.0,0,0,0.0
chb03_17.edf,1100.0,1105.0,0,0,0.0
chb03_17.edf,1105.0,1110.0,0,0,0.0
chb03_17.edf,1110.0,1115.0,0,0,0.0
chb03_17.edf,1115.0,1120.0,0,0,0.0
chb03_17.edf,1120.0,1125.0,0,0,0.0
chb03_17.edf,1125.0,1130.0,0,0,0.0
chb03_17.edf,1130.0,1135.0,0,0,0.0
chb03_17.edf,1135.0,1140.0,0,0,0.0
chb03_17.edf,1140.0,1145.0,0,0,0.0
chb03_17.edf,1145.0,1150.0,0,0,0.0
chb03_17.edf,1150.0,1155.0,0,0,0.0
chb03_17.edf,1155.0,1160.0,0,0,0.0
chb03_17.edf,1160.0,1165.0,0,0,0.0
chb03_17.edf,1165.0,1170.0,0,0,0.0
chb03_17.edf,1170.0,1175.0,0,0,0.0
chb03_17.edf,1175.0,1180.0,0,0,0.0
chb03_17.edf,1180.0,1185.0,0,0,0.0
chb03_17.edf,1185.0,1190.0,0,0,0.0
chb03_17.edf,1190.0,1195.0,0,0,0.0
chb03_17.edf,1195.0,1200.0,0,0,0.0
chb03_17.edf,1200.0,1205.0,0,0,0.0
chb03_17.edf,1205.0,1210.0,0,0,0.0
chb03_17.edf,1210.0,1215.0,0,0,0.0
chb03_17.edf,1215.0,1220.0,0,0,0.0
chb03_17.edf,1220.0,1225.0,0,0,0.0
chb03_17.edf,1225.0,1230.0,0,0,0.0
chb03_17.edf,1230.0,1235.0,0,0,0.0
chb03_17.edf,1235.0,1240.0,0,0,0.0
chb03_17.edf,1240.0,1245.0,0,0,0.0
chb03_17.edf,1245.0,1250.0,0,0,0.0
chb03_17.edf,1250.0,1255.0,0,0,0.0033333333333333335
chb03_17.edf,1255.0,1260.0,0,0,0.03666666666666667
chb03_17.edf,1260.0,1265.0,0,0,0.0033333333333333335
chb03_17.edf,1265.0,1270.0,0,0,0.0
chb03_17.edf,1270.0,1275.0,0,0,0.0
chb03_17.edf,1275.0,1280.0,0,0,0.0
chb03_17.edf,1280.0,1285.0,0,0,0.0
chb03_17.edf,1285.0,1290.0,0,0,0.0
chb03_17.edf,1290.0,1295.0,0,0,0.0
chb03_17.edf,1295.0,1300.0,0,0,0.0
chb03_17.edf,1300.0,1305.0,0,0,0.0
chb03_17.edf,1305.0,1310.0,0,0,0.0
chb03_17.edf,1310.0,1315.0,0,0,0.0
chb03_17.edf,1315.0,1320.0,0,0,0.0
chb03_17.edf,1320.0,1325.0,0,0,0.0
chb03_17.edf,1325.0,1330.0,0,0,0.0
chb03_17.edf,1330.0,1335.0,0,0,0.0
chb03_17.edf,1335.0,1340.0,0,0,0.0
chb03_17.edf,1340.0,1345.0,0,0,0.0
chb03_17.edf,1345.0,1350.0,0,0,0.0
chb03_17.edf,1350.0,1355.0,0,0,0.0
chb03_17.edf,1355.0,1360.0,0,0,0.0
chb03_17.edf,1360.0,1365.0,0,0,0.0
chb03_17.edf,1365.0,1370.0,0,0,0.0
chb03_17.edf,1370.0,1375.0,0,0,0.0
chb03_17.edf,1375.0,1380.0,0,0,0.0
chb03_17.edf,1380.0,1385.0,0,0,0.0
chb03_17.edf,1385.0,1390.0,0,0,0.0
chb03_17.edf,1390.0,1395.0,0,0,0.0
chb03_17.edf,1395.0,1400.0,0,0,0.0
chb03_17.edf,1400.0,1405.0,0,0,0.0
chb03_17.edf,1405.0,1410.0,0,0,0.0
chb03_17.edf,1410.0,1415.0,0,0,0.0
chb03_17.edf,1415.0,1420.0,0,0,0.0
chb03_17.edf,1420.0,1425.0,0,0,0.0
chb03_17.edf,1425.0,1430.0,0,0,0.0
chb03_17.edf,1430.0,1435.0,0,0,0.0
chb03_17.edf,1435.0,1440.0,0,0,0.0
chb03_17.edf,1440.0,1445.0,0,0,0.0
chb03_17.edf,1445.0,1450.0,0,0,0.0
chb03_17.edf,1450.0,1455.0,0,0,0.0
chb03_17.edf,1455.0,1460.0,0,0,0.0
chb03_17.edf,1460.0,1465.0,0,0,0.0
chb03_17.edf,1465.0,1470.0,0,0,0.0
chb03_17.edf,1470.0,1475.0,0,0,0.0
chb03_17.edf,1475.0,1480.0,0,0,0.0
chb03_17.edf,1480.0,1485.0,0,0,0.0
chb03_17.edf,1485.0,1490.0,0,0,0.0
chb03_17.edf,1490.0,1495.0,0,0,0.0
chb03_17.edf,1495.0,1500.0,0,0,0.0
chb03_17.edf,1500.0,1505.0,0,0,0.0
chb03_17.edf,1505.0,1510.0,0,0,0.0
chb03_17.edf,1510.0,1515.0,0,0,0.0
chb03_17.edf,1515.0,1520.0,0,0,0.0
chb03_17.edf,1520.0,1525.0,0,0,0.0
chb03_17.edf,1525.0,1530.0,0,0,0.0
chb03_17.edf,1530.0,1535.0,0,0,0.0
chb03_17.edf,1535.0,1540.0,0,0,0.0
chb03_17.edf,1540.0,1545.0,0,0,0.0
chb03_17.edf,1545.0,1550.0,0,0,0.0
chb03_17.edf,1550.0,1555.0,0,0,0.0
chb03_17.edf,1555.0,1560.0,0,0,0.0
chb03_17.edf,1560.0,1565.0,0,0,0.0
chb03_17.edf,1565.0,1570.0,0,0,0.0
chb03_17.edf,1570.0,1575.0,0,0,0.0
chb03_17.edf,1575.0,1580.0,0,0,0.0
chb03_17.edf,1580.0,1585.0,0,0,0.0
chb03_17.edf,1585.0,1590.0,0,0,0.0031159104130308274
chb03_17.edf,1590.0,1595.0,0,0,0.0
chb03_17.edf,1595.0,1600.0,0,0,0.0
chb03_17.edf,1600.0,1605.0,0,0,0.0
chb03_17.edf,1605.0,1610.0,0,0,0.0
chb03_17.edf,1610.0,1615.0,0,0,0.0
chb03_17.edf,1615.0,1620.0,0,0,0.0
chb03_17.edf,1620.0,1625.0,0,0,0.0
chb03_17.edf,1625.0,1630.0,0,0,0.0
chb03_17.edf,1630.0,1635.0,0,0,0.0
chb03_17.edf,1635.0,1640.0,0,0,0.0
chb03_17.edf,1640.0,1645.0,0,0,0.0
chb03_17.edf,1645.0,1650.0,0,0,0.0
chb03_17.edf,1650.0,1655.0,0,0,0.0
chb03_17.edf,1655.0,1660.0,0,0,0.0
chb03_17.edf,1660.0,1665.0,0,0,0.0
chb03_17.edf,1665.0,1670.0,0,0,0.0
chb03_17.edf,1670.0,1675.0,0,0,0.0
chb03_17.edf,1675.0,1680.0,0,0,0.006666666666666667
chb03_17.edf,1680.0,1685.0,0,0,0.0
chb03_17.edf,1685.0,1690.0,0,0,0.0033333333333333335
chb03_17.edf,1690.0,1695.0,0,0,0.0
chb03_17.edf,1695.0,1700.0,0,0,0.0
chb03_17.edf,1700.0,1705.0,0,0,0.0
chb03_17.edf,1705.0,1710.0,0,0,0.006666666666666667
chb03_17.edf,1710.0,1715.0,0,0,0.0031159104130308274
chb03_17.edf,1715.0,1720.0,0,0,0.0
chb03_17.edf,1720.0,1725.0,0,0,0.0
chb03_17.edf,1725.0,1730.0,0,0,0.0
chb03_17.edf,1730.0,1735.0,0,0,0.0033333333333333335
chb03_17.edf,1735.0,1740.0,0,0,0.0
chb03_17.edf,1740.0,1745.0,0,0,0.0031159104130308274
chb03_17.edf,1745.0,1750.0,0,0,0.0031159104130308274
chb03_17.edf,1750.0,1755.0,0,0,0.0
chb03_17.edf,1755.0,1760.0,0,0,0.0
chb03_17.edf,1760.0,1765.0,0,0,0.0
chb03_17.edf,1765.0,1770.0,0,0,0.0
chb03_17.edf,1770.0,1775.0,0,0,0.0
chb03_17.edf,1775.0,1780.0,0,0,0.0
chb03_17.edf,1780.0,1785.0,0,0,0.0
chb03_17.edf,1785.0,1790.0,0,0,0.0
chb03_17.edf,1790.0,1795.0,0,0,0.0
chb03_17.edf,1795.0,1800.0,0,0,0.0031159104130308274
chb03_17.edf,1800.0,1805.0,0,0,0.0
chb03_17.edf,1805.0,1810.0,0,0,0.0
chb03_17.edf,1810.0,1815.0,0,0,0.0033333333333333335
chb03_17.edf,1815.0,1820.0,0,0,0.0
chb03_17.edf,1820.0,1825.0,0,0,0.0
chb03_17.edf,1825.0,1830.0,0,0,0.0
chb03_17.edf,1830.0,1835.0,0,0,0.0
chb03_17.edf,1835.0,1840.0,0,0,0.0
chb03_17.edf,1840.0,1845.0,0,0,0.0
chb03_17.edf,1845.0,1850.0,0,0,0.0
chb03_17.edf,1850.0,1855.0,0,0,0.0
chb03_17.edf,1855.0,1860.0,0,0,0.0
chb03_17.edf,1860.0,1865.0,0,0,0.0
chb03_17.edf,1865.0,1870.0,0,0,0.0
chb03_17.edf,1870.0,1875.0,0,0,0.0
chb03_17.edf,1875.0,1880.0,0,0,0.0
chb03_17.edf,1880.0,1885.0,0,0,0.0033333333333333335
chb03_17.edf,1885.0,1890.0,0,0,0.0
chb03_17.edf,1890.0,1895.0,0,0,0.0
chb03_17.edf,1895.0,1900.0,0,0,0.0
chb03_17.edf,1900.0,1905.0,0,0,0.0
chb03_17.edf,1905.0,1910.0,0,0,0.01
chb03_17.edf,1910.0,1915.0,0,0,0.0033333333333333335
chb03_17.edf,1915.0,1920.0,0,0,0.0
chb03_17.edf,1920.0,1925.0,0,0,0.0
chb03_17.edf,1925.0,1930.0,0,0,0.0
chb03_17.edf,1930.0,1935.0,0,0,0.0
chb03_17.edf,1935.0,1940.0,0,0,0.0
chb03_17.edf,1940.0,1945.0,0,0,0.0
chb03_17.edf,1945.0,1950.0,0,0,0.0
chb03_17.edf,1950.0,1955.0,0,0,0.0
chb03_17.edf,1955.0,1960.0,0,0,0.01
chb03_17.edf,1960.0,1965.0,0,0,0.0033333333333333335
chb03_17.edf,1965.0,1970.0,0,0,0.0
chb03_17.edf,1970.0,1975.0,0,0,0.0
chb03_17.edf,1975.0,1980.0,0,0,0.0
chb03_17.edf,1980.0,1985.0,0,0,0.0
chb03_17.edf,1985.0,1990.0,0,0,0.0
chb03_17.edf,1990.0,1995.0,0,0,0.0
chb03_17.edf,1995.0,2000.0,0,0,0.0
chb03_17.edf,2000.0,2005.0,0,0,0.0
chb03_17.edf,2005.0,2010.0,0,0,0.0
chb03_17.edf,2010.0,2015.0,0,0,0.0
chb03_17.edf,2015.0,2020.0,0,0,0.0
chb03_17.edf,2020.0,2025.0,0,0,0.0
chb03_17.edf,2025.0,2030.0,0,0,0.0
chb03_17.edf,2030.0,2035.0,0,0,0.0
chb03_17.edf,2035.0,2040.0,0,0,0.0
chb03_17.edf,2040.0,2045.0,0,0,0.0
chb03_17.edf,2045.0,2050.0,0,0,0.0
chb03_17.edf,2050.0,2055.0,0,0,0.0
chb03_17.edf,2055.0,2060.0,0,0,0.0
chb03_17.edf,2060.0,2065.0,0,0,0.0
chb03_17.edf,2065.0,2070.0,0,0,0.0
chb03_17.edf,2070.0,2075.0,0,0,0.0
chb03_17.edf,2075.0,2080.0,0,0,0.0
chb03_17.edf,2080.0,2085.0,0,0,0.0
chb03_17.edf,2085.0,2090.0,0,0,0.0
chb03_17.edf,2090.0,2095.0,0,0,0.0
chb03_17.edf,2095.0,2100.0,0,0,0.0
chb03_17.edf,2100.0,2105.0,0,0,0.0
chb03_17.edf,2105.0,2110.0,0,0,0.0
chb03_17.edf,2110.0,2115.0,0,0,0.0
chb03_17.edf,2115.0,2120.0,0,0,0.0033333333333333335
chb03_17.edf,2120.0,2125.0,0,0,0.0
chb03_17.edf,2125.0,2130.0,0,0,0.0
chb03_17.edf,2130.0,2135.0,0,0,0.0
chb03_17.edf,2135.0,2140.0,0,0,0.0
chb03_17.edf,2140.0,2145.0,0,0,0.0
chb03_17.edf,2145.0,2150.0,0,0,0.0
chb03_17.edf,2150.0,2155.0,0,0,0.0
chb03_17.edf,2155.0,2160.0,0,0,0.0031159104130308274
chb03_17.edf,2160.0,2165.0,0,0,0.0031159104130308274
chb03_17.edf,2165.0,2170.0,0,0,0.0
chb03_17.edf,2170.0,2175.0,0,0,0.0
chb03_17.edf,2175.0,2180.0,0,0,0.0
chb03_17.edf,2180.0,2185.0,0,0,0.0
chb03_17.edf,2185.0,2190.0,0,0,0.0
chb03_17.edf,2190.0,2195.0,0,0,0.0
chb03_17.edf,2195.0,2200.0,0,0,0.0
chb03_17.edf,2200.0,2205.0,0,0,0.0
chb03_17.edf,2205.0,2210.0,0,0,0.0
chb03_17.edf,2210.0,2215.0,0,0,0.0
chb03_17.edf,2215.0,2220.0,0,0,0.0031159104130308274
chb03_17.edf,2220.0,2225.0,0,0,0.0
chb03_17.edf,2225.0,2230.0,0,0,0.0
chb03_17.edf,2230.0,2235.0,0,0,0.0
chb03_17.edf,2235.0,2240.0,0,0,0.0
chb03_17.edf,2240.0,2245.0,0,0,0.0
chb03_17.edf,2245.0,2250.0,0,0,0.0
chb03_17.edf,2250.0,2255.0,0,0,0.0
chb03_17.edf,2255.0,2260.0,0,0,0.0033333333333333335
chb03_17.edf,2260.0,2265.0,0,0,0.0
chb03_17.edf,2265.0,2270.0,0,0,0.0
chb03_17.edf,2270.0,2275.0,0,0,0.0033333333333333335
chb03_17.edf,2275.0,2280.0,0,0,0.0
chb03_17.edf,2280.0,2285.0,0,0,0.0
chb03_17.edf,2285.0,2290.0,0,0,0.0
chb03_17.edf,2290.0,2295.0,0,0,0.0
chb03_17.edf,2295.0,2300.0,0,0,0.0
chb03_17.edf,2300.0,2305.0,0,0,0.0033333333333333335
chb03_17.edf,2305.0,2310.0,0,0,0.0
chb03_17.edf,2310.0,2315.0,0,0,0.0
chb03_17.edf,2315.0,2320.0,0,0,0.0
chb03_17.edf,2320.0,2325.0,0,0,0.0
chb03_17.edf,2325.0,2330.0,0,0,0.0
chb03_17.edf,2330.0,2335.0,0,0,0.0
chb03_17.edf,2335.0,2340.0,0,0,0.0
chb03_17.edf,2340.0,2345.0,0,0,0.0
chb03_17.edf,2345.0,2350.0,0,0,0.0
chb03_17.edf,2350.0,2355.0,0,0,0.0
chb03_17.edf,2355.0,2360.0,0,0,0.0
chb03_17.edf,2360.0,2365.0,0,0,0.0
chb03_17.edf,2365.0,2370.0,0,0,0.0
chb03_17.edf,2370.0,2375.0,0,0,0.0
chb03_17.edf,2375.0,2380.0,0,0,0.0
chb03_17.edf,2380.0,2385.0,0,0,0.0
chb03_17.edf,2385.0,2390.0,0,0,0.0
chb03_17.edf,2390.0,2395.0,0,0,0.0
chb03_17.edf,2395.0,2400.0,0,0,0.0
chb03_17.edf,2400.0,2405.0,0,0,0.0
chb03_17.edf,2405.0,2410.0,0,0,0.0
chb03_17.edf,2410.0,2415.0,0,0,0.0
chb03_17.edf,2415.0,2420.0,0,0,0.0
chb03_17.edf,2420.0,2425.0,0,0,0.0
chb03_17.edf,2425.0,2430.0,0,0,0.0
chb03_17.edf,2430.0,2435.0,0,0,0.0
chb03_17.edf,2435.0,2440.0,0,0,0.0
chb03_17.edf,2440.0,2445.0,0,0,0.0
chb03_17.edf,2445.0,2450.0,0,0,0.0
chb03_17.edf,2450.0,2455.0,0,0,0.0
chb03_17.edf,2455.0,2460.0,0,0,0.0
chb03_17.edf,2460.0,2465.0,0,0,0.0
chb03_17.edf,2465.0,2470.0,0,0,0.0
chb03_17.edf,2470.0,2475.0,0,0,0.0
chb03_17.edf,2475.0,2480.0,0,0,0.0
chb03_17.edf,2480.0,2485.0,0,0,0.0
chb03_17.edf,2485.0,2490.0,0,0,0.0
chb03_17.edf,2490.0,2495.0,0,0,0.0
chb03_17.edf,2495.0,2500.0,0,0,0.0
chb03_17.edf,2500.0,2505.0,0,0,0.0
chb03_17.edf,2505.0,2510.0,0,0,0.0
chb03_17.edf,2510.0,2515.0,0,0,0.0
chb03_17.edf,2515.0,2520.0,0,0,0.0
chb03_17.edf,2520.0,2525.0,0,0,0.0
chb03_17.edf,2525.0,2530.0,0,0,0.0
chb03_17.edf,2530.0,2535.0,0,0,0.0
chb03_17.edf,2535.0,2540.0,0,0,0.0
chb03_17.edf,2540.0,2545.0,0,0,0.0
chb03_17.edf,2545.0,2550.0,0,0,0.0
chb03_17.edf,2550.0,2555.0,0,0,0.0
chb03_17.edf,2555.0,2560.0,0,0,0.0
chb03_17.edf,2560.0,2565.0,0,0,0.0
chb03_17.edf,2565.0,2570.0,0,0,0.0
chb03_17.edf,2570.0,2575.0,0,0,0.0
chb03_17.edf,2575.0,2580.0,0,0,0.0
chb03_17.edf,2580.0,2585.0,0,0,0.0
chb03_17.edf,2585.0,2590.0,0,0,0.0
chb03_17.edf,2590.0,2595.0,0,0,0.0
chb03_17.edf,2595.0,2600.0,0,0,0.0
chb03_17.edf,2600.0,2605.0,0,0,0.0
chb03_17.edf,2605.0,2610.0,0,0,0.0
chb03_17.edf,2610.0,2615.0,0,0,0.0
chb03_17.edf,2615.0,2620.0,0,0,0.0
chb03_17.edf,2620.0,2625.0,0,0,0.0
chb03_17.edf,2625.0,2630.0,0,0,0.0
chb03_17.edf,2630.0,2635.0,0,0,0.0
chb03_17.edf,2635.0,2640.0,0,0,0.0
chb03_17.edf,2640.0,2645.0,0,0,0.0
chb03_17.edf,2645.0,2650.0,0,0,0.0
chb03_17.edf,2650.0,2655.0,0,0,0.0
chb03_17.edf,2655.0,2660.0,0,0,0.0
chb03_17.edf,2660.0,2665.0,0,0,0.01
chb03_17.edf,2665.0,2670.0,0,0,0.0
chb03_17.edf,2670.0,2675.0,0,0,0.0
chb03_17.edf,2675.0,2680.0,0,0,0.0
chb03_17.edf,2680.0,2685.0,0,0,0.0
chb03_17.edf,2685.0,2690.0,0,0,0.0
chb03_17.edf,2690.0,2695.0,0,0,0.0
chb03_17.edf,2695.0,2700.0,0,0,0.0
chb03_17.edf,2700.0,2705.0,0,0,0.0
chb03_17.edf,2705.0,2710.0,0,0,0.0
chb03_17.edf,2710.0,2715.0,0,0,0.0
chb03_17.edf,2715.0,2720.0,0,0,0.0
chb03_17.edf,2720.0,2725.0,0,0,0.0
chb03_17.edf,2725.0,2730.0,0,0,0.0
chb03_17.edf,2730.0,2735.0,0,0,0.0
chb03_17.edf,2735.0,2740.0,0,0,0.0
chb03_17.edf,2740.0,2745.0,0,0,0.0
chb03_17.edf,2745.0,2750.0,0,0,0.0
chb03_17.edf,2750.0,2755.0,0,0,0.0
chb03_17.edf,2755.0,2760.0,0,0,0.0
chb03_17.edf,2760.0,2765.0,0,0,0.0
chb03_17.edf,2765.0,2770.0,0,0,0.0
chb03_17.edf,2770.0,2775.0,0,0,0.0
chb03_17.edf,2775.0,2780.0,0,0,0.0
chb03_17.edf,2780.0,2785.0,0,0,0.0
chb03_17.edf,2785.0,2790.0,0,0,0.0
chb03_17.edf,2790.0,2795.0,0,0,0.0
chb03_17.edf,2795.0,2800.0,0,0,0.0
chb03_17.edf,2800.0,2805.0,0,0,0.0
chb03_17.edf,2805.0,2810.0,0,0,0.0
chb03_17.edf,2810.0,2815.0,0,0,0.0
chb03_17.edf,2815.0,2820.0,0,0,0.0
chb03_17.edf,2820.0,2825.0,0,0,0.0
chb03_17.edf,2825.0,2830.0,0,0,0.0
chb03_17.edf,2830.0,2835.0,0,0,0.0
chb03_17.edf,2835.0,2840.0,0,0,0.0
chb03_17.edf,2840.0,2845.0,0,0,0.01
chb03_17.edf,2845.0,2850.0,0,0,0.0
chb03_17.edf,2850.0,2855.0,0,0,0.0
chb03_17.edf,2855.0,2860.0,0,0,0.0
chb03_17.edf,2860.0,2865.0,0,0,0.0
chb03_17.edf,2865.0,2870.0,0,0,0.0
chb03_17.edf,2870.0,2875.0,0,0,0.0
chb03_17.edf,2875.0,2880.0,0,0,0.0033333333333333335
chb03_17.edf,2880.0,2885.0,0,0,0.0033333333333333335
chb03_17.edf,2885.0,2890.0,0,0,0.0
chb03_17.edf,2890.0,2895.0,0,0,0.0
chb03_17.edf,2895.0,2900.0,0,0,0.0
chb03_17.edf,2900.0,2905.0,0,0,0.0
chb03_17.edf,2905.0,2910.0,0,0,0.0
chb03_17.edf,2910.0,2915.0,0,0,0.0
chb03_17.edf,2915.0,2920.0,0,0,0.0
chb03_17.edf,2920.0,2925.0,0,0,0.0
chb03_17.edf,2925.0,2930.0,0,0,0.0
chb03_17.edf,2930.0,2935.0,0,0,0.0
chb03_17.edf,2935.0,2940.0,0,0,0.0
chb03_17.edf,2940.0,2945.0,0,0,0.0
chb03_17.edf,2945.0,2950.0,0,0,0.0
chb03_17.edf,2950.0,2955.0,0,0,0.0
chb03_17.edf,2955.0,2960.0,0,0,0.0
chb03_17.edf,2960.0,2965.0,0,0,0.0
chb03_17.edf,2965.0,2970.0,0,0,0.0033333333333333335
chb03_17.edf,2970.0,2975.0,0,0,0.0
chb03_17.edf,2975.0,2980.0,0,0,0.0
chb03_17.edf,2980.0,2985.0,0,0,0.0
chb03_17.edf,2985.0,2990.0,0,0,0.0
chb03_17.edf,2990.0,2995.0,0,0,0.0
chb03_17.edf,2995.0,3000.0,0,0,0.0
chb03_17.edf,3000.0,3005.0,0,0,0.0
chb03_17.edf,3005.0,3010.0,0,0,0.0
chb03_17.edf,3010.0,3015.0,0,0,0.0
chb03_17.edf,3015.0,3020.0,0,0,0.0
chb03_17.edf,3020.0,3025.0,0,0,0.0
chb03_17.edf,3025.0,3030.0,0,0,0.0
chb03_17.edf,3030.0,3035.0,0,0,0.0
chb03_17.edf,3035.0,3040.0,0,0,0.0
chb03_17.edf,3040.0,3045.0,0,0,0.0
chb03_17.edf,3045.0,3050.0,0,0,0.0
chb03_17.edf,3050.0,3055.0,0,0,0.0
chb03_17.edf,3055.0,3060.0,0,0,0.0
chb03_17.edf,3060.0,3065.0,0,0,0.0
chb03_17.edf,3065.0,3070.0,0,0,0.0
chb03_17.edf,3070.0,3075.0,0,0,0.0
chb03_17.edf,3075.0,3080.0,0,0,0.0
chb03_17.edf,3080.0,3085.0,0,0,0.0
chb03_17.edf,3085.0,3090.0,0,0,0.0
chb03_17.edf,3090.0,3095.0,0,0,0.0
chb03_17.edf,3095.0,3100.0,0,0,0.0
chb03_17.edf,3100.0,3105.0,0,0,0.0
chb03_17.edf,3105.0,3110.0,0,0,0.0033333333333333335
chb03_17.edf,3110.0,3115.0,0,0,0.0
chb03_17.edf,3115.0,3120.0,0,0,0.0
chb03_17.edf,3120.0,3125.0,0,0,0.0
chb03_17.edf,3125.0,3130.0,0,0,0.0
chb03_17.edf,3130.0,3135.0,0,0,0.0
chb03_17.edf,3135.0,3140.0,0,0,0.0
chb03_17.edf,3140.0,3145.0,0,0,0.0
chb03_17.edf,3145.0,3150.0,0,0,0.0
chb03_17.edf,3150.0,3155.0,0,0,0.0
chb03_17.edf,3155.0,3160.0,0,0,0.0
chb03_17.edf,3160.0,3165.0,0,0,0.0
chb03_17.edf,3165.0,3170.0,0,0,0.0
chb03_17.edf,3170.0,3175.0,0,0,0.0
chb03_17.edf,3175.0,3180.0,0,0,0.0
chb03_17.edf,3180.0,3185.0,0,0,0.0
chb03_17.edf,3185.0,3190.0,0,0,0.0
chb03_17.edf,3190.0,3195.0,0,0,0.0
chb03_17.edf,3195.0,3200.0,0,0,0.0
chb03_17.edf,3200.0,3205.0,0,0,0.0
chb03_17.edf,3205.0,3210.0,0,0,0.0
chb03_17.edf,3210.0,3215.0,0,0,0.0
chb03_17.edf,3215.0,3220.0,0,0,0.0
chb03_17.edf,3220.0,3225.0,0,0,0.0
chb03_17.edf,3225.0,3230.0,0,0,0.0
chb03_17.edf,3230.0,3235.0,0,0,0.0
chb03_17.edf,3235.0,3240.0,0,0,0.0
chb03_17.edf,3240.0,3245.0,0,0,0.0
chb03_17.edf,3245.0,3250.0,0,0,0.0
chb03_17.edf,3250.0,3255.0,0,0,0.0
chb03_17.edf,3255.0,3260.0,0,0,0.0
chb03_17.edf,3260.0,3265.0,0,0,0.0
chb03_17.edf,3265.0,3270.0,0,0,0.0
chb03_17.edf,3270.0,3275.0,0,0,0.0
chb03_17.edf,3275.0,3280.0,0,0,0.0
chb03_17.edf,3280.0,3285.0,0,0,0.0
chb03_17.edf,3285.0,3290.0,0,0,0.0
chb03_17.edf,3290.0,3295.0,0,0,0.0
chb03_17.edf,3295.0,3300.0,0,0,0.0
chb03_17.edf,3300.0,3305.0,0,0,0.0
chb03_17.edf,3305.0,3310.0,0,0,0.0
chb03_17.edf,3310.0,3315.0,0,0,0.0
chb03_17.edf,3315.0,3320.0,0,0,0.0
chb03_17.edf,3320.0,3325.0,0,0,0.0
chb03_17.edf,3325.0,3330.0,0,0,0.0
chb03_17.edf,3330.0,3335.0,0,0,0.0
chb03_17.edf,3335.0,3340.0,0,0,0.0
chb03_17.edf,3340.0,3345.0,0,0,0.0
chb03_17.edf,3345.0,3350.0,0,0,0.0
chb03_17.edf,3350.0,3355.0,0,0,0.0
chb03_17.edf,3355.0,3360.0,0,0,0.0
chb03_17.edf,3360.0,3365.0,0,0,0.0
chb03_17.edf,3365.0,3370.0,0,0,0.0
chb03_17.edf,3370.0,3375.0,0,0,0.0
chb03_17.edf,3375.0,3380.0,0,0,0.0
chb03_17.edf,3380.0,3385.0,0,0,0.0
chb03_17.edf,3385.0,3390.0,0,0,0.0
chb03_17.edf,3390.0,3395.0,0,0,0.0
chb03_17.edf,3395.0,3400.0,0,0,0.0
chb03_17.edf,3400.0,3405.0,0,0,0.0
chb03_17.edf,3405.0,3410.0,0,0,0.0
chb03_17.edf,3410.0,3415.0,0,0,0.0
chb03_17.edf,3415.0,3420.0,0,0,0.0
chb03_17.edf,3420.0,3425.0,0,0,0.0
chb03_17.edf,3425.0,3430.0,0,0,0.0
chb03_17.edf,3430.0,3435.0,0,0,0.0
chb03_17.edf,3435.0,3440.0,0,0,0.0
chb03_17.edf,3440.0,3445.0,0,0,0.0
chb03_17.edf,3445.0,3450.0,0,0,0.0
chb03_17.edf,3450.0,3455.0,0,0,0.0
chb03_17.edf,3455.0,3460.0,0,0,0.0
chb03_17.edf,3460.0,3465.0,0,0,0.0
chb03_17.edf,3465.0,3470.0,0,0,0.0
chb03_17.edf,3470.0,3475.0,0,0,0.0
chb03_17.edf,3475.0,3480.0,0,0,0.0
chb03_17.edf,3480.0,3485.0,0,0,0.0
chb03_17.edf,3485.0,3490.0,0,0,0.0033333333333333335
chb03_17.edf,3490.0,3495.0,0,0,0.0
chb03_17.edf,3495.0,3500.0,0,0,0.0
chb03_17.edf,3500.0,3505.0,0,0,0.0
chb03_17.edf,3505.0,3510.0,0,0,0.0
chb03_17.edf,3510.0,3515.0,0,0,0.0
chb03_17.edf,3515.0,3520.0,0,0,0.0
chb03_17.edf,3520.0,3525.0,0,0,0.0
chb03_17.edf,3525.0,3530.0,0,0,0.0
chb03_17.edf,3530.0,3535.0,0,0,0.0
chb03_17.edf,3535.0,3540.0,0,0,0.0
chb03_17.edf,3540.0,3545.0,0,0,0.0
chb03_17.edf,3545.0,3550.0,0,0,0.0
chb03_17.edf,3550.0,3555.0,0,0,0.0
chb03_17.edf,3555.0,3560.0,0,0,0.0
chb03_17.edf,3560.0,3565.0,0,0,0.0
chb03_17.edf,3565.0,3570.0,0,0,0.0
chb03_17.edf,3570.0,3575.0,0,0,0.0
chb03_17.edf,3575.0,3580.0,0,0,0.0
chb03_17.edf,3580.0,3585.0,0,0,0.0
chb03_17.edf,3585.0,3590.0,0,0,0.0031159104130308274
chb03_17.edf,3590.0,3595.0,0,0,0.0
chb03_34.edf,0.0,5.0,0,0,0.0
chb03_34.edf,5.0,10.0,0,0,0.013333333333333334
chb03_34.edf,10.0,15.0,0,0,0.18
chb03_34.edf,15.0,20.0,0,0,0.1698233995584989
chb03_34.edf,20.0,25.0,0,0,0.013333333333333334
chb03_34.edf,25.0,30.0,0,0,0.0033333333333333335
chb03_34.edf,30.0,35.0,0,0,0.0031567328918322294
chb03_34.edf,35.0,40.0,0,0,0.06982339955849891
chb03_34.edf,40.0,45.0,0,0,0.0
chb03_34.edf,45.0,50.0,0,0,0.0033333333333333335
chb03_34.edf,50.0,55.0,0,0,0.0033333333333333335
chb03_34.edf,55.0,60.0,0,0,0.006666666666666667
chb03_34.edf,60.0,65.0,0,0,0.0
chb03_34.edf,65.0,70.0,0,0,0.0
chb03_34.edf,70.0,75.0,0,0,0.0
chb03_34.edf,75.0,80.0,0,0,0.0
chb03_34.edf,80.0,85.0,0,0,0.0
chb03_34.edf,85.0,90.0,0,0,0.0
chb03_34.edf,90.0,95.0,0,0,0.0
chb03_34.edf,95.0,100.0,0,0,0.0
chb03_34.edf,100.0,105.0,0,0,0.0
chb03_34.edf,105.0,110.0,0,0,0.0
chb03_34.edf,110.0,115.0,0,0,0.0
chb03_34.edf,115.0,120.0,0,0,0.0
chb03_34.edf,120.0,125.0,0,0,0.0
chb03_34.edf,125.0,130.0,0,0,0.0
chb03_34.edf,130.0,135.0,0,0,0.0
chb03_34.edf,135.0,140.0,0,0,0.0
chb03_34.edf,140.0,145.0,0,0,0.0
chb03_34.edf,145.0,150.0,0,0,0.0
chb03_34.edf,150.0,155.0,0,0,0.0
chb03_34.edf,155.0,160.0,0,0,0.0
chb03_34.edf,160.0,165.0,0,0,0.0
chb03_34.edf,165.0,170.0,0,0,0.0
chb03_34.edf,170.0,175.0,0,0,0.0
chb03_34.edf,175.0,180.0,0,0,0.0
chb03_34.edf,180.0,185.0,0,0,0.0
chb03_34.edf,185.0,190.0,0,0,0.0
chb03_34.edf,190.0,195.0,0,0,0.0
chb03_34.edf,195.0,200.0,0,0,0.0
chb03_34.edf,200.0,205.0,0,0,0.0
chb03_34.edf,205.0,210.0,0,0,0.0
chb03_34.edf,210.0,215.0,0,0,0.0031567328918322294
chb03_34.edf,215.0,220.0,0,0,0.0
chb03_34.edf,220.0,225.0,0,0,0.0
chb03_34.edf,225.0,230.0,0,0,0.0
chb03_34.edf,230.0,235.0,0,0,0.0
chb03_34.edf,235.0,240.0,0,0,0.0
chb03_34.edf,240.0,245.0,0,0,0.0031567328918322294
chb03_34.edf,245.0,250.0,0,0,0.0
chb03_34.edf,250.0,255.0,0,0,0.0
chb03_34.edf,255.0,260.0,0,0,0.0
chb03_34.edf,260.0,265.0,0,0,0.0
chb03_34.edf,265.0,270.0,0,0,0.0
chb03_34.edf,270.0,275.0,0,0,0.0
chb03_34.edf,275.0,280.0,0,0,0.0
chb03_34.edf,280.0,285.0,0,0,0.0
chb03_34.edf,285.0,290.0,0,0,0.0
chb03_34.edf,290.0,295.0,0,0,0.0
chb03_34.edf,295.0,300.0,0,0,0.0
chb03_34.edf,300.0,305.0,0,0,0.0
chb03_34.edf,305.0,310.0,0,0,0.0
chb03_34.edf,310.0,315.0,0,0,0.0
chb03_34.edf,315.0,320.0,0,0,0.0
chb03_34.edf,320.0,325.0,0,0,0.0
chb03_34.edf,325.0,330.0,0,0,0.006666666666666667
chb03_34.edf,330.0,335.0,0,0,0.0
chb03_34.edf,335.0,340.0,0,0,0.0
chb03_34.edf,340.0,345.0,0,0,0.0
chb03_34.edf,345.0,350.0,0,0,0.0
chb03_34.edf,350.0,355.0,0,0,0.0
chb03_34.edf,355.0,360.0,0,0,0.0
chb03_34.edf,360.0,365.0,0,0,0.0
chb03_34.edf,365.0,370.0,0,0,0.0
chb03_34.edf,370.0,375.0,0,0,0.0
chb03_34.edf,375.0,380.0,0,0,0.0
chb03_34.edf,380.0,385.0,0,0,0.0
chb03_34.edf,385.0,390.0,0,0,0.0
chb03_34.edf,390.0,395.0,0,0,0.0
chb03_34.edf,395.0,400.0,0,0,0.0
chb03_34.edf,400.0,405.0,0,0,0.0
chb03_34.edf,405.0,410.0,0,0,0.0
chb03_34.edf,410.0,415.0,0,0,0.0
chb03_34.edf,415.0,420.0,0,0,0.0
chb03_34.edf,420.0,425.0,0,0,0.0
chb03_34.edf,425.0,430.0,0,0,0.0
chb03_34.edf,430.0,435.0,0,0,0.0
chb03_34.edf,435.0,440.0,0,0,0.0
chb03_34.edf,440.0,445.0,0,0,0.0
chb03_34.edf,445.0,450.0,0,0,0.0
chb03_34.edf,450.0,455.0,0,0,0.0
chb03_34.edf,455.0,460.0,0,0,0.0
chb03_34.edf,460.0,465.0,0,0,0.0
chb03_34.edf,465.0,470.0,0,0,0.0
chb03_34.edf,470.0,475.0,0,0,0.0
chb03_34.edf,475.0,480.0,0,0,0.0
chb03_34.edf,480.0,485.0,0,0,0.0
chb03_34.edf,485.0,490.0,0,0,0.0031567328918322294
chb03_34.edf,490.0,495.0,0,0,0.0
chb03_34.edf,495.0,500.0,0,0,0.0598233995584989
chb03_34.edf,500.0,505.0,0,0,0.06333333333333334
chb03_34.edf,505.0,510.0,0,0,0.0
chb03_34.edf,510.0,515.0,0,0,0.0
chb03_34.edf,515.0,520.0,0,0,0.0
chb03_34.edf,520.0,525.0,0,0,0.0
chb03_34.edf,525.0,530.0,0,0,0.0
chb03_34.edf,530.0,535.0,0,0,0.0
chb03_34.edf,535.0,540.0,0,0,0.0
chb03_34.edf,540.0,545.0,0,0,0.0
chb03_34.edf,545.0,550.0,0,0,0.0
chb03_34.edf,550.0,555.0,0,0,0.0
chb03_34.edf,555.0,560.0,0,0,0.0
chb03_34.edf,560.0,565.0,0,0,0.0
chb03_34.edf,565.0,570.0,0,0,0.0
chb03_34.edf,570.0,575.0,0,0,0.0
chb03_34.edf,575.0,580.0,0,0,0.0
chb03_34.edf,580.0,585.0,0,0,0.0
chb03_34.edf,585.0,590.0,0,0,0.0
chb03_34.edf,590.0,595.0,0,0,0.0
chb03_34.edf,595.0,600.0,0,0,0.0
chb03_34.edf,600.0,605.0,0,0,0.0033333333333333335
chb03_34.edf,605.0,610.0,0,0,0.0
chb03_34.edf,610.0,615.0,0,0,0.0
chb03_34.edf,615.0,620.0,0,0,0.0
chb03_34.edf,620.0,625.0,0,0,0.0
chb03_34.edf,625.0,630.0,0,0,0.0
chb03_34.edf,630.0,635.0,0,0,0.0
chb03_34.edf,635.0,640.0,0,0,0.0031567328918322294
chb03_34.edf,640.0,645.0,0,0,0.006666666666666667
chb03_34.edf,645.0,650.0,0,0,0.0
chb03_34.edf,650.0,655.0,0,0,0.0
chb03_34.edf,655.0,660.0,0,0,0.0
chb03_34.edf,660.0,665.0,0,0,0.0
chb03_34.edf,665.0,670.0,0,0,0.0
chb03_34.edf,670.0,675.0,0,0,0.0
chb03_34.edf,675.0,680.0,0,0,0.0
chb03_34.edf,680.0,685.0,0,0,0.0
chb03_34.edf,685.0,690.0,0,0,0.0
chb03_34.edf,690.0,695.0,0,0,0.0
chb03_34.edf,695.0,700.0,0,0,0.0
chb03_34.edf,700.0,705.0,0,0,0.0031567328918322294
chb03_34.edf,705.0,710.0,0,0,0.0
chb03_34.edf,710.0,715.0,0,0,0.0
chb03_34.edf,715.0,720.0,0,0,0.0
chb03_34.edf,720.0,725.0,0,0,0.0
chb03_34.edf,725.0,730.0,0,0,0.0
chb03_34.edf,730.0,735.0,0,0,0.0
chb03_34.edf,735.0,740.0,0,0,0.0
chb03_34.edf,740.0,745.0,0,0,0.0
chb03_34.edf,745.0,750.0,0,0,0.0
chb03_34.edf,750.0,755.0,0,0,0.0031567328918322294
chb03_34.edf,755.0,760.0,0,0,0.0
chb03_34.edf,760.0,765.0,0,0,0.0
chb03_34.edf,765.0,770.0,0,0,0.0
chb03_34.edf,770.0,775.0,0,0,0.0
chb03_34.edf,775.0,780.0,0,0,0.0
chb03_34.edf,780.0,785.0,0,0,0.0
chb03_34.edf,785.0,790.0,0,0,0.0
chb03_34.edf,790.0,795.0,0,0,0.0
chb03_34.edf,795.0,800.0,0,0,0.0
chb03_34.edf,800.0,805.0,0,0,0.0
chb03_34.edf,805.0,810.0,0,0,0.0
chb03_34.edf,810.0,815.0,0,0,0.0
chb03_34.edf,815.0,820.0,0,0,0.0
chb03_34.edf,820.0,825.0,0,0,0.0
chb03_34.edf,825.0,830.0,0,0,0.0
chb03_34.edf,830.0,835.0,0,0,0.0
chb03_34.edf,835.0,840.0,0,0,0.0
chb03_34.edf,840.0,845.0,0,0,0.0
chb03_34.edf,845.0,850.0,0,0,0.0
chb03_34.edf,850.0,855.0,0,0,0.0
chb03_34.edf,855.0,860.0,0,0,0.0033333333333333335
chb03_34.edf,860.0,865.0,0,0,0.0
chb03_34.edf,865.0,870.0,0,0,0.0
chb03_34.edf,870.0,875.0,0,0,0.0
chb03_34.edf,875.0,880.0,0,0,0.0
chb03_34.edf,880.0,885.0,0,0,0.0
chb03_34.edf,885.0,890.0,0,0,0.0
chb03_34.edf,890.0,895.0,0,0,0.0
chb03_34.edf,895.0,900.0,0,0,0.0
chb03_34.edf,900.0,905.0,0,0,0.0
chb03_34.edf,905.0,910.0,0,0,0.0
chb03_34.edf,910.0,915.0,0,0,0.0
chb03_34.edf,915.0,920.0,0,0,0.0
chb03_34.edf,920.0,925.0,0,0,0.0
chb03_34.edf,925.0,930.0,0,0,0.03
chb03_34.edf,930.0,935.0,0,0,0.0
chb03_34.edf,935.0,940.0,0,0,0.0
chb03_34.edf,940.0,945.0,0,0,0.0033333333333333335
chb03_34.edf,945.0,950.0,0,0,0.0
chb03_34.edf,950.0,955.0,0,0,0.0
chb03_34.edf,955.0,960.0,0,0,0.0033333333333333335
chb03_34.edf,960.0,965.0,0,0,0.0
chb03_34.edf,965.0,970.0,0,0,0.0
chb03_34.edf,970.0,975.0,0,0,0.006666666666666667
chb03_34.edf,975.0,980.0,0,0,0.0
chb03_34.edf,980.0,985.0,0,0,0.0
chb03_34.edf,985.0,990.0,0,0,0.0
chb03_34.edf,990.0,995.0,0,0,0.0
chb03_34.edf,995.0,1000.0,0,0,0.0
chb03_34.edf,1000.0,1005.0,0,0,0.0
chb03_34.edf,1005.0,1010.0,0,0,0.0
chb03_34.edf,1010.0,1015.0,0,0,0.0
chb03_34.edf,1015.0,1020.0,0,0,0.0
chb03_34.edf,1020.0,1025.0,0,0,0.0031567328918322294
chb03_34.edf,1025.0,1030.0,0,0,0.0
chb03_34.edf,1030.0,1035.0,0,0,0.0
chb03_34.edf,1035.0,1040.0,0,0,0.0
chb03_34.edf,1040.0,1045.0,0,0,0.0
chb03_34.edf,1045.0,1050.0,0,0,0.0
chb03_34.edf,1050.0,1055.0,0,0,0.0
chb03_34.edf,1055.0,1060.0,0,0,0.0
chb03_34.edf,1060.0,1065.0,0,0,0.0
chb03_34.edf,1065.0,1070.0,0,0,0.0
chb03_34.edf,1070.0,1075.0,0,0,0.0
chb03_34.edf,1075.0,1080.0,0,0,0.0
chb03_34.edf,1080.0,1085.0,0,0,0.0
chb03_34.edf,1085.0,1090.0,0,0,0.0
chb03_34.edf,1090.0,1095.0,0,0,0.0
chb03_34.edf,1095.0,1100.0,0,0,0.0
chb03_34.edf,1100.0,1105.0,0,0,0.0
chb03_34.edf,1105.0,1110.0,0,0,0.0
chb03_34.edf,1110.0,1115.0,0,0,0.0
chb03_34.edf,1115.0,1120.0,0,0,0.0
chb03_34.edf,1120.0,1125.0,0,0,0.0031567328918322294
chb03_34.edf,1125.0,1130.0,0,0,0.0031567328918322294
chb03_34.edf,1130.0,1135.0,0,0,0.0
chb03_34.edf,1135.0,1140.0,0,0,0.0
chb03_34.edf,1140.0,1145.0,0,0,0.0
chb03_34.edf,1145.0,1150.0,0,0,0.0
chb03_34.edf,1150.0,1155.0,0,0,0.0
chb03_34.edf,1155.0,1160.0,0,0,0.0
chb03_34.edf,1160.0,1165.0,0,0,0.0
chb03_34.edf,1165.0,1170.0,0,0,0.0
chb03_34.edf,1170.0,1175.0,0,0,0.0
chb03_34.edf,1175.0,1180.0,0,0,0.0
chb03_34.edf,1180.0,1185.0,0,0,0.0
chb03_34.edf,1185.0,1190.0,0,0,0.0
chb03_34.edf,1190.0,1195.0,0,0,0.0
chb03_34.edf,1195.0,1200.0,0,0,0.0
chb03_34.edf,1200.0,1205.0,0,0,0.0
chb03_34.edf,1205.0,1210.0,0,0,0.0
chb03_34.edf,1210.0,1215.0,0,0,0.0
chb03_34.edf,1215.0,1220.0,0,0,0.0
chb03_34.edf,1220.0,1225.0,0,0,0.0
chb03_34.edf,1225.0,1230.0,0,0,0.0
chb03_34.edf,1230.0,1235.0,0,0,0.0
chb03_34.edf,1235.0,1240.0,0,0,0.0
chb03_34.edf,1240.0,1245.0,0,0,0.0031567328918322294
chb03_34.edf,1245.0,1250.0,0,0,0.0
chb03_34.edf,1250.0,1255.0,0,0,0.0
chb03_34.edf,1255.0,1260.0,0,0,0.0
chb03_34.edf,1260.0,1265.0,0,0,0.0
chb03_34.edf,1265.0,1270.0,0,0,0.006666666666666667
chb03_34.edf,1270.0,1275.0,0,0,0.0033333333333333335
chb03_34.edf,1275.0,1280.0,0,0,0.0
chb03_34.edf,1280.0,1285.0,0,0,0.0
chb03_34.edf,1285.0,1290.0,0,0,0.0
chb03_34.edf,1290.0,1295.0,0,0,0.0
chb03_34.edf,1295.0,1300.0,0,0,0.0031567328918322294
chb03_34.edf,1300.0,1305.0,0,0,0.0
chb03_34.edf,1305.0,1310.0,0,0,0.0
chb03_34.edf,1310.0,1315.0,0,0,0.0
chb03_34.edf,1315.0,1320.0,0,0,0.0
chb03_34.edf,1320.0,1325.0,0,0,0.0
chb03_34.edf,1325.0,1330.0,0,0,0.0
chb03_34.edf,1330.0,1335.0,0,0,0.0
chb03_34.edf,1335.0,1340.0,0,0,0.0
chb03_34.edf,1340.0,1345.0,0,0,0.0
chb03_34.edf,1345.0,1350.0,0,0,0.0
chb03_34.edf,1350.0,1355.0,0,0,0.0031567328918322294
chb03_34.edf,1355.0,1360.0,0,0,0.0
chb03_34.edf,1360.0,1365.0,0,0,0.0
chb03_34.edf,1365.0,1370.0,0,0,0.0
chb03_34.edf,1370.0,1375.0,0,0,0.0
chb03_34.edf,1375.0,1380.0,0,0,0.0
chb03_34.edf,1380.0,1385.0,0,0,0.0
chb03_34.edf,1385.0,1390.0,0,0,0.0
chb03_34.edf,1390.0,1395.0,0,0,0.0031567328918322294
chb03_34.edf,1395.0,1400.0,0,0,0.0
chb03_34.edf,1400.0,1405.0,0,0,0.0
chb03_34.edf,1405.0,1410.0,0,0,0.0
chb03_34.edf,1410.0,1415.0,0,0,0.0
chb03_34.edf,1415.0,1420.0,0,0,0.0
chb03_34.edf,1420.0,1425.0,0,0,0.0
chb03_34.edf,1425.0,1430.0,0,0,0.0
chb03_34.edf,1430.0,1435.0,0,0,0.0
chb03_34.edf,1435.0,1440.0,0,0,0.0
chb03_34.edf,1440.0,1445.0,0,0,0.006666666666666667
chb03_34.edf,1445.0,1450.0,0,0,0.0031567328918322294
chb03_34.edf,1450.0,1455.0,0,0,0.0
chb03_34.edf,1455.0,1460.0,0,0,0.0
chb03_34.edf,1460.0,1465.0,0,0,0.0031567328918322294
chb03_34.edf,1465.0,1470.0,0,0,0.0
chb03_34.edf,1470.0,1475.0,0,0,0.0
chb03_34.edf,1475.0,1480.0,0,0,0.0
chb03_34.edf,1480.0,1485.0,0,0,0.0
chb03_34.edf,1485.0,1490.0,0,0,0.0
chb03_34.edf,1490.0,1495.0,0,0,0.0
chb03_34.edf,1495.0,1500.0,0,0,0.0
chb03_34.edf,1500.0,1505.0,0,0,0.0
chb03_34.edf,1505.0,1510.0,0,0,0.0064900662251655625
chb03_34.edf,1510.0,1515.0,0,0,0.0
chb03_34.edf,1515.0,1520.0,0,0,0.0
chb03_34.edf,1520.0,1525.0,0,0,0.0031567328918322294
chb03_34.edf,1525.0,1530.0,0,0,0.0
chb03_34.edf,1530.0,1535.0,0,0,0.0
chb03_34.edf,1535.0,1540.0,0,0,0.0
chb03_34.edf,1540.0,1545.0,0,0,0.0
chb03_34.edf,1545.0,1550.0,0,0,0.0
chb03_34.edf,1550.0,1555.0,0,0,0.0
chb03_34.edf,1555.0,1560.0,0,0,0.0
chb03_34.edf,1560.0,1565.0,0,0,0.0031567328918322294
chb03_34.edf,1565.0,1570.0,0,0,0.0033333333333333335
chb03_34.edf,1570.0,1575.0,0,0,0.0
chb03_34.edf,1575.0,1580.0,0,0,0.0
chb03_34.edf,1580.0,1585.0,0,0,0.0
chb03_34.edf,1585.0,1590.0,0,0,0.0
chb03_34.edf,1590.0,1595.0,0,0,0.0
chb03_34.edf,1595.0,1600.0,0,0,0.0
chb03_34.edf,1600.0,1605.0,0,0,0.0
chb03_34.edf,1605.0,1610.0,0,0,0.0
chb03_34.edf,1610.0,1615.0,0,0,0.0
chb03_34.edf,1615.0,1620.0,0,0,0.0
chb03_34.edf,1620.0,1625.0,0,0,0.0
chb03_34.edf,1625.0,1630.0,0,0,0.0031567328918322294
chb03_34.edf,1630.0,1635.0,0,0,0.0
chb03_34.edf,1635.0,1640.0,0,0,0.0
chb03_34.edf,1640.0,1645.0,0,0,0.0
chb03_34.edf,1645.0,1650.0,0,0,0.0
chb03_34.edf,1650.0,1655.0,0,0,0.0
chb03_34.edf,1655.0,1660.0,0,0,0.0
chb03_34.edf,1660.0,1665.0,0,0,0.0
chb03_34.edf,1665.0,1670.0,0,0,0.0
chb03_34.edf,1670.0,1675.0,0,0,0.0
chb03_34.edf,1675.0,1680.0,0,0,0.0031567328918322294
chb03_34.edf,1680.0,1685.0,0,0,0.0031567328918322294
chb03_34.edf,1685.0,1690.0,0,0,0.0
chb03_34.edf,1690.0,1695.0,0,0,0.0
chb03_34.edf,1695.0,1700.0,0,0,0.0
chb03_34.edf,1700.0,1705.0,0,0,0.0
chb03_34.edf,1705.0,1710.0,0,0,0.0
chb03_34.edf,1710.0,1715.0,0,0,0.0
chb03_34.edf,1715.0,1720.0,0,0,0.0
chb03_34.edf,1720.0,1725.0,0,0,0.0
chb03_34.edf,1725.0,1730.0,0,0,0.0
chb03_34.edf,1730.0,1735.0,0,0,0.0
chb03_34.edf,1735.0,1740.0,0,0,0.0
chb03_34.edf,1740.0,1745.0,0,0,0.0
chb03_34.edf,1745.0,1750.0,0,0,0.0
chb03_34.edf,1750.0,1755.0,0,0,0.0
chb03_34.edf,1755.0,1760.0,0,0,0.0
chb03_34.edf,1760.0,1765.0,0,0,0.0031567328918322294
chb03_34.edf,1765.0,1770.0,0,0,0.0
chb03_34.edf,1770.0,1775.0,0,0,0.0
chb03_34.edf,1775.0,1780.0,0,0,0.0
chb03_34.edf,1780.0,1785.0,0,0,0.0
chb03_34.edf,1785.0,1790.0,0,0,0.0
chb03_34.edf,1790.0,1795.0,0,0,0.0
chb03_34.edf,1795.0,1800.0,0,0,0.0
chb03_34.edf,1800.0,1805.0,0,0,0.0
chb03_34.edf,1805.0,1810.0,0,0,0.0
chb03_34.edf,1810.0,1815.0,0,0,0.0
chb03_34.edf,1815.0,1820.0,0,0,0.0031567328918322294
chb03_34.edf,1820.0,1825.0,0,0,0.0
chb03_34.edf,1825.0,1830.0,0,0,0.0
chb03_34.edf,1830.0,1835.0,0,0,0.0
chb03_34.edf,1835.0,1840.0,0,0,0.0
chb03_34.edf,1840.0,1845.0,0,0,0.0
chb03_34.edf,1845.0,1850.0,0,0,0.0
chb03_34.edf,1850.0,1855.0,0,0,0.0033333333333333335
chb03_34.edf,1855.0,1860.0,0,0,0.01649006622516556
chb03_34.edf,1860.0,1865.0,0,0,0.0031567328918322294
chb03_34.edf,1865.0,1870.0,0,0,0.0
chb03_34.edf,1870.0,1875.0,0,0,0.0
chb03_34.edf,1875.0,1880.0,0,0,0.0
chb03_34.edf,1880.0,1885.0,0,0,0.0
chb03_34.edf,1885.0,1890.0,0,0,0.0
chb03_34.edf,1890.0,1895.0,0,0,0.0
chb03_34.edf,1895.0,1900.0,0,0,0.0
chb03_34.edf,1900.0,1905.0,0,0,0.0
chb03_34.edf,1905.0,1910.0,0,0,0.0031567328918322294
chb03_34.edf,1910.0,1915.0,0,0,0.0
chb03_34.edf,1915.0,1920.0,0,0,0.0
chb03_34.edf,1920.0,1925.0,0,0,0.0
chb03_34.edf,1925.0,1930.0,0,0,0.0
chb03_34.edf,1930.0,1935.0,0,0,0.0
chb03_34.edf,1935.0,1940.0,0,0,0.0
chb03_34.edf,1940.0,1945.0,0,0,0.0031567328918322294
chb03_34.edf,1945.0,1950.0,0,0,0.0
chb03_34.edf,1950.0,1955.0,0,0,0.08666666666666667
chb03_34.edf,1955.0,1960.0,0,0,0.22
chb03_34.edf,1960.0,1965.0,0,0,0.0033333333333333335
chb03_34.edf,1965.0,1970.0,0,0,0.06666666666666667
chb03_34.edf,1970.0,1975.0,0,0,0.006666666666666667
chb03_34.edf,1975.0,1980.0,0,0,0.0
chb03_34.edf,1980.0,1985.0,1,0,0.33315673289183223
chb03_34.edf,1985.0,1990.0,1,0,0.3964900662251656
chb03_34.edf,1990.0,1995.0,1,0,0.25649006622516557
chb03_34.edf,1995.0,2000.0,1,1,0.6798233995584989
chb03_34.edf,2000.0,2005.0,1,1,0.7831567328918322
chb03_34.edf,2005.0,2010.0,1,1,0.599823399558499
chb03_34.edf,2010.0,2015.0,1,0,0.16649006622516557
chb03_34.edf,2015.0,2020.0,1,1,0.8598233995584988
chb03_34.edf,2020.0,2025.0,1,1,0.5864900662251655
chb03_34.edf,2025.0,2030.0,1,1,0.5231567328918323
chb03_34.edf,2030.0,2035.0,0,1,0.6364900662251656
chb03_34.edf,2035.0,2040.0,0,0,0.10315673289183223
chb03_34.edf,2040.0,2045.0,0,0,0.1198233995584989
chb03_34.edf,2045.0,2050.0,0,0,0.3731567328918322
chb03_34.edf,2050.0,2055.0,0,0,0.22315673289183224
chb03_34.edf,2055.0,2060.0,0,0,0.40315673289183224
chb03_34.edf,2060.0,2065.0,0,1,0.5831567328918322
chb03_34.edf,2065.0,2070.0,0,1,0.6031567328918322
chb03_34.edf,2070.0,2075.0,0,0,0.4198233995584989
chb03_34.edf,2075.0,2080.0,0,0,0.2598233995584989
chb03_34.edf,2080.0,2085.0,0,1,0.5731567328918322
chb03_34.edf,2085.0,2090.0,0,0,0.08315673289183223
chb03_34.edf,2090.0,2095.0,0,0,0.39315673289183223
chb03_34.edf,2095.0,2100.0,0,0,0.2698233995584989
chb03_34.edf,2100.0,2105.0,0,1,0.7231567328918322
chb03_34.edf,2105.0,2110.0,0,0,0.01649006622516556
chb03_34.edf,2110.0,2115.0,0,0,0.1198233995584989
chb03_34.edf,2115.0,2120.0,0,0,0.3698233995584989
chb03_34.edf,2120.0,2125.0,0,0,0.36649006622516556
chb03_34.edf,2125.0,2130.0,0,0,0.27315673289183223
chb03_34.edf,2130.0,2135.0,0,0,0.0
chb03_34.edf,2135.0,2140.0,0,0,0.043333333333333335
chb03_34.edf,2140.0,2145.0,0,0,0.04
chb03_34.edf,2145.0,2150.0,0,0,0.0031567328918322294
chb03_34.edf,2150.0,2155.0,0,0,0.0064900662251655625
chb03_34.edf,2155.0,2160.0,0,0,0.006666666666666667
chb03_34.edf,2160.0,2165.0,0,0,0.006666666666666667
chb03_34.edf,2165.0,2170.0,0,0,0.08
chb03_34.edf,2170.0,2175.0,0,0,0.0
chb03_34.edf,2175.0,2180.0,0,0,0.0
chb03_34.edf,2180.0,2185.0,0,0,0.0
chb03_34.edf,2185.0,2190.0,0,0,0.006666666666666667
chb03_34.edf,2190.0,2195.0,0,0,0.0
chb03_34.edf,2195.0,2200.0,0,0,0.013333333333333334
chb03_34.edf,2200.0,2205.0,0,0,0.016666666666666666
chb03_34.edf,2205.0,2210.0,0,0,0.0
chb03_34.edf,2210.0,2215.0,0,0,0.0
chb03_34.edf,2215.0,2220.0,0,0,0.0
chb03_34.edf,2220.0,2225.0,0,0,0.0
chb03_34.edf,2225.0,2230.0,0,0,0.0
chb03_34.edf,2230.0,2235.0,0,0,0.0
chb03_34.edf,2235.0,2240.0,0,0,0.0
chb03_34.edf,2240.0,2245.0,0,0,0.006666666666666667
chb03_34.edf,2245.0,2250.0,0,0,0.37649006622516556
chb03_34.edf,2250.0,2255.0,0,0,0.02666666666666667
chb03_34.edf,2255.0,2260.0,0,0,0.0031567328918322294
chb03_34.edf,2260.0,2265.0,0,0,0.17649006622516558
chb03_34.edf,2265.0,2270.0,0,0,0.0
chb03_34.edf,2270.0,2275.0,0,0,0.0
chb03_34.edf,2275.0,2280.0,0,0,0.0
chb03_34.edf,2280.0,2285.0,0,0,0.0
chb03_34.edf,2285.0,2290.0,0,0,0.0
chb03_34.edf,2290.0,2295.0,0,0,0.0
chb03_34.edf,2295.0,2300.0,0,0,0.0
chb03_34.edf,2300.0,2305.0,0,0,0.0
chb03_34.edf,2305.0,2310.0,0,0,0.0
chb03_34.edf,2310.0,2315.0,0,0,0.01
chb03_34.edf,2315.0,2320.0,0,0,0.006666666666666667
chb03_34.edf,2320.0,2325.0,0,0,0.0031567328918322294
chb03_34.edf,2325.0,2330.0,0,0,0.0
chb03_34.edf,2330.0,2335.0,0,0,0.0
chb03_34.edf,2335.0,2340.0,0,0,0.0
chb03_34.edf,2340.0,2345.0,0,0,0.0
chb03_34.edf,2345.0,2350.0,0,0,0.009823399558498895
chb03_34.edf,2350.0,2355.0,0,0,0.0031567328918322294
chb03_34.edf,2355.0,2360.0,0,0,0.013156732891832229
chb03_34.edf,2360.0,2365.0,0,0,0.0033333333333333335
chb03_34.edf,2365.0,2370.0,0,0,0.0
chb03_34.edf,2370.0,2375.0,0,0,0.4531567328918322
chb03_34.edf,2375.0,2380.0,0,0,0.07315673289183224
chb03_34.edf,2380.0,2385.0,0,0,0.006666666666666667
chb03_34.edf,2385.0,2390.0,0,0,0.02
chb03_34.edf,2390.0,2395.0,0,0,0.006666666666666667
chb03_34.edf,2395.0,2400.0,0,0,0.0
chb03_34.edf,2400.0,2405.0,0,0,0.0
chb03_34.edf,2405.0,2410.0,0,0,0.0
chb03_34.edf,2410.0,2415.0,0,0,0.0033333333333333335
chb03_34.edf,2415.0,2420.0,0,0,0.0
chb03_34.edf,2420.0,2425.0,0,0,0.01
chb03_34.edf,2425.0,2430.0,0,0,0.0
chb03_34.edf,2430.0,2435.0,0,0,0.0
chb03_34.edf,2435.0,2440.0,0,0,0.0
chb03_34.edf,2440.0,2445.0,0,0,0.0
chb03_34.edf,2445.0,2450.0,0,0,0.0
chb03_34.edf,2450.0,2455.0,0,0,0.0
chb03_34.edf,2455.0,2460.0,0,0,0.0
chb03_34.edf,2460.0,2465.0,0,0,0.0
chb03_34.edf,2465.0,2470.0,0,0,0.0
chb03_34.edf,2470.0,2475.0,0,0,0.006666666666666667
chb03_34.edf,2475.0,2480.0,0,0,0.0
chb03_34.edf,2480.0,2485.0,0,0,0.0033333333333333335
chb03_34.edf,2485.0,2490.0,0,0,0.0
chb03_34.edf,2490.0,2495.0,0,0,0.0
chb03_34.edf,2495.0,2500.0,0,0,0.009823399558498895
chb03_34.edf,2500.0,2505.0,0,0,0.0031567328918322294
chb03_34.edf,2505.0,2510.0,0,0,0.0031567328918322294
chb03_34.edf,2510.0,2515.0,0,0,0.009823399558498895
chb03_34.edf,2515.0,2520.0,0,0,0.27315673289183223
chb03_34.edf,2520.0,2525.0,0,0,0.0
chb03_34.edf,2525.0,2530.0,0,0,0.0
chb03_34.edf,2530.0,2535.0,0,0,0.0
chb03_34.edf,2535.0,2540.0,0,0,0.0
chb03_34.edf,2540.0,2545.0,0,0,0.0
chb03_34.edf,2545.0,2550.0,0,0,0.0
chb03_34.edf,2550.0,2555.0,0,0,0.0
chb03_34.edf,2555.0,2560.0,0,0,0.0
chb03_34.edf,2560.0,2565.0,0,0,0.0
chb03_34.edf,2565.0,2570.0,0,0,0.0
chb03_34.edf,2570.0,2575.0,0,0,0.0
chb03_34.edf,2575.0,2580.0,0,0,0.0
chb03_34.edf,2580.0,2585.0,0,0,0.0
chb03_34.edf,2585.0,2590.0,0,0,0.0
chb03_34.edf,2590.0,2595.0,0,0,0.0
chb03_34.edf,2595.0,2600.0,0,0,0.0
chb03_34.edf,2600.0,2605.0,0,0,0.0
chb03_34.edf,2605.0,2610.0,0,0,0.0
chb03_34.edf,2610.0,2615.0,0,0,0.0
chb03_34.edf,2615.0,2620.0,0,0,0.0
chb03_34.edf,2620.0,2625.0,0,0,0.01
chb03_34.edf,2625.0,2630.0,0,0,0.0
chb03_34.edf,2630.0,2635.0,0,0,0.0
chb03_34.edf,2635.0,2640.0,0,0,0.0
chb03_34.edf,2640.0,2645.0,0,0,0.0
chb03_34.edf,2645.0,2650.0,0,0,0.0
chb03_34.edf,2650.0,2655.0,0,0,0.0
chb03_34.edf,2655.0,2660.0,0,0,0.0
chb03_34.edf,2660.0,2665.0,0,0,0.0
chb03_34.edf,2665.0,2670.0,0,0,0.0
chb03_34.edf,2670.0,2675.0,0,0,0.0
chb03_34.edf,2675.0,2680.0,0,0,0.0
chb03_34.edf,2680.0,2685.0,0,0,0.0
chb03_34.edf,2685.0,2690.0,0,0,0.0
chb03_34.edf,2690.0,2695.0,0,0,0.0
chb03_34.edf,2695.0,2700.0,0,0,0.0
chb03_34.edf,2700.0,2705.0,0,0,0.0
chb03_34.edf,2705.0,2710.0,0,0,0.0
chb03_34.edf,2710.0,2715.0,0,0,0.0
chb03_34.edf,2715.0,2720.0,0,0,0.0
chb03_34.edf,2720.0,2725.0,0,0,0.0
chb03_34.edf,2725.0,2730.0,0,0,0.0
chb03_34.edf,2730.0,2735.0,0,0,0.0033333333333333335
chb03_34.edf,2735.0,2740.0,0,0,0.006666666666666667
chb03_34.edf,2740.0,2745.0,0,0,0.0
chb03_34.edf,2745.0,2750.0,0,0,0.0
chb03_34.edf,2750.0,2755.0,0,0,0.0
chb03_34.edf,2755.0,2760.0,0,0,0.0
chb03_34.edf,2760.0,2765.0,0,0,0.0
chb03_34.edf,2765.0,2770.0,0,0,0.0
chb03_34.edf,2770.0,2775.0,0,0,0.0
chb03_34.edf,2775.0,2780.0,0,0,0.0
chb03_34.edf,2780.0,2785.0,0,0,0.0
chb03_34.edf,2785.0,2790.0,0,0,0.0
chb03_34.edf,2790.0,2795.0,0,0,0.0
chb03_34.edf,2795.0,2800.0,0,0,0.0
chb03_34.edf,2800.0,2805.0,0,0,0.0
chb03_34.edf,2805.0,2810.0,0,0,0.0
chb03_34.edf,2810.0,2815.0,0,0,0.0
chb03_34.edf,2815.0,2820.0,0,0,0.0
chb03_34.edf,2820.0,2825.0,0,0,0.0
chb03_34.edf,2825.0,2830.0,0,0,0.0
chb03_34.edf,2830.0,2835.0,0,0,0.0
chb03_34.edf,2835.0,2840.0,0,0,0.0
chb03_34.edf,2840.0,2845.0,0,0,0.0
chb03_34.edf,2845.0,2850.0,0,0,0.0
chb03_34.edf,2850.0,2855.0,0,0,0.0
chb03_34.edf,2855.0,2860.0,0,0,0.0
chb03_34.edf,2860.0,2865.0,0,0,0.0
chb03_34.edf,2865.0,2870.0,0,0,0.0
chb03_34.edf,2870.0,2875.0,0,0,0.0
chb03_34.edf,2875.0,2880.0,0,0,0.0
chb03_34.edf,2880.0,2885.0,0,0,0.0
chb03_34.edf,2885.0,2890.0,0,0,0.0
chb03_34.edf,2890.0,2895.0,0,0,0.0
chb03_34.edf,2895.0,2900.0,0,0,0.0
chb03_34.edf,2900.0,2905.0,0,0,0.0
chb03_34.edf,2905.0,2910.0,0,0,0.0
chb03_34.edf,2910.0,2915.0,0,0,0.0
chb03_34.edf,2915.0,2920.0,0,0,0.0
chb03_34.edf,2920.0,2925.0,0,0,0.0
chb03_34.edf,2925.0,2930.0,0,0,0.0
chb03_34.edf,2930.0,2935.0,0,0,0.0
chb03_34.edf,2935.0,2940.0,0,0,0.0
chb03_34.edf,2940.0,2945.0,0,0,0.0
chb03_34.edf,2945.0,2950.0,0,0,0.0
chb03_34.edf,2950.0,2955.0,0,0,0.0
chb03_34.edf,2955.0,2960.0,0,0,0.0
chb03_34.edf,2960.0,2965.0,0,0,0.0
chb03_34.edf,2965.0,2970.0,0,0,0.0
chb03_34.edf,2970.0,2975.0,0,0,0.0
chb03_34.edf,2975.0,2980.0,0,0,0.0
chb03_34.edf,2980.0,2985.0,0,0,0.0
chb03_34.edf,2985.0,2990.0,0,0,0.0
chb03_34.edf,2990.0,2995.0,0,0,0.0
chb03_34.edf,2995.0,3000.0,0,0,0.0
chb03_34.edf,3000.0,3005.0,0,0,0.0
chb03_34.edf,3005.0,3010.0,0,0,0.0
chb03_34.edf,3010.0,3015.0,0,0,0.0
chb03_34.edf,3015.0,3020.0,0,0,0.0
chb03_34.edf,3020.0,3025.0,0,0,0.0
chb03_34.edf,3025.0,3030.0,0,0,0.0
chb03_34.edf,3030.0,3035.0,0,0,0.0
chb03_34.edf,3035.0,3040.0,0,0,0.0
chb03_34.edf,3040.0,3045.0,0,0,0.0
chb03_34.edf,3045.0,3050.0,0,0,0.0
chb03_34.edf,3050.0,3055.0,0,0,0.0
chb03_34.edf,3055.0,3060.0,0,0,0.0
chb03_34.edf,3060.0,3065.0,0,0,0.0
chb03_34.edf,3065.0,3070.0,0,0,0.0
chb03_34.edf,3070.0,3075.0,0,0,0.0
chb03_34.edf,3075.0,3080.0,0,0,0.0
chb03_34.edf,3080.0,3085.0,0,0,0.0
chb03_34.edf,3085.0,3090.0,0,0,0.0
chb03_34.edf,3090.0,3095.0,0,0,0.0
chb03_34.edf,3095.0,3100.0,0,0,0.0
chb03_34.edf,3100.0,3105.0,0,0,0.0
chb03_34.edf,3105.0,3110.0,0,0,0.0
chb03_34.edf,3110.0,3115.0,0,0,0.0
chb03_34.edf,3115.0,3120.0,0,0,0.0
chb03_34.edf,3120.0,3125.0,0,0,0.0
chb03_34.edf,3125.0,3130.0,0,0,0.0
chb03_34.edf,3130.0,3135.0,0,0,0.0
chb03_34.edf,3135.0,3140.0,0,0,0.0
chb03_34.edf,3140.0,3145.0,0,0,0.0
chb03_34.edf,3145.0,3150.0,0,0,0.0
chb03_34.edf,3150.0,3155.0,0,0,0.0
chb03_34.edf,3155.0,3160.0,0,0,0.0
chb03_34.edf,3160.0,3165.0,0,0,0.0
chb03_34.edf,3165.0,3170.0,0,0,0.0
chb03_34.edf,3170.0,3175.0,0,0,0.0
chb03_34.edf,3175.0,3180.0,0,0,0.0
chb03_34.edf,3180.0,3185.0,0,0,0.0
chb03_34.edf,3185.0,3190.0,0,0,0.0
chb03_34.edf,3190.0,3195.0,0,0,0.0
chb03_34.edf,3195.0,3200.0,0,0,0.0
chb03_34.edf,3200.0,3205.0,0,0,0.0
chb03_34.edf,3205.0,3210.0,0,0,0.0
chb03_34.edf,3210.0,3215.0,0,0,0.0
chb03_34.edf,3215.0,3220.0,0,0,0.0
chb03_34.edf,3220.0,3225.0,0,0,0.0
chb03_34.edf,3225.0,3230.0,0,0,0.0
chb03_34.edf,3230.0,3235.0,0,0,0.0
chb03_34.edf,3235.0,3240.0,0,0,0.0
chb03_34.edf,3240.0,3245.0,0,0,0.0
chb03_34.edf,3245.0,3250.0,0,0,0.0
chb03_34.edf,3250.0,3255.0,0,0,0.0
chb03_34.edf,3255.0,3260.0,0,0,0.0
chb03_34.edf,3260.0,3265.0,0,0,0.0
chb03_34.edf,3265.0,3270.0,0,0,0.0
chb03_34.edf,3270.0,3275.0,0,0,0.0
chb03_34.edf,3275.0,3280.0,0,0,0.0
chb03_34.edf,3280.0,3285.0,0,0,0.0
chb03_34.edf,3285.0,3290.0,0,0,0.0
chb03_34.edf,3290.0,3295.0,0,0,0.0
chb03_34.edf,3295.0,3300.0,0,0,0.0
chb03_34.edf,3300.0,3305.0,0,0,0.016666666666666666
chb03_34.edf,3305.0,3310.0,0,0,0.0
chb03_34.edf,3310.0,3315.0,0,0,0.0
chb03_34.edf,3315.0,3320.0,0,0,0.0
chb03_34.edf,3320.0,3325.0,0,0,0.0
chb03_34.edf,3325.0,3330.0,0,0,0.0
chb03_34.edf,3330.0,3335.0,0,0,0.0
chb03_34.edf,3335.0,3340.0,0,0,0.0
chb03_34.edf,3340.0,3345.0,0,0,0.0
chb03_34.edf,3345.0,3350.0,0,0,0.0
chb03_34.edf,3350.0,3355.0,0,0,0.0
chb03_34.edf,3355.0,3360.0,0,0,0.0
chb03_34.edf,3360.0,3365.0,0,0,0.0
chb03_34.edf,3365.0,3370.0,0,0,0.0
chb03_34.edf,3370.0,3375.0,0,0,0.0
chb03_34.edf,3375.0,3380.0,0,0,0.0
chb03_34.edf,3380.0,3385.0,0,0,0.0
chb03_34.edf,3385.0,3390.0,0,0,0.0
chb03_34.edf,3390.0,3395.0,0,0,0.0
chb03_34.edf,3395.0,3400.0,0,0,0.0
chb03_34.edf,3400.0,3405.0,0,0,0.0
chb03_34.edf,3405.0,3410.0,0,0,0.0
chb03_34.edf,3410.0,3415.0,0,0,0.0
chb03_34.edf,3415.0,3420.0,0,0,0.0
chb03_34.edf,3420.0,3425.0,0,0,0.0
chb03_34.edf,3425.0,3430.0,0,0,0.0
chb03_34.edf,3430.0,3435.0,0,0,0.0
chb03_34.edf,3435.0,3440.0,0,0,0.0
chb03_34.edf,3440.0,3445.0,0,0,0.0
chb03_34.edf,3445.0,3450.0,0,0,0.0
chb03_34.edf,3450.0,3455.0,0,0,0.0
chb03_34.edf,3455.0,3460.0,0,0,0.0
chb03_34.edf,3460.0,3465.0,0,0,0.0
chb03_34.edf,3465.0,3470.0,0,0,0.0
chb03_34.edf,3470.0,3475.0,0,0,0.0
chb03_34.edf,3475.0,3480.0,0,0,0.0
chb03_34.edf,3480.0,3485.0,0,0,0.0
chb03_34.edf,3485.0,3490.0,0,0,0.0
chb03_34.edf,3490.0,3495.0,0,0,0.0
chb03_34.edf,3495.0,3500.0,0,0,0.0
chb03_34.edf,3500.0,3505.0,0,0,0.0
chb03_34.edf,3505.0,3510.0,0,0,0.0
chb03_34.edf,3510.0,3515.0,0,0,0.0
chb03_34.edf,3515.0,3520.0,0,0,0.0
chb03_34.edf,3520.0,3525.0,0,0,0.0
chb03_34.edf,3525.0,3530.0,0,0,0.0
chb03_34.edf,3530.0,3535.0,0,0,0.0
chb03_34.edf,3535.0,3540.0,0,0,0.0
chb03_34.edf,3540.0,3545.0,0,0,0.0
chb03_34.edf,3545.0,3550.0,0,0,0.0
chb03_34.edf,3550.0,3555.0,0,0,0.0
chb03_34.edf,3555.0,3560.0,0,0,0.0
chb03_34.edf,3560.0,3565.0,0,0,0.0
chb03_34.edf,3565.0,3570.0,0,0,0.0
chb03_34.edf,3570.0,3575.0,0,0,0.0033333333333333335
chb03_34.edf,3575.0,3580.0,0,0,0.0
chb03_34.edf,3580.0,3585.0,0,0,0.0
chb03_34.edf,3585.0,3590.0,0,0,0.0
chb03_34.edf,3590.0,3595.0,0,0,0.0
chb03_35.edf,0.0,5.0,0,0,0.0
chb03_35.edf,5.0,10.0,0,0,0.0
chb03_35.edf,10.0,15.0,0,0,0.0
chb03_35.edf,15.0,20.0,0,0,0.0
chb03_35.edf,20.0,25.0,0,0,0.0
chb03_35.edf,25.0,30.0,0,0,0.0
chb03_35.edf,30.0,35.0,0,0,0.0
chb03_35.edf,35.0,40.0,0,0,0.0
chb03_35.edf,40.0,45.0,0,0,0.0
chb03_35.edf,45.0,50.0,0,0,0.0
chb03_35.edf,50.0,55.0,0,0,0.0
chb03_35.edf,55.0,60.0,0,0,0.0
chb03_35.edf,60.0,65.0,0,0,0.0
chb03_35.edf,65.0,70.0,0,0,0.0
chb03_35.edf,70.0,75.0,0,0,0.0
chb03_35.edf,75.0,80.0,0,0,0.0
chb03_35.edf,80.0,85.0,0,0,0.0
chb03_35.edf,85.0,90.0,0,0,0.0
chb03_35.edf,90.0,95.0,0,0,0.0
chb03_35.edf,95.0,100.0,0,0,0.0
chb03_35.edf,100.0,105.0,0,0,0.0
chb03_35.edf,105.0,110.0,0,0,0.0
chb03_35.edf,110.0,115.0,0,0,0.0
chb03_35.edf,115.0,120.0,0,0,0.0
chb03_35.edf,120.0,125.0,0,0,0.0
chb03_35.edf,125.0,130.0,0,0,0.009878706199460918
chb03_35.edf,130.0,135.0,0,0,0.006666666666666667
chb03_35.edf,135.0,140.0,0,0,0.01
chb03_35.edf,140.0,145.0,0,0,0.0
chb03_35.edf,145.0,150.0,0,0,0.0
chb03_35.edf,150.0,155.0,0,0,0.0
chb03_35.edf,155.0,160.0,0,0,0.0
chb03_35.edf,160.0,165.0,0,0,0.0
chb03_35.edf,165.0,170.0,0,0,0.0
chb03_35.edf,170.0,175.0,0,0,0.0
chb03_35.edf,175.0,180.0,0,0,0.0
chb03_35.edf,180.0,185.0,0,0,0.0
chb03_35.edf,185.0,190.0,0,0,0.0
chb03_35.edf,190.0,195.0,0,0,0.0
chb03_35.edf,195.0,200.0,0,0,0.0
chb03_35.edf,200.0,205.0,0,0,0.0
chb03_35.edf,205.0,210.0,0,0,0.0
chb03_35.edf,210.0,215.0,0,0,0.0
chb03_35.edf,215.0,220.0,0,0,0.0
chb03_35.edf,220.0,225.0,0,0,0.0
chb03_35.edf,225.0,230.0,0,0,0.0
chb03_35.edf,230.0,235.0,0,0,0.0
chb03_35.edf,235.0,240.0,0,0,0.0
chb03_35.edf,240.0,245.0,0,0,0.0
chb03_35.edf,245.0,250.0,0,0,0.0
chb03_35.edf,250.0,255.0,0,0,0.0
chb03_35.edf,255.0,260.0,0,0,0.0
chb03_35.edf,260.0,265.0,0,0,0.0
chb03_35.edf,265.0,270.0,0,0,0.0
chb03_35.edf,270.0,275.0,0,0,0.0
chb03_35.edf,275.0,280.0,0,0,0.0
chb03_35.edf,280.0,285.0,0,0,0.0
chb03_35.edf,285.0,290.0,0,0,0.0
chb03_35.edf,290.0,295.0,0,0,0.0
chb03_35.edf,295.0,300.0,0,0,0.0
chb03_35.edf,300.0,305.0,0,0,0.0
chb03_35.edf,305.0,310.0,0,0,0.0
chb03_35.edf,310.0,315.0,0,0,0.0
chb03_35.edf,315.0,320.0,0,0,0.0
chb03_35.edf,320.0,325.0,0,0,0.0
chb03_35.edf,325.0,330.0,0,0,0.0
chb03_35.edf,330.0,335.0,0,0,0.0
chb03_35.edf,335.0,340.0,0,0,0.0
chb03_35.edf,340.0,345.0,0,0,0.0
chb03_35.edf,345.0,350.0,0,0,0.0
chb03_35.edf,350.0,355.0,0,0,0.0
chb03_35.edf,355.0,360.0,0,0,0.0
chb03_35.edf,360.0,365.0,0,0,0.0
chb03_35.edf,365.0,370.0,0,0,0.0
chb03_35.edf,370.0,375.0,0,0,0.0
chb03_35.edf,375.0,380.0,0,0,0.0
chb03_35.edf,380.0,385.0,0,0,0.0
chb03_35.edf,385.0,390.0,0,0,0.0
chb03_35.edf,390.0,395.0,0,0,0.0
chb03_35.edf,395.0,400.0,0,0,0.0
chb03_35.edf,400.0,405.0,0,0,0.0
chb03_35.edf,405.0,410.0,0,0,0.0
chb03_35.edf,410.0,415.0,0,0,0.0
chb03_35.edf,415.0,420.0,0,0,0.0
chb03_35.edf,420.0,425.0,0,0,0.0
chb03_35.edf,425.0,430.0,0,0,0.0
chb03_35.edf,430.0,435.0,0,0,0.0
chb03_35.edf,435.0,440.0,0,0,0.0032120395327942496
chb03_35.edf,440.0,445.0,0,0,0.0
chb03_35.edf,445.0,450.0,0,0,0.0
chb03_35.edf,450.0,455.0,0,0,0.0
chb03_35.edf,455.0,460.0,0,0,0.0
chb03_35.edf,460.0,465.0,0,0,0.0
chb03_35.edf,465.0,470.0,0,0,0.0
chb03_35.edf,470.0,475.0,0,0,0.0
chb03_35.edf,475.0,480.0,0,0,0.0
chb03_35.edf,480.0,485.0,0,0,0.0
chb03_35.edf,485.0,490.0,0,0,0.0
chb03_35.edf,490.0,495.0,0,0,0.0
chb03_35.edf,495.0,500.0,0,0,0.0
chb03_35.edf,500.0,505.0,0,0,0.0032120395327942496
chb03_35.edf,505.0,510.0,0,0,0.0
chb03_35.edf,510.0,515.0,0,0,0.0
chb03_35.edf,515.0,520.0,0,0,0.0
chb03_35.edf,520.0,525.0,0,0,0.0
chb03_35.edf,525.0,530.0,0,0,0.0
chb03_35.edf,530.0,535.0,0,0,0.0
chb03_35.edf,535.0,540.0,0,0,0.0
chb03_35.edf,540.0,545.0,0,0,0.0
chb03_35.edf,545.0,550.0,0,0,0.0
chb03_35.edf,550.0,555.0,0,0,0.0
chb03_35.edf,555.0,560.0,0,0,0.0
chb03_35.edf,560.0,565.0,0,0,0.0
chb03_35.edf,565.0,570.0,0,0,0.0
chb03_35.edf,570.0,575.0,0,0,0.0032120395327942496
chb03_35.edf,575.0,580.0,0,0,0.04654537286612759
chb03_35.edf,580.0,585.0,0,0,0.013333333333333334
chb03_35.edf,585.0,590.0,0,0,0.0
chb03_35.edf,590.0,595.0,0,0,0.0
chb03_35.edf,595.0,600.0,0,0,0.0
chb03_35.edf,600.0,605.0,0,0,0.0
chb03_35.edf,605.0,610.0,0,0,0.0
chb03_35.edf,610.0,615.0,0,0,0.0
chb03_35.edf,615.0,620.0,0,0,0.0
chb03_35.edf,620.0,625.0,0,0,0.0
chb03_35.edf,625.0,630.0,0,0,0.0
chb03_35.edf,630.0,635.0,0,0,0.0
chb03_35.edf,635.0,640.0,0,0,0.0
chb03_35.edf,640.0,645.0,0,0,0.0
chb03_35.edf,645.0,650.0,0,0,0.0
chb03_35.edf,650.0,655.0,0,0,0.0
chb03_35.edf,655.0,660.0,0,0,0.0
chb03_35.edf,660.0,665.0,0,0,0.0
chb03_35.edf,665.0,670.0,0,0,0.0
chb03_35.edf,670.0,675.0,0,0,0.0
chb03_35.edf,675.0,680.0,0,0,0.0
chb03_35.edf,680.0,685.0,0,0,0.0
chb03_35.edf,685.0,690.0,0,0,0.0
chb03_35.edf,690.0,695.0,0,0,0.0
chb03_35.edf,695.0,700.0,0,0,0.0
chb03_35.edf,700.0,705.0,0,0,0.0
chb03_35.edf,705.0,710.0,0,0,0.0032120395327942496
chb03_35.edf,710.0,715.0,0,0,0.0
chb03_35.edf,715.0,720.0,0,0,0.0
chb03_35.edf,720.0,725.0,0,0,0.0
chb03_35.edf,725.0,730.0,0,0,0.0
chb03_35.edf,730.0,735.0,0,0,0.0
chb03_35.edf,735.0,740.0,0,0,0.0
chb03_35.edf,740.0,745.0,0,0,0.0
chb03_35.edf,745.0,750.0,0,0,0.0
chb03_35.edf,750.0,755.0,0,0,0.0
chb03_35.edf,755.0,760.0,0,0,0.0
chb03_35.edf,760.0,765.0,0,0,0.0
chb03_35.edf,765.0,770.0,0,0,0.0
chb03_35.edf,770.0,775.0,0,0,0.0
chb03_35.edf,775.0,780.0,0,0,0.0
chb03_35.edf,780.0,785.0,0,0,0.0
chb03_35.edf,785.0,790.0,0,0,0.0
chb03_35.edf,790.0,795.0,0,0,0.0
chb03_35.edf,795.0,800.0,0,0,0.0
chb03_35.edf,800.0,805.0,0,0,0.0
chb03_35.edf,805.0,810.0,0,0,0.0
chb03_35.edf,810.0,815.0,0,0,0.0
chb03_35.edf,815.0,820.0,0,0,0.0
chb03_35.edf,820.0,825.0,0,0,0.0
chb03_35.edf,825.0,830.0,0,0,0.0
chb03_35.edf,830.0,835.0,0,0,0.0
chb03_35.edf,835.0,840.0,0,0,0.0032120395327942496
chb03_35.edf,840.0,845.0,0,0,0.0
chb03_35.edf,845.0,850.0,0,0,0.0
chb03_35.edf,850.0,855.0,0,0,0.0
chb03_35.edf,855.0,860.0,0,0,0.0033333333333333335
chb03_35.edf,860.0,865.0,0,0,0.0
chb03_35.edf,865.0,870.0,0,0,0.0
chb03_35.edf,870.0,875.0,0,0,0.0
chb03_35.edf,875.0,880.0,0,0,0.0
chb03_35.edf,880.0,885.0,0,0,0.0
chb03_35.edf,885.0,890.0,0,0,0.0
chb03_35.edf,890.0,895.0,0,0,0.0
chb03_35.edf,895.0,900.0,0,0,0.0
chb03_35.edf,900.0,905.0,0,0,0.0
chb03_35.edf,905.0,910.0,0,0,0.0
chb03_35.edf,910.0,915.0,0,0,0.0
chb03_35.edf,915.0,920.0,0,0,0.0
chb03_35.edf,920.0,925.0,0,0,0.0032120395327942496
chb03_35.edf,925.0,930.0,0,0,0.0032120395327942496
chb03_35.edf,930.0,935.0,0,0,0.0
chb03_35.edf,935.0,940.0,0,0,0.0
chb03_35.edf,940.0,945.0,0,0,0.0
chb03_35.edf,945.0,950.0,0,0,0.0
chb03_35.edf,950.0,955.0,0,0,0.0
chb03_35.edf,955.0,960.0,0,0,0.0
chb03_35.edf,960.0,965.0,0,0,0.0
chb03_35.edf,965.0,970.0,0,0,0.0
chb03_35.edf,970.0,975.0,0,0,0.0
chb03_35.edf,975.0,980.0,0,0,0.0
chb03_35.edf,980.0,985.0,0,0,0.0
chb03_35.edf,985.0,990.0,0,0,0.0
chb03_35.edf,990.0,995.0,0,0,0.0
chb03_35.edf,995.0,1000.0,0,0,0.0065453728661275835
chb03_35.edf,1000.0,1005.0,0,0,0.0
chb03_35.edf,1005.0,1010.0,0,0,0.0
chb03_35.edf,1010.0,1015.0,0,0,0.0
chb03_35.edf,1015.0,1020.0,0,0,0.0
chb03_35.edf,1020.0,1025.0,0,0,0.0
chb03_35.edf,1025.0,1030.0,0,0,0.0065453728661275835
chb03_35.edf,1030.0,1035.0,0,0,0.0
chb03_35.edf,1035.0,1040.0,0,0,0.0
chb03_35.edf,1040.0,1045.0,0,0,0.0065453728661275835
chb03_35.edf,1045.0,1050.0,0,0,0.0
chb03_35.edf,1050.0,1055.0,0,0,0.0
chb03_35.edf,1055.0,1060.0,0,0,0.0
chb03_35.edf,1060.0,1065.0,0,0,0.0
chb03_35.edf,1065.0,1070.0,0,0,0.0032120395327942496
chb03_35.edf,1070.0,1075.0,0,0,0.0032120395327942496
chb03_35.edf,1075.0,1080.0,0,0,0.0
chb03_35.edf,1080.0,1085.0,0,0,0.0
chb03_35.edf,1085.0,1090.0,0,0,0.0065453728661275835
chb03_35.edf,1090.0,1095.0,0,0,0.0
chb03_35.edf,1095.0,1100.0,0,0,0.0
chb03_35.edf,1100.0,1105.0,0,0,0.0
chb03_35.edf,1105.0,1110.0,0,0,0.0
chb03_35.edf,1110.0,1115.0,0,0,0.0
chb03_35.edf,1115.0,1120.0,0,0,0.0
chb03_35.edf,1120.0,1125.0,0,0,0.013333333333333334
chb03_35.edf,1125.0,1130.0,0,0,0.0032120395327942496
chb03_35.edf,1130.0,1135.0,0,0,0.0
chb03_35.edf,1135.0,1140.0,0,0,0.0032120395327942496
chb03_35.edf,1140.0,1145.0,0,0,0.0065453728661275835
chb03_35.edf,1145.0,1150.0,0,0,0.0032120395327942496
chb03_35.edf,1150.0,1155.0,0,0,0.0
chb03_35.edf,1155.0,1160.0,0,0,0.0032120395327942496
chb03_35.edf,1160.0,1165.0,0,0,0.0033333333333333335
chb03_35.edf,1165.0,1170.0,0,0,0.0
chb03_35.edf,1170.0,1175.0,0,0,0.0065453728661275835
chb03_35.edf,1175.0,1180.0,0,0,0.016545372866127585
chb03_35.edf,1180.0,1185.0,0,0,0.0065453728661275835
chb03_35.edf,1185.0,1190.0,0,0,0.0
chb03_35.edf,1190.0,1195.0,0,0,0.0
chb03_35.edf,1195.0,1200.0,0,0,0.0032120395327942496
chb03_35.edf,1200.0,1205.0,0,0,0.0032120395327942496
chb03_35.edf,1205.0,1210.0,0,0,0.0
chb03_35.edf,1210.0,1215.0,0,0,0.0
chb03_35.edf,1215.0,1220.0,0,0,0.0
chb03_35.edf,1220.0,1225.0,0,0,0.0032120395327942496
chb03_35.edf,1225.0,1230.0,0,0,0.0
chb03_35.edf,1230.0,1235.0,0,0,0.0
chb03_35.edf,1235.0,1240.0,0,0,0.0
chb03_35.edf,1240.0,1245.0,0,0,0.0032120395327942496
chb03_35.edf,1245.0,1250.0,0,0,0.0
chb03_35.edf,1250.0,1255.0,0,0,0.0
chb03_35.edf,1255.0,1260.0,0,0,0.0032120395327942496
chb03_35.edf,1260.0,1265.0,0,0,0.0065453728661275835
chb03_35.edf,1265.0,1270.0,0,0,0.0
chb03_35.edf,1270.0,1275.0,0,0,0.0
chb03_35.edf,1275.0,1280.0,0,0,0.0
chb03_35.edf,1280.0,1285.0,0,0,0.0065453728661275835
chb03_35.edf,1285.0,1290.0,0,0,0.0032120395327942496
chb03_35.edf,1290.0,1295.0,0,0,0.0
chb03_35.edf,1295.0,1300.0,0,0,0.0032120395327942496
chb03_35.edf,1300.0,1305.0,0,0,0.0
chb03_35.edf,1305.0,1310.0,0,0,0.0032120395327942496
chb03_35.edf,1310.0,1315.0,0,0,0.0032120395327942496
chb03_35.edf,1315.0,1320.0,0,0,0.0
chb03_35.edf,1320.0,1325.0,0,0,0.0
chb03_35.edf,1325.0,1330.0,0,0,0.0032120395327942496
chb03_35.edf,1330.0,1335.0,0,0,0.0032120395327942496
chb03_35.edf,1335.0,1340.0,0,0,0.0065453728661275835
chb03_35.edf,1340.0,1345.0,0,0,0.0
chb03_35.edf,1345.0,1350.0,0,0,0.0
chb03_35.edf,1350.0,1355.0,0,0,0.0032120395327942496
chb03_35.edf,1355.0,1360.0,0,0,0.0
chb03_35.edf,1360.0,1365.0,0,0,0.0
chb03_35.edf,1365.0,1370.0,0,0,0.0032120395327942496
chb03_35.edf,1370.0,1375.0,0,0,0.0
chb03_35.edf,1375.0,1380.0,0,0,0.0
chb03_35.edf,1380.0,1385.0,0,0,0.0032120395327942496
chb03_35.edf,1385.0,1390.0,0,0,0.0032120395327942496
chb03_35.edf,1390.0,1395.0,0,0,0.0032120395327942496
chb03_35.edf,1395.0,1400.0,0,0,0.0
chb03_35.edf,1400.0,1405.0,0,0,0.0
chb03_35.edf,1405.0,1410.0,0,0,0.0032120395327942496
chb03_35.edf,1410.0,1415.0,0,0,0.0
chb03_35.edf,1415.0,1420.0,0,0,0.0
chb03_35.edf,1420.0,1425.0,0,0,0.0065453728661275835
chb03_35.edf,1425.0,1430.0,0,0,0.0033333333333333335
chb03_35.edf,1430.0,1435.0,0,0,0.0
chb03_35.edf,1435.0,1440.0,0,0,0.0032120395327942496
chb03_35.edf,1440.0,1445.0,0,0,0.0
chb03_35.edf,1445.0,1450.0,0,0,0.0032120395327942496
chb03_35.edf,1450.0,1455.0,0,0,0.0
chb03_35.edf,1455.0,1460.0,0,0,0.0
chb03_35.edf,1460.0,1465.0,0,0,0.0032120395327942496
chb03_35.edf,1465.0,1470.0,0,0,0.0032120395327942496
chb03_35.edf,1470.0,1475.0,0,0,0.0032120395327942496
chb03_35.edf,1475.0,1480.0,0,0,0.0
chb03_35.edf,1480.0,1485.0,0,0,0.0
chb03_35.edf,1485.0,1490.0,0,0,0.0
chb03_35.edf,1490.0,1495.0,0,0,0.0
chb03_35.edf,1495.0,1500.0,0,0,0.0032120395327942496
chb03_35.edf,1500.0,1505.0,0,0,0.0032120395327942496
chb03_35.edf,1505.0,1510.0,0,0,0.0
chb03_35.edf,1510.0,1515.0,0,0,0.0065453728661275835
chb03_35.edf,1515.0,1520.0,0,0,0.0032120395327942496
chb03_35.edf,1520.0,1525.0,0,0,0.0
chb03_35.edf,1525.0,1530.0,0,0,0.0032120395327942496
chb03_35.edf,1530.0,1535.0,0,0,0.0032120395327942496
chb03_35.edf,1535.0,1540.0,0,0,0.0
chb03_35.edf,1540.0,1545.0,0,0,0.0033333333333333335
chb03_35.edf,1545.0,1550.0,0,0,0.0032120395327942496
chb03_35.edf,1550.0,1555.0,0,0,0.0032120395327942496
chb03_35.edf,1555.0,1560.0,0,0,0.0
chb03_35.edf,1560.0,1565.0,0,0,0.0032120395327942496
chb03_35.edf,1565.0,1570.0,0,0,0.01321203953279425
chb03_35.edf,1570.0,1575.0,0,0,0.0032120395327942496
chb03_35.edf,1575.0,1580.0,0,0,0.0032120395327942496
chb03_35.edf,1580.0,1585.0,0,0,0.0
chb03_35.edf,1585.0,1590.0,0,0,0.0065453728661275835
chb03_35.edf,1590.0,1595.0,0,0,0.0032120395327942496
chb03_35.edf,1595.0,1600.0,0,0,0.0
chb03_35.edf,1600.0,1605.0,0,0,0.0
chb03_35.edf,1605.0,1610.0,0,0,0.0
chb03_35.edf,1610.0,1615.0,0,0,0.0032120395327942496
chb03_35.edf,1615.0,1620.0,0,0,0.0
chb03_35.edf,1620.0,1625.0,0,0,0.0032120395327942496
chb03_35.edf,1625.0,1630.0,0,0,0.0032120395327942496
chb03_35.edf,1630.0,1635.0,0,0,0.0
chb03_35.edf,1635.0,1640.0,0,0,0.0
chb03_35.edf,1640.0,1645.0,0,0,0.0033333333333333335
chb03_35.edf,1645.0,1650.0,0,0,0.0032120395327942496
chb03_35.edf,1650.0,1655.0,0,0,0.0032120395327942496
chb03_35.edf,1655.0,1660.0,0,0,0.0
chb03_35.edf,1660.0,1665.0,0,0,0.0
chb03_35.edf,1665.0,1670.0,0,0,0.0032120395327942496
chb03_35.edf,1670.0,1675.0,0,0,0.0032120395327942496
chb03_35.edf,1675.0,1680.0,0,0,0.0032120395327942496
chb03_35.edf,1680.0,1685.0,0,0,0.0032120395327942496
chb03_35.edf,1685.0,1690.0,0,0,0.0033333333333333335
chb03_35.edf,1690.0,1695.0,0,0,0.0
chb03_35.edf,1695.0,1700.0,0,0,0.0032120395327942496
chb03_35.edf,1700.0,1705.0,0,0,0.0032120395327942496
chb03_35.edf,1705.0,1710.0,0,0,0.0065453728661275835
chb03_35.edf,1710.0,1715.0,0,0,0.0
chb03_35.edf,1715.0,1720.0,0,0,0.0032120395327942496
chb03_35.edf,1720.0,1725.0,0,0,0.0032120395327942496
chb03_35.edf,1725.0,1730.0,0,0,0.0065453728661275835
chb03_35.edf,1730.0,1735.0,0,0,0.0
chb03_35.edf,1735.0,1740.0,0,0,0.0
chb03_35.edf,1740.0,1745.0,0,0,0.0
chb03_35.edf,1745.0,1750.0,0,0,0.0033333333333333335
chb03_35.edf,1750.0,1755.0,0,0,0.0
chb03_35.edf,1755.0,1760.0,0,0,0.0
chb03_35.edf,1760.0,1765.0,0,0,0.0
chb03_35.edf,1765.0,1770.0,0,0,0.0
chb03_35.edf,1770.0,1775.0,0,0,0.0032120395327942496
chb03_35.edf,1775.0,1780.0,0,0,0.0032120395327942496
chb03_35.edf,1780.0,1785.0,0,0,0.0032120395327942496
chb03_35.edf,1785.0,1790.0,0,0,0.0
chb03_35.edf,1790.0,1795.0,0,0,0.0032120395327942496
chb03_35.edf,1795.0,1800.0,0,0,0.0032120395327942496
chb03_35.edf,1800.0,1805.0,0,0,0.0
chb03_35.edf,1805.0,1810.0,0,0,0.0
chb03_35.edf,1810.0,1815.0,0,0,0.0
chb03_35.edf,1815.0,1820.0,0,0,0.0032120395327942496
chb03_35.edf,1820.0,1825.0,0,0,0.0
chb03_35.edf,1825.0,1830.0,0,0,0.0032120395327942496
chb03_35.edf,1830.0,1835.0,0,0,0.0065453728661275835
chb03_35.edf,1835.0,1840.0,0,0,0.0
chb03_35.edf,1840.0,1845.0,0,0,0.0
chb03_35.edf,1845.0,1850.0,0,0,0.0032120395327942496
chb03_35.edf,1850.0,1855.0,0,0,0.0032120395327942496
chb03_35.edf,1855.0,1860.0,0,0,0.0065453728661275835
chb03_35.edf,1860.0,1865.0,0,0,0.009878706199460918
chb03_35.edf,1865.0,1870.0,0,0,0.0032120395327942496
chb03_35.edf,1870.0,1875.0,0,0,0.0
chb03_35.edf,1875.0,1880.0,0,0,0.0032120395327942496
chb03_35.edf,1880.0,1885.0,0,0,0.0032120395327942496
chb03_35.edf,1885.0,1890.0,0,0,0.0032120395327942496
chb03_35.edf,1890.0,1895.0,0,0,0.0032120395327942496
chb03_35.edf,1895.0,1900.0,0,0,0.0032120395327942496
chb03_35.edf,1900.0,1905.0,0,0,0.0033333333333333335
chb03_35.edf,1905.0,1910.0,0,0,0.0032120395327942496
chb03_35.edf,1910.0,1915.0,0,0,0.0032120395327942496
chb03_35.edf,1915.0,1920.0,0,0,0.0032120395327942496
chb03_35.edf,1920.0,1925.0,0,0,0.0032120395327942496
chb03_35.edf,1925.0,1930.0,0,0,0.0
chb03_35.edf,1930.0,1935.0,0,0,0.0033333333333333335
chb03_35.edf,1935.0,1940.0,0,0,0.0
chb03_35.edf,1940.0,1945.0,0,0,0.0
chb03_35.edf,1945.0,1950.0,0,0,0.0032120395327942496
chb03_35.edf,1950.0,1955.0,0,0,0.0
chb03_35.edf,1955.0,1960.0,0,0,0.0
chb03_35.edf,1960.0,1965.0,0,0,0.0032120395327942496
chb03_35.edf,1965.0,1970.0,0,0,0.0
chb03_35.edf,1970.0,1975.0,0,0,0.0065453728661275835
chb03_35.edf,1975.0,1980.0,0,0,0.0032120395327942496
chb03_35.edf,1980.0,1985.0,0,0,0.0032120395327942496
chb03_35.edf,1985.0,1990.0,0,0,0.0
chb03_35.edf,1990.0,1995.0,0,0,0.0032120395327942496
chb03_35.edf,1995.0,2000.0,0,0,0.0032120395327942496
chb03_35.edf,2000.0,2005.0,0,0,0.0032120395327942496
chb03_35.edf,2005.0,2010.0,0,0,0.0032120395327942496
chb03_35.edf,2010.0,2015.0,0,0,0.0032120395327942496
chb03_35.edf,2015.0,2020.0,0,0,0.0
chb03_35.edf,2020.0,2025.0,0,0,0.0032120395327942496
chb03_35.edf,2025.0,2030.0,0,0,0.0
chb03_35.edf,2030.0,2035.0,0,0,0.0
chb03_35.edf,2035.0,2040.0,0,0,0.0
chb03_35.edf,2040.0,2045.0,0,0,0.0032120395327942496
chb03_35.edf,2045.0,2050.0,0,0,0.0
chb03_35.edf,2050.0,2055.0,0,0,0.0032120395327942496
chb03_35.edf,2055.0,2060.0,0,0,0.0032120395327942496
chb03_35.edf,2060.0,2065.0,0,0,0.0
chb03_35.edf,2065.0,2070.0,0,0,0.0
chb03_35.edf,2070.0,2075.0,0,0,0.0032120395327942496
chb03_35.edf,2075.0,2080.0,0,0,0.0032120395327942496
chb03_35.edf,2080.0,2085.0,0,0,0.0065453728661275835
chb03_35.edf,2085.0,2090.0,0,0,0.0032120395327942496
chb03_35.edf,2090.0,2095.0,0,0,0.0
chb03_35.edf,2095.0,2100.0,0,0,0.0032120395327942496
chb03_35.edf,2100.0,2105.0,0,0,0.0
chb03_35.edf,2105.0,2110.0,0,0,0.0032120395327942496
chb03_35.edf,2110.0,2115.0,0,0,0.02321203953279425
chb03_35.edf,2115.0,2120.0,0,0,0.0065453728661275835
chb03_35.edf,2120.0,2125.0,0,0,0.0
chb03_35.edf,2125.0,2130.0,0,0,0.0
chb03_35.edf,2130.0,2135.0,0,0,0.023333333333333334
chb03_35.edf,2135.0,2140.0,0,0,0.0
chb03_35.edf,2140.0,2145.0,0,0,0.0033333333333333335
chb03_35.edf,2145.0,2150.0,0,0,0.0
chb03_35.edf,2150.0,2155.0,0,0,0.0
chb03_35.edf,2155.0,2160.0,0,0,0.01
chb03_35.edf,2160.0,2165.0,0,0,0.16654537286612758
chb03_35.edf,2165.0,2170.0,0,0,0.0
chb03_35.edf,2170.0,2175.0,0,0,0.0
chb03_35.edf,2175.0,2180.0,0,0,0.0
chb03_35.edf,2180.0,2185.0,0,0,0.0
chb03_35.edf,2185.0,2190.0,0,0,0.0
chb03_35.edf,2190.0,2195.0,0,0,0.0
chb03_35.edf,2195.0,2200.0,0,0,0.0
chb03_35.edf,2200.0,2205.0,0,0,0.0
chb03_35.edf,2205.0,2210.0,0,0,0.0
chb03_35.edf,2210.0,2215.0,0,0,0.0
chb03_35.edf,2215.0,2220.0,0,0,0.0
chb03_35.edf,2220.0,2225.0,0,0,0.0033333333333333335
chb03_35.edf,2225.0,2230.0,0,0,0.0
chb03_35.edf,2230.0,2235.0,0,0,0.006666666666666667
chb03_35.edf,2235.0,2240.0,0,0,0.0
chb03_35.edf,2240.0,2245.0,0,0,0.0
chb03_35.edf,2245.0,2250.0,0,0,0.0
chb03_35.edf,2250.0,2255.0,0,0,0.0
chb03_35.edf,2255.0,2260.0,0,0,0.0
chb03_35.edf,2260.0,2265.0,0,0,0.0
chb03_35.edf,2265.0,2270.0,0,0,0.0
chb03_35.edf,2270.0,2275.0,0,0,0.0
chb03_35.edf,2275.0,2280.0,0,0,0.0
chb03_35.edf,2280.0,2285.0,0,0,0.0
chb03_35.edf,2285.0,2290.0,0,0,0.0
chb03_35.edf,2290.0,2295.0,0,0,0.0
chb03_35.edf,2295.0,2300.0,0,0,0.0
chb03_35.edf,2300.0,2305.0,0,0,0.0
chb03_35.edf,2305.0,2310.0,0,0,0.0
chb03_35.edf,2310.0,2315.0,0,0,0.0
chb03_35.edf,2315.0,2320.0,0,0,0.0
chb03_35.edf,2320.0,2325.0,0,0,0.0
chb03_35.edf,2325.0,2330.0,0,0,0.0
chb03_35.edf,2330.0,2335.0,0,0,0.0
chb03_35.edf,2335.0,2340.0,0,0,0.0
chb03_35.edf,2340.0,2345.0,0,0,0.0
chb03_35.edf,2345.0,2350.0,0,0,0.0
chb03_35.edf,2350.0,2355.0,0,0,0.0
chb03_35.edf,2355.0,2360.0,0,0,0.0
chb03_35.edf,2360.0,2365.0,0,0,0.0
chb03_35.edf,2365.0,2370.0,0,0,0.0
chb03_35.edf,2370.0,2375.0,0,0,0.0
chb03_35.edf,2375.0,2380.0,0,0,0.0
chb03_35.edf,2380.0,2385.0,0,0,0.0
chb03_35.edf,2385.0,2390.0,0,0,0.0
chb03_35.edf,2390.0,2395.0,0,0,0.0
chb03_35.edf,2395.0,2400.0,0,0,0.0
chb03_35.edf,2400.0,2405.0,0,0,0.0
chb03_35.edf,2405.0,2410.0,0,0,0.0
chb03_35.edf,2410.0,2415.0,0,0,0.0
chb03_35.edf,2415.0,2420.0,0,0,0.0
chb03_35.edf,2420.0,2425.0,0,0,0.0
chb03_35.edf,2425.0,2430.0,0,0,0.0
chb03_35.edf,2430.0,2435.0,0,0,0.0
chb03_35.edf,2435.0,2440.0,0,0,0.0
chb03_35.edf,2440.0,2445.0,0,0,0.0
chb03_35.edf,2445.0,2450.0,0,0,0.0
chb03_35.edf,2450.0,2455.0,0,0,0.0
chb03_35.edf,2455.0,2460.0,0,0,0.0
chb03_35.edf,2460.0,2465.0,0,0,0.0
chb03_35.edf,2465.0,2470.0,0,0,0.0
chb03_35.edf,2470.0,2475.0,0,0,0.0
chb03_35.edf,2475.0,2480.0,0,0,0.0
chb03_35.edf,2480.0,2485.0,0,0,0.0
chb03_35.edf,2485.0,2490.0,0,0,0.0
chb03_35.edf,2490.0,2495.0,0,0,0.0
chb03_35.edf,2495.0,2500.0,0,0,0.03321203953279425
chb03_35.edf,2500.0,2505.0,0,0,0.1998787061994609
chb03_35.edf,2505.0,2510.0,0,0,0.006666666666666667
chb03_35.edf,2510.0,2515.0,0,0,0.006666666666666667
chb03_35.edf,2515.0,2520.0,0,0,0.0
chb03_35.edf,2520.0,2525.0,0,0,0.0
chb03_35.edf,2525.0,2530.0,0,0,0.0
chb03_35.edf,2530.0,2535.0,0,0,0.0
chb03_35.edf,2535.0,2540.0,0,0,0.0
chb03_35.edf,2540.0,2545.0,0,0,0.01
chb03_35.edf,2545.0,2550.0,0,0,0.0
chb03_35.edf,2550.0,2555.0,0,0,0.0033333333333333335
chb03_35.edf,2555.0,2560.0,0,0,0.0
chb03_35.edf,2560.0,2565.0,0,0,0.0
chb03_35.edf,2565.0,2570.0,0,0,0.0
chb03_35.edf,2570.0,2575.0,0,0,0.0
chb03_35.edf,2575.0,2580.0,0,0,0.0
chb03_35.edf,2580.0,2585.0,0,0,0.0
chb03_35.edf,2585.0,2590.0,0,0,0.0
chb03_35.edf,2590.0,2595.0,1,0,0.06333333333333334
chb03_35.edf,2595.0,2600.0,1,0,0.4265453728661276
chb03_35.edf,2600.0,2605.0,1,0,0.03654537286612758
chb03_35.edf,2605.0,2610.0,1,0,0.2598787061994609
chb03_35.edf,2610.0,2615.0,1,0,0.4432120395327943
chb03_35.edf,2615.0,2620.0,1,1,0.559878706199461
chb03_35.edf,2620.0,2625.0,1,0,0.1998787061994609
chb03_35.edf,2625.0,2630.0,1,0,0.37321203953279425
chb03_35.edf,2630.0,2635.0,1,1,0.6932120395327942
chb03_35.edf,2635.0,2640.0,1,1,0.5965453728661275
chb03_35.edf,2640.0,2645.0,1,1,0.8532120395327942
chb03_35.edf,2645.0,2650.0,1,1,0.8832120395327941
chb03_35.edf,2650.0,2655.0,1,1,0.6065453728661275
chb03_35.edf,2655.0,2660.0,0,0,0.39321203953279427
chb03_35.edf,2660.0,2665.0,0,0,0.25654537286612755
chb03_35.edf,2665.0,2670.0,0,0,0.056545372866127576
chb03_35.edf,2670.0,2675.0,0,0,0.016545372866127585
chb03_35.edf,2675.0,2680.0,0,0,0.06666666666666667
chb03_35.edf,2680.0,2685.0,0,0,0.1398787061994609
chb03_35.edf,2685.0,2690.0,0,0,0.16654537286612758
chb03_35.edf,2690.0,2695.0,0,0,0.02321203953279425
chb03_35.edf,2695.0,2700.0,0,0,0.26654537286612756
chb03_35.edf,2700.0,2705.0,0,1,0.5432120395327943
chb03_35.edf,2705.0,2710.0,0,0,0.08333333333333333
chb03_35.edf,2710.0,2715.0,0,0,0.0
chb03_35.edf,2715.0,2720.0,0,0,0.3965453728661276
chb03_35.edf,2720.0,2725.0,0,0,0.0
chb03_35.edf,2725.0,2730.0,0,0,0.0
chb03_35.edf,2730.0,2735.0,0,0,0.0
chb03_35.edf,2735.0,2740.0,0,0,0.0
chb03_35.edf,2740.0,2745.0,0,0,0.006666666666666667
chb03_35.edf,2745.0,2750.0,0,0,0.006666666666666667
chb03_35.edf,2750.0,2755.0,0,0,0.006666666666666667
chb03_35.edf,2755.0,2760.0,0,0,0.0033333333333333335
chb03_35.edf,2760.0,2765.0,0,0,0.0
chb03_35.edf,2765.0,2770.0,0,0,0.0
chb03_35.edf,2770.0,2775.0,0,0,0.0
chb03_35.edf,2775.0,2780.0,0,0,0.0
chb03_35.edf,2780.0,2785.0,0,0,0.0
chb03_35.edf,2785.0,2790.0,0,0,0.0033333333333333335
chb03_35.edf,2790.0,2795.0,0,0,0.0
chb03_35.edf,2795.0,2800.0,0,0,0.0
chb03_35.edf,2800.0,2805.0,0,0,0.0
chb03_35.edf,2805.0,2810.0,0,0,0.0
chb03_35.edf,2810.0,2815.0,0,0,0.0
chb03_35.edf,2815.0,2820.0,0,0,0.0
chb03_35.edf,2820.0,2825.0,0,0,0.0
chb03_35.edf,2825.0,2830.0,0,0,0.0
chb03_35.edf,2830.0,2835.0,0,0,0.07333333333333333
chb03_35.edf,2835.0,2840.0,0,0,0.01
chb03_35.edf,2840.0,2845.0,0,0,0.0033333333333333335
chb03_35.edf,2845.0,2850.0,0,0,0.01321203953279425
chb03_35.edf,2850.0,2855.0,0,0,0.38321203953279426
chb03_35.edf,2855.0,2860.0,0,0,0.17987870619946092
chb03_35.edf,2860.0,2865.0,0,0,0.03987870619946092
chb03_35.edf,2865.0,2870.0,0,0,0.0065453728661275835
chb03_35.edf,2870.0,2875.0,0,0,0.0
chb03_35.edf,2875.0,2880.0,0,0,0.0
chb03_35.edf,2880.0,2885.0,0,0,0.0033333333333333335
chb03_35.edf,2885.0,2890.0,0,0,0.0
chb03_35.edf,2890.0,2895.0,0,0,0.0
chb03_35.edf,2895.0,2900.0,0,0,0.18333333333333332
chb03_35.edf,2900.0,2905.0,0,0,0.0
chb03_35.edf,2905.0,2910.0,0,0,0.0
chb03_35.edf,2910.0,2915.0,0,0,0.0
chb03_35.edf,2915.0,2920.0,0,0,0.0
chb03_35.edf,2920.0,2925.0,0,0,0.0
chb03_35.edf,2925.0,2930.0,0,0,0.0
chb03_35.edf,2930.0,2935.0,0,0,0.0
chb03_35.edf,2935.0,2940.0,0,0,0.0
chb03_35.edf,2940.0,2945.0,0,0,0.0
chb03_35.edf,2945.0,2950.0,0,0,0.0
chb03_35.edf,2950.0,2955.0,0,0,0.006666666666666667
chb03_35.edf,2955.0,2960.0,0,0,0.0
chb03_35.edf,2960.0,2965.0,0,0,0.0
chb03_35.edf,2965.0,2970.0,0,0,0.0
chb03_35.edf,2970.0,2975.0,0,0,0.0
chb03_35.edf,2975.0,2980.0,0,0,0.0
chb03_35.edf,2980.0,2985.0,0,0,0.0
chb03_35.edf,2985.0,2990.0,0,0,0.0
chb03_35.edf,2990.0,2995.0,0,0,0.0
chb03_35.edf,2995.0,3000.0,0,0,0.0
chb03_35.edf,3000.0,3005.0,0,0,0.0
chb03_35.edf,3005.0,3010.0,0,0,0.0
chb03_35.edf,3010.0,3015.0,0,0,0.0
chb03_35.edf,3015.0,3020.0,0,0,0.0
chb03_35.edf,3020.0,3025.0,0,0,0.0
chb03_35.edf,3025.0,3030.0,0,0,0.0
chb03_35.edf,3030.0,3035.0,0,0,0.0
chb03_35.edf,3035.0,3040.0,0,0,0.0
chb03_35.edf,3040.0,3045.0,0,0,0.0
chb03_35.edf,3045.0,3050.0,0,0,0.0
chb03_35.edf,3050.0,3055.0,0,0,0.0
chb03_35.edf,3055.0,3060.0,0,0,0.0
chb03_35.edf,3060.0,3065.0,0,0,0.0
chb03_35.edf,3065.0,3070.0,0,0,0.0
chb03_35.edf,3070.0,3075.0,0,0,0.0
chb03_35.edf,3075.0,3080.0,0,0,0.0
chb03_35.edf,3080.0,3085.0,0,0,0.0
chb03_35.edf,3085.0,3090.0,0,0,0.0
chb03_35.edf,3090.0,3095.0,0,0,0.0
chb03_35.edf,3095.0,3100.0,0,0,0.0
chb03_35.edf,3100.0,3105.0,0,0,0.0
chb03_35.edf,3105.0,3110.0,0,0,0.0
chb03_35.edf,3110.0,3115.0,0,0,0.0
chb03_35.edf,3115.0,3120.0,0,0,0.0
chb03_35.edf,3120.0,3125.0,0,0,0.0
chb03_35.edf,3125.0,3130.0,0,0,0.0
chb03_35.edf,3130.0,3135.0,0,0,0.0
chb03_35.edf,3135.0,3140.0,0,0,0.0
chb03_35.edf,3140.0,3145.0,0,0,0.0
chb03_35.edf,3145.0,3150.0,0,0,0.0
chb03_35.edf,3150.0,3155.0,0,0,0.0
chb03_35.edf,3155.0,3160.0,0,0,0.0
chb03_35.edf,3160.0,3165.0,0,0,0.0
chb03_35.edf,3165.0,3170.0,0,0,0.0
chb03_35.edf,3170.0,3175.0,0,0,0.0
chb03_35.edf,3175.0,3180.0,0,0,0.0
chb03_35.edf,3180.0,3185.0,0,0,0.0
chb03_35.edf,3185.0,3190.0,0,0,0.006666666666666667
chb03_35.edf,3190.0,3195.0,0,0,0.0
chb03_35.edf,3195.0,3200.0,0,0,0.0
chb03_35.edf,3200.0,3205.0,0,0,0.0
chb03_35.edf,3205.0,3210.0,0,0,0.0
chb03_35.edf,3210.0,3215.0,0,0,0.0
chb03_35.edf,3215.0,3220.0,0,0,0.0
chb03_35.edf,3220.0,3225.0,0,0,0.0
chb03_35.edf,3225.0,3230.0,0,0,0.0
chb03_35.edf,3230.0,3235.0,0,0,0.0
chb03_35.edf,3235.0,3240.0,0,0,0.0
chb03_35.edf,3240.0,3245.0,0,0,0.0
chb03_35.edf,3245.0,3250.0,0,0,0.0
chb03_35.edf,3250.0,3255.0,0,0,0.0
chb03_35.edf,3255.0,3260.0,0,0,0.0
chb03_35.edf,3260.0,3265.0,0,0,0.006666666666666667
chb03_35.edf,3265.0,3270.0,0,0,0.0
chb03_35.edf,3270.0,3275.0,0,0,0.0
chb03_35.edf,3275.0,3280.0,0,0,0.0
chb03_35.edf,3280.0,3285.0,0,0,0.0
chb03_35.edf,3285.0,3290.0,0,0,0.0
chb03_35.edf,3290.0,3295.0,0,0,0.0
chb03_35.edf,3295.0,3300.0,0,0,0.0
chb03_35.edf,3300.0,3305.0,0,0,0.0
chb03_35.edf,3305.0,3310.0,0,0,0.0
chb03_35.edf,3310.0,3315.0,0,0,0.0
chb03_35.edf,3315.0,3320.0,0,0,0.0
chb03_35.edf,3320.0,3325.0,0,0,0.0
chb03_35.edf,3325.0,3330.0,0,0,0.0
chb03_35.edf,3330.0,3335.0,0,0,0.0
chb03_35.edf,3335.0,3340.0,0,0,0.0
chb03_35.edf,3340.0,3345.0,0,0,0.0
chb03_35.edf,3345.0,3350.0,0,0,0.0
chb03_35.edf,3350.0,3355.0,0,0,0.0
chb03_35.edf,3355.0,3360.0,0,0,0.0
chb03_35.edf,3360.0,3365.0,0,0,0.0
chb03_35.edf,3365.0,3370.0,0,0,0.0
chb03_35.edf,3370.0,3375.0,0,0,0.0
chb03_35.edf,3375.0,3380.0,0,0,0.0
chb03_35.edf,3380.0,3385.0,0,0,0.0
chb03_35.edf,3385.0,3390.0,0,0,0.0
chb03_35.edf,3390.0,3395.0,0,0,0.0
chb03_35.edf,3395.0,3400.0,0,0,0.0
chb03_35.edf,3400.0,3405.0,0,0,0.0
chb03_35.edf,3405.0,3410.0,0,0,0.0
chb03_35.edf,3410.0,3415.0,0,0,0.0
chb03_35.edf,3415.0,3420.0,0,0,0.0
chb03_35.edf,3420.0,3425.0,0,0,0.0
chb03_35.edf,3425.0,3430.0,0,0,0.0
chb03_35.edf,3430.0,3435.0,0,0,0.0
chb03_35.edf,3435.0,3440.0,0,0,0.0
chb03_35.edf,3440.0,3445.0,0,0,0.0
chb03_35.edf,3445.0,3450.0,0,0,0.0
chb03_35.edf,3450.0,3455.0,0,0,0.0
chb03_35.edf,3455.0,3460.0,0,0,0.0
chb03_35.edf,3460.0,3465.0,0,0,0.0
chb03_35.edf,3465.0,3470.0,0,0,0.0
chb03_35.edf,3470.0,3475.0,0,0,0.0
chb03_35.edf,3475.0,3480.0,0,0,0.0
chb03_35.edf,3480.0,3485.0,0,0,0.0
chb03_35.edf,3485.0,3490.0,0,0,0.0
chb03_35.edf,3490.0,3495.0,0,0,0.0
chb03_35.edf,3495.0,3500.0,0,0,0.0
chb03_35.edf,3500.0,3505.0,0,0,0.0
chb03_35.edf,3505.0,3510.0,0,0,0.0
chb03_35.edf,3510.0,3515.0,0,0,0.0
chb03_35.edf,3515.0,3520.0,0,0,0.0
chb03_35.edf,3520.0,3525.0,0,0,0.0
chb03_35.edf,3525.0,3530.0,0,0,0.0
chb03_35.edf,3530.0,3535.0,0,0,0.0
chb03_35.edf,3535.0,3540.0,0,0,0.0
chb03_35.edf,3540.0,3545.0,0,0,0.0
chb03_35.edf,3545.0,3550.0,0,0,0.0
chb03_35.edf,3550.0,3555.0,0,0,0.0
chb03_35.edf,3555.0,3560.0,0,0,0.0
chb03_35.edf,3560.0,3565.0,0,0,0.0
chb03_35.edf,3565.0,3570.0,0,0,0.0
chb03_35.edf,3570.0,3575.0,0,0,0.0
chb03_35.edf,3575.0,3580.0,0,0,0.0
chb03_35.edf,3580.0,3585.0,0,0,0.0
chb03_35.edf,3585.0,3590.0,0,0,0.0
chb03_35.edf,3590.0,3595.0,0,0,0.0
chb03_36.edf,0.0,5.0,0,0,0.0033333333333333335
chb03_36.edf,5.0,10.0,0,0,0.0
chb03_36.edf,10.0,15.0,0,0,0.0033333333333333335
chb03_36.edf,15.0,20.0,0,0,0.0
chb03_36.edf,20.0,25.0,0,0,0.0
chb03_36.edf,25.0,30.0,0,0,0.0
chb03_36.edf,30.0,35.0,0,0,0.0
chb03_36.edf,35.0,40.0,0,0,0.006666666666666667
chb03_36.edf,40.0,45.0,0,0,0.0
chb03_36.edf,45.0,50.0,0,0,0.0
chb03_36.edf,50.0,55.0,0,0,0.0
chb03_36.edf,55.0,60.0,0,0,0.0
chb03_36.edf,60.0,65.0,0,0,0.0
chb03_36.edf,65.0,70.0,0,0,0.0
chb03_36.edf,70.0,75.0,0,0,0.0
chb03_36.edf,75.0,80.0,0,0,0.0033333333333333335
chb03_36.edf,80.0,85.0,0,0,0.0
chb03_36.edf,85.0,90.0,0,0,0.0
chb03_36.edf,90.0,95.0,0,0,0.0
chb03_36.edf,95.0,100.0,0,0,0.05978388998035364
chb03_36.edf,100.0,105.0,0,0,0.0
chb03_36.edf,105.0,110.0,0,0,0.0033333333333333335
chb03_36.edf,110.0,115.0,0,0,0.0
chb03_36.edf,115.0,120.0,0,0,0.0
chb03_36.edf,120.0,125.0,0,0,0.0
chb03_36.edf,125.0,130.0,0,0,0.0033333333333333335
chb03_36.edf,130.0,135.0,0,0,0.0
chb03_36.edf,135.0,140.0,0,0,0.0
chb03_36.edf,140.0,145.0,0,0,0.0
chb03_36.edf,145.0,150.0,0,0,0.0033333333333333335
chb03_36.edf,150.0,155.0,0,0,0.12333333333333334
chb03_36.edf,155.0,160.0,0,0,0.0
chb03_36.edf,160.0,165.0,0,0,0.0
chb03_36.edf,165.0,170.0,0,0,0.0
chb03_36.edf,170.0,175.0,0,0,0.0
chb03_36.edf,175.0,180.0,0,0,0.0
chb03_36.edf,180.0,185.0,0,0,0.0
chb03_36.edf,185.0,190.0,0,0,0.0
chb03_36.edf,190.0,195.0,0,0,0.0
chb03_36.edf,195.0,200.0,0,0,0.0
chb03_36.edf,200.0,205.0,0,0,0.0
chb03_36.edf,205.0,210.0,0,0,0.0
chb03_36.edf,210.0,215.0,0,0,0.0
chb03_36.edf,215.0,220.0,0,0,0.0
chb03_36.edf,220.0,225.0,0,0,0.0
chb03_36.edf,225.0,230.0,0,0,0.0
chb03_36.edf,230.0,235.0,0,0,0.0
chb03_36.edf,235.0,240.0,0,0,0.0
chb03_36.edf,240.0,245.0,0,0,0.0
chb03_36.edf,245.0,250.0,0,0,0.0
chb03_36.edf,250.0,255.0,0,0,0.0
chb03_36.edf,255.0,260.0,0,0,0.0033333333333333335
chb03_36.edf,260.0,265.0,0,0,0.0
chb03_36.edf,265.0,270.0,0,0,0.0033333333333333335
chb03_36.edf,270.0,275.0,0,0,0.0
chb03_36.edf,275.0,280.0,0,0,0.0
chb03_36.edf,280.0,285.0,0,0,0.0
chb03_36.edf,285.0,290.0,0,0,0.0
chb03_36.edf,290.0,295.0,0,0,0.0
chb03_36.edf,295.0,300.0,0,0,0.0
chb03_36.edf,300.0,305.0,0,0,0.0
chb03_36.edf,305.0,310.0,0,0,0.0
chb03_36.edf,310.0,315.0,0,0,0.006666666666666667
chb03_36.edf,315.0,320.0,0,0,0.0
chb03_36.edf,320.0,325.0,0,0,0.0033333333333333335
chb03_36.edf,325.0,330.0,0,0,0.20978388998035363
chb03_36.edf,330.0,335.0,0,0,0.1264505566470203
chb03_36.edf,335.0,340.0,0,0,0.006666666666666667
chb03_36.edf,340.0,345.0,0,0,0.16978388998035363
chb03_36.edf,345.0,350.0,0,0,0.003117223313686967
chb03_36.edf,350.0,355.0,0,0,0.009783889980353634
chb03_36.edf,355.0,360.0,0,0,0.0
chb03_36.edf,360.0,365.0,0,0,0.0
chb03_36.edf,365.0,370.0,0,0,0.0
chb03_36.edf,370.0,375.0,0,0,0.0033333333333333335
chb03_36.edf,375.0,380.0,0,0,0.0
chb03_36.edf,380.0,385.0,0,0,0.0
chb03_36.edf,385.0,390.0,0,0,0.0
chb03_36.edf,390.0,395.0,0,0,0.0
chb03_36.edf,395.0,400.0,0,0,0.0
chb03_36.edf,400.0,405.0,0,0,0.0
chb03_36.edf,405.0,410.0,0,0,0.0
chb03_36.edf,410.0,415.0,0,0,0.0
chb03_36.edf,415.0,420.0,0,0,0.0
chb03_36.edf,420.0,425.0,0,0,0.0
chb03_36.edf,425.0,430.0,0,0,0.0
chb03_36.edf,430.0,435.0,0,0,0.0
chb03_36.edf,435.0,440.0,0,0,0.0
chb03_36.edf,440.0,445.0,0,0,0.0
chb03_36.edf,445.0,450.0,0,0,0.0
chb03_36.edf,450.0,455.0,0,0,0.0
chb03_36.edf,455.0,460.0,0,0,0.0
chb03_36.edf,460.0,465.0,0,0,0.0
chb03_36.edf,465.0,470.0,0,0,0.0
chb03_36.edf,470.0,475.0,0,0,0.0
chb03_36.edf,475.0,480.0,0,0,0.0
chb03_36.edf,480.0,485.0,0,0,0.006666666666666667
chb03_36.edf,485.0,490.0,0,0,0.0033333333333333335
chb03_36.edf,490.0,495.0,0,0,0.006666666666666667
chb03_36.edf,495.0,500.0,0,0,0.006666666666666667
chb03_36.edf,500.0,505.0,0,0,0.0
chb03_36.edf,505.0,510.0,0,0,0.0
chb03_36.edf,510.0,515.0,0,0,0.0
chb03_36.edf,515.0,520.0,0,0,0.0
chb03_36.edf,520.0,525.0,0,0,0.0
chb03_36.edf,525.0,530.0,0,0,0.0
chb03_36.edf,530.0,535.0,0,0,0.15978388998035364
chb03_36.edf,535.0,540.0,0,0,0.009783889980353634
chb03_36.edf,540.0,545.0,0,0,0.1964505566470203
chb03_36.edf,545.0,550.0,0,0,0.0
chb03_36.edf,550.0,555.0,0,0,0.049783889980353636
chb03_36.edf,555.0,560.0,0,0,0.0764505566470203
chb03_36.edf,560.0,565.0,0,0,0.033117223313686966
chb03_36.edf,565.0,570.0,0,0,0.2731009480288695
chb03_36.edf,570.0,575.0,0,0,0.006666666666666667
chb03_36.edf,575.0,580.0,0,0,0.0
chb03_36.edf,580.0,585.0,0,0,0.0
chb03_36.edf,585.0,590.0,0,0,0.0
chb03_36.edf,590.0,595.0,0,0,0.0
chb03_36.edf,595.0,600.0,0,0,0.0
chb03_36.edf,600.0,605.0,0,0,0.0
chb03_36.edf,605.0,610.0,0,0,0.0
chb03_36.edf,610.0,615.0,0,0,0.0
chb03_36.edf,615.0,620.0,0,0,0.0
chb03_36.edf,620.0,625.0,0,0,0.0
chb03_36.edf,625.0,630.0,0,0,0.0
chb03_36.edf,630.0,635.0,0,0,0.0
chb03_36.edf,635.0,640.0,0,0,0.0
chb03_36.edf,640.0,645.0,0,0,0.0
chb03_36.edf,645.0,650.0,0,0,0.0
chb03_36.edf,650.0,655.0,0,0,0.0
chb03_36.edf,655.0,660.0,0,0,0.0
chb03_36.edf,660.0,665.0,0,0,0.0033333333333333335
chb03_36.edf,665.0,670.0,0,0,0.1566503913818492
chb03_36.edf,670.0,675.0,0,0,0.0
chb03_36.edf,675.0,680.0,0,0,0.0
chb03_36.edf,680.0,685.0,0,0,0.0
chb03_36.edf,685.0,690.0,0,0,0.0
chb03_36.edf,690.0,695.0,0,0,0.0
chb03_36.edf,695.0,700.0,0,0,0.0
chb03_36.edf,700.0,705.0,0,0,0.0
chb03_36.edf,705.0,710.0,0,0,0.0
chb03_36.edf,710.0,715.0,0,0,0.0
chb03_36.edf,715.0,720.0,0,0,0.0
chb03_36.edf,720.0,725.0,0,0,0.0
chb03_36.edf,725.0,730.0,0,0,0.0
chb03_36.edf,730.0,735.0,0,0,0.0
chb03_36.edf,735.0,740.0,0,0,0.016666666666666666
chb03_36.edf,740.0,745.0,0,0,0.0033333333333333335
chb03_36.edf,745.0,750.0,0,0,0.0
chb03_36.edf,750.0,755.0,0,0,0.0033333333333333335
chb03_36.edf,755.0,760.0,0,0,0.0
chb03_36.edf,760.0,765.0,0,0,0.0
chb03_36.edf,765.0,770.0,0,0,0.0
chb03_36.edf,770.0,775.0,0,0,0.0
chb03_36.edf,775.0,780.0,0,0,0.0
chb03_36.edf,780.0,785.0,0,0,0.0
chb03_36.edf,785.0,790.0,0,0,0.0
chb03_36.edf,790.0,795.0,0,0,0.0
chb03_36.edf,795.0,800.0,0,0,0.0
chb03_36.edf,800.0,805.0,0,0,0.0
chb03_36.edf,805.0,810.0,0,0,0.0
chb03_36.edf,810.0,815.0,0,0,0.0
chb03_36.edf,815.0,820.0,0,0,0.0
chb03_36.edf,820.0,825.0,0,0,0.0033333333333333335
chb03_36.edf,825.0,830.0,0,0,0.0
chb03_36.edf,830.0,835.0,0,0,0.0
chb03_36.edf,835.0,840.0,0,0,0.0
chb03_36.edf,840.0,845.0,0,0,0.01
chb03_36.edf,845.0,850.0,0,0,0.0
chb03_36.edf,850.0,855.0,0,0,0.0
chb03_36.edf,855.0,860.0,0,0,0.0
chb03_36.edf,860.0,865.0,0,0,0.0
chb03_36.edf,865.0,870.0,0,0,0.006666666666666667
chb03_36.edf,870.0,875.0,0,0,0.006666666666666667
chb03_36.edf,875.0,880.0,0,0,0.0
chb03_36.edf,880.0,885.0,0,0,0.0
chb03_36.edf,885.0,890.0,0,0,0.0
chb03_36.edf,890.0,895.0,0,0,0.0
chb03_36.edf,895.0,900.0,0,0,0.0
chb03_36.edf,900.0,905.0,0,0,0.006666666666666667
chb03_36.edf,905.0,910.0,0,0,0.006666666666666667
chb03_36.edf,910.0,915.0,0,0,0.0
chb03_36.edf,915.0,920.0,0,0,0.0
chb03_36.edf,920.0,925.0,0,0,0.0
chb03_36.edf,925.0,930.0,0,0,0.0
chb03_36.edf,930.0,935.0,0,0,0.0
chb03_36.edf,935.0,940.0,0,0,0.0
chb03_36.edf,940.0,945.0,0,0,0.0
chb03_36.edf,945.0,950.0,0,0,0.0
chb03_36.edf,950.0,955.0,0,0,0.0
chb03_36.edf,955.0,960.0,0,0,0.0
chb03_36.edf,960.0,965.0,0,0,0.0
chb03_36.edf,965.0,970.0,0,0,0.0
chb03_36.edf,970.0,975.0,0,0,0.0
chb03_36.edf,975.0,980.0,0,0,0.0
chb03_36.edf,980.0,985.0,0,0,0.0
chb03_36.edf,985.0,990.0,0,0,0.0
chb03_36.edf,990.0,995.0,0,0,0.0
chb03_36.edf,995.0,1000.0,0,0,0.0
chb03_36.edf,1000.0,1005.0,0,0,0.0
chb03_36.edf,1005.0,1010.0,0,0,0.006666666666666667
chb03_36.edf,1010.0,1015.0,0,0,0.0
chb03_36.edf,1015.0,1020.0,0,0,0.0
chb03_36.edf,1020.0,1025.0,0,0,0.0
chb03_36.edf,1025.0,1030.0,0,0,0.0
chb03_36.edf,1030.0,1035.0,0,0,0.0
chb03_36.edf,1035.0,1040.0,0,0,0.0033333333333333335
chb03_36.edf,1040.0,1045.0,0,0,0.0
chb03_36.edf,1045.0,1050.0,0,0,0.0
chb03_36.edf,1050.0,1055.0,0,0,0.0
chb03_36.edf,1055.0,1060.0,0,0,0.0
chb03_36.edf,1060.0,1065.0,0,0,0.0
chb03_36.edf,1065.0,1070.0,0,0,0.0
chb03_36.edf,1070.0,1075.0,0,0,0.0
chb03_36.edf,1075.0,1080.0,0,0,0.0
chb03_36.edf,1080.0,1085.0,0,0,0.01
chb03_36.edf,1085.0,1090.0,0,0,0.0
chb03_36.edf,1090.0,1095.0,0,0,0.0
chb03_36.edf,1095.0,1100.0,0,0,0.0
chb03_36.edf,1100.0,1105.0,0,0,0.0
chb03_36.edf,1105.0,1110.0,0,0,0.0
chb03_36.edf,1110.0,1115.0,0,0,0.0
chb03_36.edf,1115.0,1120.0,0,0,0.0
chb03_36.edf,1120.0,1125.0,0,0,0.0
chb03_36.edf,1125.0,1130.0,0,0,0.0
chb03_36.edf,1130.0,1135.0,0,0,0.0
chb03_36.edf,1135.0,1140.0,0,0,0.0
chb03_36.edf,1140.0,1145.0,0,0,0.0
chb03_36.edf,1145.0,1150.0,0,0,0.0
chb03_36.edf,1150.0,1155.0,0,0,0.0033333333333333335
chb03_36.edf,1155.0,1160.0,0,0,0.0
chb03_36.edf,1160.0,1165.0,0,0,0.0
chb03_36.edf,1165.0,1170.0,0,0,0.0
chb03_36.edf,1170.0,1175.0,0,0,0.0
chb03_36.edf,1175.0,1180.0,0,0,0.0
chb03_36.edf,1180.0,1185.0,0,0,0.0
chb03_36.edf,1185.0,1190.0,0,0,0.0
chb03_36.edf,1190.0,1195.0,0,0,0.0
chb03_36.edf,1195.0,1200.0,0,0,0.0
chb03_36.edf,1200.0,1205.0,0,0,0.0
chb03_36.edf,1205.0,1210.0,0,0,0.0
chb03_36.edf,1210.0,1215.0,0,0,0.0
chb03_36.edf,1215.0,1220.0,0,0,0.09
chb03_36.edf,1220.0,1225.0,0,0,0.10665039138184919
chb03_36.edf,1225.0,1230.0,0,0,0.25310094802886945
chb03_36.edf,1230.0,1235.0,0,0,0.003117223313686967
chb03_36.edf,1235.0,1240.0,0,0,0.0
chb03_36.edf,1240.0,1245.0,0,0,0.0
chb03_36.edf,1245.0,1250.0,0,0,0.0
chb03_36.edf,1250.0,1255.0,0,0,0.0
chb03_36.edf,1255.0,1260.0,0,0,0.0
chb03_36.edf,1260.0,1265.0,0,0,0.0
chb03_36.edf,1265.0,1270.0,0,0,0.0
chb03_36.edf,1270.0,1275.0,0,0,0.006666666666666667
chb03_36.edf,1275.0,1280.0,0,0,0.0
chb03_36.edf,1280.0,1285.0,0,0,0.15978388998035364
chb03_36.edf,1285.0,1290.0,0,0,0.0
chb03_36.edf,1290.0,1295.0,0,0,0.01
chb03_36.edf,1295.0,1300.0,0,0,0.0
chb03_36.edf,1300.0,1305.0,0,0,0.0033333333333333335
chb03_36.edf,1305.0,1310.0,0,0,0.0
chb03_36.edf,1310.0,1315.0,0,0,0.0
chb03_36.edf,1315.0,1320.0,0,0,0.0
chb03_36.edf,1320.0,1325.0,0,0,0.0
chb03_36.edf,1325.0,1330.0,0,0,0.0
chb03_36.edf,1330.0,1335.0,0,0,0.0
chb03_36.edf,1335.0,1340.0,0,0,0.0
chb03_36.edf,1340.0,1345.0,0,0,0.0
chb03_36.edf,1345.0,1350.0,0,0,0.0
chb03_36.edf,1350.0,1355.0,0,0,0.0
chb03_36.edf,1355.0,1360.0,0,0,0.0
chb03_36.edf,1360.0,1365.0,0,0,0.0
chb03_36.edf,1365.0,1370.0,0,0,0.0
chb03_36.edf,1370.0,1375.0,0,0,0.0
chb03_36.edf,1375.0,1380.0,0,0,0.0
chb03_36.edf,1380.0,1385.0,0,0,0.0
chb03_36.edf,1385.0,1390.0,0,0,0.0
chb03_36.edf,1390.0,1395.0,0,0,0.0
chb03_36.edf,1395.0,1400.0,0,0,0.0
chb03_36.edf,1400.0,1405.0,0,0,0.0
chb03_36.edf,1405.0,1410.0,0,0,0.0
chb03_36.edf,1410.0,1415.0,0,0,0.0
chb03_36.edf,1415.0,1420.0,0,0,0.0
chb03_36.edf,1420.0,1425.0,0,0,0.0
chb03_36.edf,1425.0,1430.0,0,0,0.0
chb03_36.edf,1430.0,1435.0,0,0,0.0
chb03_36.edf,1435.0,1440.0,0,0,0.0
chb03_36.edf,1440.0,1445.0,0,0,0.0
chb03_36.edf,1445.0,1450.0,0,0,0.0
chb03_36.edf,1450.0,1455.0,0,0,0.0
chb03_36.edf,1455.0,1460.0,0,0,0.0
chb03_36.edf,1460.0,1465.0,0,0,0.0
chb03_36.edf,1465.0,1470.0,0,0,0.0
chb03_36.edf,1470.0,1475.0,0,0,0.0
chb03_36.edf,1475.0,1480.0,0,0,0.0
chb03_36.edf,1480.0,1485.0,0,0,0.0
chb03_36.edf,1485.0,1490.0,0,0,0.0
chb03_36.edf,1490.0,1495.0,0,0,0.0
chb03_36.edf,1495.0,1500.0,0,0,0.0
chb03_36.edf,1500.0,1505.0,0,0,0.0
chb03_36.edf,1505.0,1510.0,0,0,0.0
chb03_36.edf,1510.0,1515.0,0,0,0.0
chb03_36.edf,1515.0,1520.0,0,0,0.0
chb03_36.edf,1520.0,1525.0,0,0,0.0
chb03_36.edf,1525.0,1530.0,0,0,0.0
chb03_36.edf,1530.0,1535.0,0,0,0.0
chb03_36.edf,1535.0,1540.0,0,0,0.0
chb03_36.edf,1540.0,1545.0,0,0,0.0
chb03_36.edf,1545.0,1550.0,0,0,0.0033333333333333335
chb03_36.edf,1550.0,1555.0,0,0,0.0
chb03_36.edf,1555.0,1560.0,0,0,0.0
chb03_36.edf,1560.0,1565.0,0,0,0.0
chb03_36.edf,1565.0,1570.0,0,0,0.0
chb03_36.edf,1570.0,1575.0,0,0,0.0
chb03_36.edf,1575.0,1580.0,0,0,0.0
chb03_36.edf,1580.0,1585.0,0,0,0.0964505566470203
chb03_36.edf,1585.0,1590.0,0,0,0.02
chb03_36.edf,1590.0,1595.0,0,0,0.15998372471518252
chb03_36.edf,1595.0,1600.0,0,0,0.10643428136220281
chb03_36.edf,1600.0,1605.0,0,0,0.0664505566470203
chb03_36.edf,1605.0,1610.0,0,0,0.046650391381849184
chb03_36.edf,1610.0,1615.0,0,0,0.0
chb03_36.edf,1615.0,1620.0,0,0,0.0
chb03_36.edf,1620.0,1625.0,0,0,0.0
chb03_36.edf,1625.0,1630.0,0,0,0.0
chb03_36.edf,1630.0,1635.0,0,0,0.0033333333333333335
chb03_36.edf,1635.0,1640.0,0,0,0.0
chb03_36.edf,1640.0,1645.0,0,0,0.0
chb03_36.edf,1645.0,1650.0,0,0,0.0
chb03_36.edf,1650.0,1655.0,0,0,0.0
chb03_36.edf,1655.0,1660.0,0,0,0.0
chb03_36.edf,1660.0,1665.0,0,0,0.0
chb03_36.edf,1665.0,1670.0,0,0,0.0
chb03_36.edf,1670.0,1675.0,0,0,0.0
chb03_36.edf,1675.0,1680.0,0,0,0.0
chb03_36.edf,1680.0,1685.0,0,0,0.0
chb03_36.edf,1685.0,1690.0,0,0,0.0
chb03_36.edf,1690.0,1695.0,0,0,0.0
chb03_36.edf,1695.0,1700.0,0,0,0.0
chb03_36.edf,1700.0,1705.0,0,0,0.0
chb03_36.edf,1705.0,1710.0,0,0,0.0
chb03_36.edf,1710.0,1715.0,0,0,0.0
chb03_36.edf,1715.0,1720.0,0,0,0.0
chb03_36.edf,1720.0,1725.0,0,0,0.0
chb03_36.edf,1725.0,1730.0,1,1,0.5964342813622028
chb03_36.edf,1730.0,1735.0,1,0,0.44645055664702027
chb03_36.edf,1735.0,1740.0,1,0,0.14978388998035363
chb03_36.edf,1740.0,1745.0,1,0,0.1864505566470203
chb03_36.edf,1745.0,1750.0,1,0,0.3497838899803536
chb03_36.edf,1750.0,1755.0,1,1,0.8997676146955361
chb03_36.edf,1755.0,1760.0,1,1,0.7464342813622028
chb03_36.edf,1760.0,1765.0,1,0,0.43310094802886945
chb03_36.edf,1765.0,1770.0,1,1,0.5364505566470202
chb03_36.edf,1770.0,1775.0,1,0,0.039783889980353634
chb03_36.edf,1775.0,1780.0,1,0,0.0964505566470203
chb03_36.edf,1780.0,1785.0,0,0,0.039783889980353634
chb03_36.edf,1785.0,1790.0,0,0,0.21978388998035361
chb03_36.edf,1790.0,1795.0,0,0,0.20643428136220282
chb03_36.edf,1795.0,1800.0,0,0,0.0364505566470203
chb03_36.edf,1800.0,1805.0,0,0,0.1064505566470203
chb03_36.edf,1805.0,1810.0,0,0,0.1964505566470203
chb03_36.edf,1810.0,1815.0,0,0,0.1864505566470203
chb03_36.edf,1815.0,1820.0,0,0,0.0964505566470203
chb03_36.edf,1820.0,1825.0,0,0,0.1464505566470203
chb03_36.edf,1825.0,1830.0,0,0,0.009783889980353634
chb03_36.edf,1830.0,1835.0,0,0,0.009783889980353634
chb03_36.edf,1835.0,1840.0,0,0,0.0033333333333333335
chb03_36.edf,1840.0,1845.0,0,0,0.0
chb03_36.edf,1845.0,1850.0,0,0,0.0
chb03_36.edf,1850.0,1855.0,0,0,0.003117223313686967
chb03_36.edf,1855.0,1860.0,0,0,0.0
chb03_36.edf,1860.0,1865.0,0,0,0.003117223313686967
chb03_36.edf,1865.0,1870.0,0,0,0.0
chb03_36.edf,1870.0,1875.0,0,0,0.0033333333333333335
chb03_36.edf,1875.0,1880.0,0,0,0.0033333333333333335
chb03_36.edf,1880.0,1885.0,0,0,0.0
chb03_36.edf,1885.0,1890.0,0,0,0.0
chb03_36.edf,1890.0,1895.0,0,0,0.0
chb03_36.edf,1895.0,1900.0,0,0,0.0
chb03_36.edf,1900.0,1905.0,0,0,0.0
chb03_36.edf,1905.0,1910.0,0,0,0.023333333333333334
chb03_36.edf,1910.0,1915.0,0,0,0.0
chb03_36.edf,1915.0,1920.0,0,0,0.0
chb03_36.edf,1920.0,1925.0,0,0,0.0
chb03_36.edf,1925.0,1930.0,0,0,0.006666666666666667
chb03_36.edf,1930.0,1935.0,0,0,0.0033333333333333335
chb03_36.edf,1935.0,1940.0,0,0,0.0
chb03_36.edf,1940.0,1945.0,0,0,0.0
chb03_36.edf,1945.0,1950.0,0,0,0.0
chb03_36.edf,1950.0,1955.0,0,0,0.0
chb03_36.edf,1955.0,1960.0,0,0,0.0033333333333333335
chb03_36.edf,1960.0,1965.0,0,0,0.0
chb03_36.edf,1965.0,1970.0,0,0,0.0
chb03_36.edf,1970.0,1975.0,0,0,0.0
chb03_36.edf,1975.0,1980.0,0,0,0.0
chb03_36.edf,1980.0,1985.0,0,0,0.0
chb03_36.edf,1985.0,1990.0,0,0,0.0
chb03_36.edf,1990.0,1995.0,0,0,0.0
chb03_36.edf,1995.0,2000.0,0,0,0.0
chb03_36.edf,2000.0,2005.0,0,0,0.0
chb03_36.edf,2005.0,2010.0,0,0,0.0
chb03_36.edf,2010.0,2015.0,0,0,0.0033333333333333335
chb03_36.edf,2015.0,2020.0,0,0,0.0364505566470203
chb03_36.edf,2020.0,2025.0,0,0,0.0
chb03_36.edf,2025.0,2030.0,0,0,0.0
chb03_36.edf,2030.0,2035.0,0,0,0.033117223313686966
chb03_36.edf,2035.0,2040.0,0,0,0.12976761469553616
chb03_36.edf,2040.0,2045.0,0,0,0.0
chb03_36.edf,2045.0,2050.0,0,0,0.0
chb03_36.edf,2050.0,2055.0,0,0,0.0
chb03_36.edf,2055.0,2060.0,0,0,0.0
chb03_36.edf,2060.0,2065.0,0,0,0.0
chb03_36.edf,2065.0,2070.0,0,0,0.0
chb03_36.edf,2070.0,2075.0,0,0,0.0
chb03_36.edf,2075.0,2080.0,0,0,0.0
chb03_36.edf,2080.0,2085.0,0,0,0.0
chb03_36.edf,2085.0,2090.0,0,0,0.0
chb03_36.edf,2090.0,2095.0,0,0,0.0
chb03_36.edf,2095.0,2100.0,0,0,0.0
chb03_36.edf,2100.0,2105.0,0,0,0.0
chb03_36.edf,2105.0,2110.0,0,0,0.0
chb03_36.edf,2110.0,2115.0,0,0,0.033317058048515855
chb03_36.edf,2115.0,2120.0,0,0,0.0
chb03_36.edf,2120.0,2125.0,0,0,0.0
chb03_36.edf,2125.0,2130.0,0,0,0.0
chb03_36.edf,2130.0,2135.0,0,0,0.16998372471518253
chb03_36.edf,2135.0,2140.0,0,0,0.0
chb03_36.edf,2140.0,2145.0,0,0,0.0
chb03_36.edf,2145.0,2150.0,0,0,0.0
chb03_36.edf,2150.0,2155.0,0,0,0.0
chb03_36.edf,2155.0,2160.0,0,0,0.0
chb03_36.edf,2160.0,2165.0,0,0,0.0
chb03_36.edf,2165.0,2170.0,0,0,0.0
chb03_36.edf,2170.0,2175.0,0,0,0.0
chb03_36.edf,2175.0,2180.0,0,0,0.0
chb03_36.edf,2180.0,2185.0,0,0,0.0
chb03_36.edf,2185.0,2190.0,0,0,0.0
chb03_36.edf,2190.0,2195.0,0,0,0.0033333333333333335
chb03_36.edf,2195.0,2200.0,0,0,0.0
chb03_36.edf,2200.0,2205.0,0,0,0.0
chb03_36.edf,2205.0,2210.0,0,0,0.0
chb03_36.edf,2210.0,2215.0,0,0,0.0
chb03_36.edf,2215.0,2220.0,0,0,0.0
chb03_36.edf,2220.0,2225.0,0,0,0.0
chb03_36.edf,2225.0,2230.0,0,0,0.0
chb03_36.edf,2230.0,2235.0,0,0,0.0
chb03_36.edf,2235.0,2240.0,0,0,0.0033333333333333335
chb03_36.edf,2240.0,2245.0,0,0,0.0
chb03_36.edf,2245.0,2250.0,0,0,0.0033333333333333335
chb03_36.edf,2250.0,2255.0,0,0,0.0
chb03_36.edf,2255.0,2260.0,0,0,0.0
chb03_36.edf,2260.0,2265.0,0,0,0.0
chb03_36.edf,2265.0,2270.0,0,0,0.0
chb03_36.edf,2270.0,2275.0,0,0,0.0
chb03_36.edf,2275.0,2280.0,0,0,0.0
chb03_36.edf,2280.0,2285.0,0,0,0.0064505566470203
chb03_36.edf,2285.0,2290.0,0,0,0.016666666666666666
chb03_36.edf,2290.0,2295.0,0,0,0.0
chb03_36.edf,2295.0,2300.0,0,0,0.013333333333333334
chb03_36.edf,2300.0,2305.0,0,0,0.09665039138184918
chb03_36.edf,2305.0,2310.0,0,0,0.0
chb03_36.edf,2310.0,2315.0,0,0,0.0
chb03_36.edf,2315.0,2320.0,0,0,0.0033333333333333335
chb03_36.edf,2320.0,2325.0,0,0,0.0
chb03_36.edf,2325.0,2330.0,0,0,0.026450556647020302
chb03_36.edf,2330.0,2335.0,0,0,0.0
chb03_36.edf,2335.0,2340.0,0,0,0.0
chb03_36.edf,2340.0,2345.0,0,0,0.0
chb03_36.edf,2345.0,2350.0,0,0,0.0
chb03_36.edf,2350.0,2355.0,0,0,0.0
chb03_36.edf,2355.0,2360.0,0,0,0.0
chb03_36.edf,2360.0,2365.0,0,0,0.0
chb03_36.edf,2365.0,2370.0,0,0,0.0
chb03_36.edf,2370.0,2375.0,0,0,0.0
chb03_36.edf,2375.0,2380.0,0,0,0.0064505566470203
chb03_36.edf,2380.0,2385.0,0,0,0.0
chb03_36.edf,2385.0,2390.0,0,0,0.0
chb03_36.edf,2390.0,2395.0,0,0,0.0
chb03_36.edf,2395.0,2400.0,0,0,0.0
chb03_36.edf,2400.0,2405.0,0,0,0.0
chb03_36.edf,2405.0,2410.0,0,0,0.0
chb03_36.edf,2410.0,2415.0,0,0,0.0
chb03_36.edf,2415.0,2420.0,0,0,0.0
chb03_36.edf,2420.0,2425.0,0,0,0.0
chb03_36.edf,2425.0,2430.0,0,0,0.0
chb03_36.edf,2430.0,2435.0,0,0,0.0
chb03_36.edf,2435.0,2440.0,0,0,0.0
chb03_36.edf,2440.0,2445.0,0,0,0.0
chb03_36.edf,2445.0,2450.0,0,0,0.0
chb03_36.edf,2450.0,2455.0,0,0,0.0
chb03_36.edf,2455.0,2460.0,0,0,0.0033333333333333335
chb03_36.edf,2460.0,2465.0,0,0,0.0
chb03_36.edf,2465.0,2470.0,0,0,0.0
chb03_36.edf,2470.0,2475.0,0,0,0.0
chb03_36.edf,2475.0,2480.0,0,0,0.0
chb03_36.edf,2480.0,2485.0,0,0,0.0
chb03_36.edf,2485.0,2490.0,0,0,0.0
chb03_36.edf,2490.0,2495.0,0,0,0.0
chb03_36.edf,2495.0,2500.0,0,0,0.0
chb03_36.edf,2500.0,2505.0,0,0,0.0
chb03_36.edf,2505.0,2510.0,0,0,0.0
chb03_36.edf,2510.0,2515.0,0,0,0.003117223313686967
chb03_36.edf,2515.0,2520.0,0,0,0.0064505566470203
chb03_36.edf,2520.0,2525.0,0,0,0.0
chb03_36.edf,2525.0,2530.0,0,0,0.0
chb03_36.edf,2530.0,2535.0,0,0,0.0
chb03_36.edf,2535.0,2540.0,0,0,0.0
chb03_36.edf,2540.0,2545.0,0,0,0.0
chb03_36.edf,2545.0,2550.0,0,0,0.0
chb03_36.edf,2550.0,2555.0,0,0,0.0
chb03_36.edf,2555.0,2560.0,0,0,0.003117223313686967
chb03_36.edf,2560.0,2565.0,0,0,0.013333333333333334
chb03_36.edf,2565.0,2570.0,0,0,0.0033333333333333335
chb03_36.edf,2570.0,2575.0,0,0,0.0
chb03_36.edf,2575.0,2580.0,0,0,0.0
chb03_36.edf,2580.0,2585.0,0,0,0.03
chb03_36.edf,2585.0,2590.0,0,0,0.0
chb03_36.edf,2590.0,2595.0,0,0,0.0
chb03_36.edf,2595.0,2600.0,0,0,0.003117223313686967
chb03_36.edf,2600.0,2605.0,0,0,0.0
chb03_36.edf,2605.0,2610.0,0,0,0.0
chb03_36.edf,2610.0,2615.0,0,0,0.0
chb03_36.edf,2615.0,2620.0,0,0,0.0
chb03_36.edf,2620.0,2625.0,0,0,0.0
chb03_36.edf,2625.0,2630.0,0,0,0.0
chb03_36.edf,2630.0,2635.0,0,0,0.003117223313686967
chb03_36.edf,2635.0,2640.0,0,0,0.039783889980353634
chb03_36.edf,2640.0,2645.0,0,0,0.04331705804851585
chb03_36.edf,2645.0,2650.0,0,0,0.0
chb03_36.edf,2650.0,2655.0,0,0,0.0
chb03_36.edf,2655.0,2660.0,0,0,0.0033333333333333335
chb03_36.edf,2660.0,2665.0,0,0,0.0
chb03_36.edf,2665.0,2670.0,0,0,0.0
chb03_36.edf,2670.0,2675.0,0,0,0.0
chb03_36.edf,2675.0,2680.0,0,0,0.0
chb03_36.edf,2680.0,2685.0,0,0,0.0
chb03_36.edf,2685.0,2690.0,0,0,0.0
chb03_36.edf,2690.0,2695.0,0,0,0.0
chb03_36.edf,2695.0,2700.0,0,0,0.0
chb03_36.edf,2700.0,2705.0,0,0,0.0
chb03_36.edf,2705.0,2710.0,0,0,0.0
chb03_36.edf,2710.0,2715.0,0,0,0.0033333333333333335
chb03_36.edf,2715.0,2720.0,0,0,0.0
chb03_36.edf,2720.0,2725.0,0,0,0.0
chb03_36.edf,2725.0,2730.0,0,0,0.0
chb03_36.edf,2730.0,2735.0,0,0,0.0
chb03_36.edf,2735.0,2740.0,0,0,0.0
chb03_36.edf,2740.0,2745.0,0,0,0.0
chb03_36.edf,2745.0,2750.0,0,0,0.0
chb03_36.edf,2750.0,2755.0,0,0,0.0
chb03_36.edf,2755.0,2760.0,0,0,0.0
chb03_36.edf,2760.0,2765.0,0,0,0.0
chb03_36.edf,2765.0,2770.0,0,0,0.0
chb03_36.edf,2770.0,2775.0,0,0,0.0
chb03_36.edf,2775.0,2780.0,0,0,0.3297676146955361
chb03_36.edf,2780.0,2785.0,0,0,0.16976761469553614
chb03_36.edf,2785.0,2790.0,0,0,0.17978388998035363
chb03_36.edf,2790.0,2795.0,0,0,0.003117223313686967
chb03_36.edf,2795.0,2800.0,0,0,0.0064505566470203
chb03_36.edf,2800.0,2805.0,0,0,0.003117223313686967
chb03_36.edf,2805.0,2810.0,0,0,0.009783889980353634
chb03_36.edf,2810.0,2815.0,0,0,0.009783889980353634
chb03_36.edf,2815.0,2820.0,0,0,0.003117223313686967
chb03_36.edf,2820.0,2825.0,0,0,0.0
chb03_36.edf,2825.0,2830.0,0,0,0.0033333333333333335
chb03_36.edf,2830.0,2835.0,0,0,0.0
chb03_36.edf,2835.0,2840.0,0,0,0.003117223313686967
chb03_36.edf,2840.0,2845.0,0,0,0.08311722331368697
chb03_36.edf,2845.0,2850.0,0,0,0.0
chb03_36.edf,2850.0,2855.0,0,0,0.0
chb03_36.edf,2855.0,2860.0,0,0,0.0
chb03_36.edf,2860.0,2865.0,0,0,0.0
chb03_36.edf,2865.0,2870.0,0,0,0.0
chb03_36.edf,2870.0,2875.0,0,0,0.003117223313686967
chb03_36.edf,2875.0,2880.0,0,0,0.06
chb03_36.edf,2880.0,2885.0,0,0,0.0
chb03_36.edf,2885.0,2890.0,0,0,0.0
chb03_36.edf,2890.0,2895.0,0,0,0.0
chb03_36.edf,2895.0,2900.0,0,0,0.0
chb03_36.edf,2900.0,2905.0,0,0,0.0
chb03_36.edf,2905.0,2910.0,0,0,0.0
chb03_36.edf,2910.0,2915.0,0,0,0.0
chb03_36.edf,2915.0,2920.0,0,0,0.0
chb03_36.edf,2920.0,2925.0,0,0,0.0
chb03_36.edf,2925.0,2930.0,0,0,0.0
chb03_36.edf,2930.0,2935.0,0,0,0.0
chb03_36.edf,2935.0,2940.0,0,0,0.0
chb03_36.edf,2940.0,2945.0,0,0,0.0
chb03_36.edf,2945.0,2950.0,0,0,0.0
chb03_36.edf,2950.0,2955.0,0,0,0.0
chb03_36.edf,2955.0,2960.0,0,0,0.0
chb03_36.edf,2960.0,2965.0,0,0,0.0
chb03_36.edf,2965.0,2970.0,0,0,0.0
chb03_36.edf,2970.0,2975.0,0,0,0.0
chb03_36.edf,2975.0,2980.0,0,0,0.0
chb03_36.edf,2980.0,2985.0,0,0,0.0033333333333333335
chb03_36.edf,2985.0,2990.0,0,0,0.0
chb03_36.edf,2990.0,2995.0,0,0,0.0
chb03_36.edf,2995.0,3000.0,0,0,0.0
chb03_36.edf,3000.0,3005.0,0,0,0.0
chb03_36.edf,3005.0,3010.0,0,0,0.0
chb03_36.edf,3010.0,3015.0,0,0,0.0
chb03_36.edf,3015.0,3020.0,0,0,0.0
chb03_36.edf,3020.0,3025.0,0,0,0.0
chb03_36.edf,3025.0,3030.0,0,0,0.0
chb03_36.edf,3030.0,3035.0,0,0,0.0
chb03_36.edf,3035.0,3040.0,0,0,0.0
chb03_36.edf,3040.0,3045.0,0,0,0.0
chb03_36.edf,3045.0,3050.0,0,0,0.0
chb03_36.edf,3050.0,3055.0,0,0,0.0
chb03_36.edf,3055.0,3060.0,0,0,0.0
chb03_36.edf,3060.0,3065.0,0,0,0.0
chb03_36.edf,3065.0,3070.0,0,0,0.0064505566470203
chb03_36.edf,3070.0,3075.0,0,0,0.0
chb03_36.edf,3075.0,3080.0,0,0,0.0
chb03_36.edf,3080.0,3085.0,0,0,0.0
chb03_36.edf,3085.0,3090.0,0,0,0.0
chb03_36.edf,3090.0,3095.0,0,0,0.0
chb03_36.edf,3095.0,3100.0,0,0,0.0
chb03_36.edf,3100.0,3105.0,0,0,0.0
chb03_36.edf,3105.0,3110.0,0,0,0.0
chb03_36.edf,3110.0,3115.0,0,0,0.0
chb03_36.edf,3115.0,3120.0,0,0,0.003117223313686967
chb03_36.edf,3120.0,3125.0,0,0,0.0
chb03_36.edf,3125.0,3130.0,0,0,0.0
chb03_36.edf,3130.0,3135.0,0,0,0.0
chb03_36.edf,3135.0,3140.0,0,0,0.0
chb03_36.edf,3140.0,3145.0,0,0,0.0
chb03_36.edf,3145.0,3150.0,0,0,0.0
chb03_36.edf,3150.0,3155.0,0,0,0.0
chb03_36.edf,3155.0,3160.0,0,0,0.0
chb03_36.edf,3160.0,3165.0,0,0,0.0
chb03_36.edf,3165.0,3170.0,0,0,0.0
chb03_36.edf,3170.0,3175.0,0,0,0.0
chb03_36.edf,3175.0,3180.0,0,0,0.0
chb03_36.edf,3180.0,3185.0,0,0,0.0
chb03_36.edf,3185.0,3190.0,0,0,0.0
chb03_36.edf,3190.0,3195.0,0,0,0.0
chb03_36.edf,3195.0,3200.0,0,0,0.0
chb03_36.edf,3200.0,3205.0,0,0,0.0
chb03_36.edf,3205.0,3210.0,0,0,0.0
chb03_36.edf,3210.0,3215.0,0,0,0.0
chb03_36.edf,3215.0,3220.0,0,0,0.0
chb03_36.edf,3220.0,3225.0,0,0,0.003117223313686967
chb03_36.edf,3225.0,3230.0,0,0,0.0
chb03_36.edf,3230.0,3235.0,0,0,0.0
chb03_36.edf,3235.0,3240.0,0,0,0.0
chb03_36.edf,3240.0,3245.0,0,0,0.0
chb03_36.edf,3245.0,3250.0,0,0,0.0
chb03_36.edf,3250.0,3255.0,0,0,0.0
chb03_36.edf,3255.0,3260.0,0,0,0.0
chb03_36.edf,3260.0,3265.0,0,0,0.0
chb03_36.edf,3265.0,3270.0,0,0,0.0
chb03_36.edf,3270.0,3275.0,0,0,0.0
chb03_36.edf,3275.0,3280.0,0,0,0.0
chb03_36.edf,3280.0,3285.0,0,0,0.003117223313686967
chb03_36.edf,3285.0,3290.0,0,0,0.0
chb03_36.edf,3290.0,3295.0,0,0,0.0
chb03_36.edf,3295.0,3300.0,0,0,0.0
chb03_36.edf,3300.0,3305.0,0,0,0.0
chb03_36.edf,3305.0,3310.0,0,0,0.0
chb03_36.edf,3310.0,3315.0,0,0,0.0
chb03_36.edf,3315.0,3320.0,0,0,0.0
chb03_36.edf,3320.0,3325.0,0,0,0.0
chb03_36.edf,3325.0,3330.0,0,0,0.0
chb03_36.edf,3330.0,3335.0,0,0,0.0
chb03_36.edf,3335.0,3340.0,0,0,0.0
chb03_36.edf,3340.0,3345.0,0,0,0.0
chb03_36.edf,3345.0,3350.0,0,0,0.003117223313686967
chb03_36.edf,3350.0,3355.0,0,0,0.0
chb03_36.edf,3355.0,3360.0,0,0,0.0
chb03_36.edf,3360.0,3365.0,0,0,0.0
chb03_36.edf,3365.0,3370.0,0,0,0.0
chb03_36.edf,3370.0,3375.0,0,0,0.0
chb03_36.edf,3375.0,3380.0,0,0,0.0
chb03_36.edf,3380.0,3385.0,0,0,0.0
chb03_36.edf,3385.0,3390.0,0,0,0.0
chb03_36.edf,3390.0,3395.0,0,0,0.0
chb03_36.edf,3395.0,3400.0,0,0,0.0
chb03_36.edf,3400.0,3405.0,0,0,0.003117223313686967
chb03_36.edf,3405.0,3410.0,0,0,0.0
chb03_36.edf,3410.0,3415.0,0,0,0.003117223313686967
chb03_36.edf,3415.0,3420.0,0,0,0.0
chb03_36.edf,3420.0,3425.0,0,0,0.0033333333333333335
chb03_36.edf,3425.0,3430.0,0,0,0.0033333333333333335
chb03_36.edf,3430.0,3435.0,0,0,0.0
chb03_36.edf,3435.0,3440.0,0,0,0.0
chb03_36.edf,3440.0,3445.0,0,0,0.0
chb03_36.edf,3445.0,3450.0,0,0,0.0
chb03_36.edf,3450.0,3455.0,0,0,0.0
chb03_36.edf,3455.0,3460.0,0,0,0.0
chb03_36.edf,3460.0,3465.0,0,0,0.0
chb03_36.edf,3465.0,3470.0,0,0,0.0
chb03_36.edf,3470.0,3475.0,0,0,0.0
chb03_36.edf,3475.0,3480.0,0,0,0.0
chb03_36.edf,3480.0,3485.0,0,0,0.0
chb03_36.edf,3485.0,3490.0,0,0,0.0
chb03_36.edf,3490.0,3495.0,0,0,0.0
chb03_36.edf,3495.0,3500.0,0,0,0.0
chb03_36.edf,3500.0,3505.0,0,0,0.0
chb03_36.edf,3505.0,3510.0,0,0,0.0
chb03_36.edf,3510.0,3515.0,0,0,0.0
chb03_36.edf,3515.0,3520.0,0,0,0.0
chb03_36.edf,3520.0,3525.0,0,0,0.0
chb03_36.edf,3525.0,3530.0,0,0,0.0
chb03_36.edf,3530.0,3535.0,0,0,0.0
chb03_36.edf,3535.0,3540.0,0,0,0.0
chb03_36.edf,3540.0,3545.0,0,0,0.0
chb03_36.edf,3545.0,3550.0,0,0,0.0
chb03_36.edf,3550.0,3555.0,0,0,0.0
chb03_36.edf,3555.0,3560.0,0,0,0.0
chb03_36.edf,3560.0,3565.0,0,0,0.0
chb03_36.edf,3565.0,3570.0,0,0,0.0
chb03_36.edf,3570.0,3575.0,0,0,0.0
chb03_36.edf,3575.0,3580.0,0,0,0.0
chb03_36.edf,3580.0,3585.0,0,0,0.0
chb03_36.edf,3585.0,3590.0,0,0,0.0
chb03_36.edf,3590.0,3595.0,0,0,0.0
