actual,predicted,seizure_probability
0,0,0.0018024839134620349
0,0,0.0018024839134620349
0,0,0.0018024839134620349
0,0,0.0018024839134620349
0,0,0.0018024839134620349
0,0,0.0018024839134620349
0,0,0.0018024839134620349
0,0,0.0018024839134620349
0,0,0.0018024839134620349
0,0,0.0018024839134620349
0,0,0.0018024839134620349
0,0,0.0018024839134620349
0,0,0.0018024839134620349
0,0,0.0018024839134620349
0,0,0.0018024839134620349
0,0,0.0018024839134620349
0,0,0.0018024839134620349
0,0,0.0018024839134620349
0,0,0.0018024839134620349
0,0,0.0018024839134620349
0,0,0.0018024839134620349
0,0,0.0018024839134620349
0,0,0.0018024839134620349
0,0,0.0018024839134620349
0,0,0.0018024839134620349
0,0,0.0018024839134620349
0,0,0.0018024839134620349
0,0,0.0018024839134620349
0,0,0.0018024839134620349
0,0,0.0018024839134620349
0,0,0.0018024839134620349
0,0,0.0018024839134620349
0,0,0.0018024839134620349
0,0,0.0018024839134620349
0,0,0.0018024839134620349
0,0,0.0018024839134620349
0,0,0.0018024839134620349
0,0,0.0018024839134620349
0,0,0.0018024839134620349
0,0,0.015135817246795368
0,0,0.008469150580128702
0,0,0.048400532098884425
0,0,0.0018024839134620349
0,0,0.0018024839134620349
0,0,0.0018024839134620349
0,0,0.0018024839134620349
0,0,0.02513581724679537
0,0,0.0018024839134620349
0,0,0.0018024839134620349
0,0,0.0018024839134620349
0,0,0.0018024839134620349
0,0,0.0018024839134620349
0,0,0.0018024839134620349
0,0,0.0018024839134620349
0,0,0.0018024839134620349
0,0,0.0018024839134620349
0,0,0.0018024839134620349
0,0,0.0018024839134620349
0,0,0.0018024839134620349
0,0,0.0018024839134620349
0,0,0.018469150580128706
0,0,0.0018024839134620349
0,0,0.0018024839134620349
0,0,0.0018024839134620349
0,0,0.0018024839134620349
0,0,0.0018024839134620349
0,0,0.0018024839134620349
0,0,0.0018024839134620349
0,0,0.0018024839134620349
0,0,0.0018024839134620349
0,0,0.0018024839134620349
0,0,0.0018024839134620349
1,0,0.0018024839134620349
1,0,0.15146304581926004
1,0,0.4079921634374259
1,0,0.3046588301040926
1,0,0.2913476194804344
1,1,0.5346588301040925
1,0,0.1481785112752837
1,0,0.3782359948846896
1,1,0.5613254967707592
1,0,0.2882359948846896
1,0,0.21508900938921405
0,0,0.008469150580128702
0,0,0.011802483913462034
0,0,0.07840053209888444
0,0,0.13173386543221777
0,0,0.0284691505801287
0,0,0.15504507605587597
0,0,0.005135817246795368
0,0,0.015067198765551088
0,0,0.0018024839134620349
0,0,0.005135817246795368
0,0,0.0018024839134620349
0,0,0.0018024839134620349
0,0,0.0018024839134620349
0,0,0.0018024839134620349
0,0,0.0018024839134620349
0,0,0.0018024839134620349
0,0,0.0018024839134620349
0,0,0.0018024839134620349
0,0,0.0018024839134620349
0,0,0.0016666666666666744
0,0,0.0018024839134620349
0,0,0.0018024839134620349
0,0,0.0018024839134620349
0,0,0.005135817246795368
0,0,0.0018024839134620349
0,0,0.0018024839134620349
0,0,0.0018024839134620349
0,0,0.0018024839134620349
0,0,0.0018024839134620349
0,0,0.0018024839134620349
0,0,0.0018024839134620349
0,0,0.0018024839134620349
0,0,0.0018024839134620349
0,0,0.0018024839134620349
0,0,0.0018024839134620349
0,0,0.0018024839134620349
0,0,0.0018024839134620349
0,0,0.0018024839134620349
0,0,0.0018024839134620349
0,0,0.0018024839134620349
0,0,0.0018024839134620349
0,0,0.0018024839134620349
0,0,0.0018024839134620349
0,0,0.0018024839134620349
0,0,0.0018024839134620349
0,0,0.0018024839134620349
0,0,0.0018024839134620349
0,0,0.0018024839134620349
0,0,0.0018024839134620349
0,0,0.0018024839134620349
0,0,0.0018024839134620349
0,0,0.0018024839134620349
0,0,0.0018024839134620349
0,0,0.0018024839134620349
0,0,0.0018024839134620349
0,0,0.0018024839134620349
0,0,0.0018024839134620349
0,0,0.0018024839134620349
0,0,0.0018024839134620349
0,0,0.0018024839134620349
0,0,0.0018024839134620349
0,0,0.0018024839134620349
0,0,0.0018024839134620349
0,0,0.005135817246795368
0,0,0.0018024839134620349
0,0,0.0018024839134620349
0,0,0.0018024839134620349
0,0,0.0018024839134620349
0,0,0.0018024839134620349
0,0,0.0018024839134620349
0,0,0.0018024839134620349
0,0,0.0018024839134620349
0,0,0.0018024839134620349
0,0,0.0018024839134620349
0,0,0.0018024839134620349
0,0,0.0018024839134620349
0,0,0.0018024839134620349
0,0,0.0018024839134620349
0,0,0.0880142861471011
0,0,0.051347619480434425
0,0,0.008469150580128702
0,0,0.005135817246795368
0,0,0.0018024839134620349
0,0,0.0018024839134620349
0,0,0.0018024839134620349
0,0,0.0018024839134620349
0,0,0.0018024839134620349
0,0,0.0018024839134620349
0,0,0.005135817246795368
0,0,0.0018024839134620349
0,0,0.0016666666666666744
0,0,0.0018024839134620349
0,0,0.0018024839134620349
0,0,0.0018024839134620349
0,0,0.0018024839134620349
0,0,0.0018024839134620349
0,0,0.005135817246795368
0,0,0.0018024839134620349
0,0,0.0018024839134620349
0,0,0.0018024839134620349
0,0,0.0018024839134620349
0,0,0.0018024839134620349
0,0,0.0018024839134620349
0,0,0.0018024839134620349
0,0,0.0018024839134620349
0,0,0.0018024839134620349
0,0,0.005135817246795368
0,0,0.0018024839134620349
0,0,0.0018024839134620349
0,0,0.0018024839134620349
0,0,0.0018024839134620349
0,0,0.0018024839134620349
0,0,0.0018024839134620349
0,0,0.0018024839134620349
0,0,0.0018024839134620349
0,0,0.0018024839134620349
0,0,0.0018024839134620349
0,0,0.0018024839134620349
0,0,0.0018024839134620349
0,0,0.0018024839134620349
0,0,0.0018024839134620349
0,0,0.0018024839134620349
0,0,0.0018024839134620349
0,0,0.0018024839134620349
0,0,0.0018024839134620349
0,0,0.0018024839134620349
0,0,0.0018024839134620349
0,0,0.0018024839134620349
0,0,0.0018024839134620349
0,0,0.0018024839134620349
0,0,0.0018024839134620349
0,0,0.0018024839134620349
0,0,0.0018024839134620349
0,0,0.0018024839134620349
0,0,0.0018024839134620349
0,0,0.0018024839134620349
0,0,0.0018024839134620349
0,0,0.0018024839134620349
0,0,0.0018024839134620349
0,0,0.0018024839134620349
0,0,0.0018024839134620349
0,0,0.0018024839134620349
0,0,0.0018024839134620349
0,0,0.0018024839134620349
0,0,0.0018024839134620349
0,0,0.0018024839134620349
0,0,0.0018024839134620349
0,0,0.0018024839134620349
0,0,0.0018024839134620349
0,0,0.0018024839134620349
0,0,0.0018024839134620349
0,0,0.0018024839134620349
0,0,0.0018024839134620349
0,0,0.0018024839134620349
0,0,0.0018024839134620349
0,0,0.0018024839134620349
0,0,0.0018024839134620349
0,0,0.0018024839134620349
0,0,0.0018024839134620349
0,0,0.0016666666666666744
0,0,0.0018024839134620349
0,0,0.0018024839134620349
0,0,0.0018024839134620349
0,0,0.0018024839134620349
0,0,0.0018024839134620349
0,0,0.0018024839134620349
0,0,0.0018024839134620349
0,0,0.0018024839134620349
0,0,0.0018024839134620349
0,0,0.0018024839134620349
0,0,0.0018024839134620349
0,0,0.0018024839134620349
0,0,0.0018024839134620349
0,0,0.0018024839134620349
0,0,0.0018024839134620349
0,0,0.0018024839134620349
0,0,0.0018024839134620349
0,0,0.0018024839134620349
0,0,0.0018024839134620349
0,0,0.0018024839134620349
0,0,0.0018024839134620349
0,0,0.0018024839134620349
0,0,0.0018024839134620349
0,0,0.0018024839134620349
0,0,0.0018024839134620349
0,0,0.0018024839134620349
0,0,0.0018024839134620349
0,0,0.0018024839134620349
0,0,0.0018024839134620349
0,0,0.0018024839134620349
0,0,0.0018024839134620349
0,0,0.0018024839134620349
0,0,0.0018024839134620349
0,0,0.0018024839134620349
0,0,0.0018024839134620349
0,0,0.0018024839134620349
0,0,0.0018024839134620349
0,0,0.0018024839134620349
0,0,0.0018024839134620349
0,0,0.0018024839134620349
0,0,0.0018024839134620349
0,0,0.0018024839134620349
0,0,0.0018024839134620349
0,0,0.0018024839134620349
0,0,0.0018024839134620349
0,0,0.0018024839134620349
0,0,0.0018024839134620349
0,0,0.0018024839134620349
0,0,0.0018024839134620349
0,0,0.0016666666666666744
0,0,0.0018024839134620349
0,0,0.0018024839134620349
0,0,0.0018024839134620349
0,0,0.0018024839134620349
0,0,0.0018024839134620349
0,0,0.0018024839134620349
0,0,0.0018024839134620349
0,0,0.0018024839134620349
0,0,0.0018024839134620349
0,0,0.0016666666666666744
0,0,0.005135817246795368
0,0,0.0018024839134620349
0,0,0.0018024839134620349
0,0,0.0018024839134620349
0,0,0.0018024839134620349
0,0,0.0018024839134620349
0,0,0.0018024839134620349
0,0,0.0018024839134620349
0,0,0.0048919857995316975
0,0,0.0018024839134620349
0,0,0.0018024839134620349
0,0,0.0048919857995316975
0,0,0.0018024839134620349
0,0,0.0018024839134620349
0,0,0.0016666666666666744
0,0,0.0018024839134620349
0,0,0.0018024839134620349
0,0,0.005135817246795368
0,0,0.0018024839134620349
0,0,0.0018024839134620349
0,0,0.0018024839134620349
0,0,0.00822531913286503
0,0,0.0018024839134620349
0,0,0.0018024839134620349
0,0,0.0018024839134620349
0,0,0.014891985799531696
0,0,0.0018024839134620349
0,0,0.0018024839134620349
0,0,0.0018024839134620349
0,0,0.0018024839134620349
0,0,0.0018024839134620349
0,0,0.0018024839134620349
0,0,0.0018024839134620349
0,0,0.0018024839134620349
0,0,0.0018024839134620349
0,0,0.0018024839134620349
0,0,0.0018024839134620349
0,0,0.0018024839134620349
0,0,0.0018024839134620349
0,0,0.0018024839134620349
0,0,0.0018024839134620349
0,0,0.0018024839134620349
0,0,0.0018024839134620349
0,0,0.0018024839134620349
0,0,0.0018024839134620349
0,0,0.0018024839134620349
0,0,0.04513581724679537
0,0,0.005135817246795368
0,0,0.0048919857995316975
0,0,0.005000000000000007
0,0,0.0018024839134620349
0,0,0.0018024839134620349
0,0,0.0018024839134620349
0,0,0.0018024839134620349
0,0,0.0018024839134620349
0,0,0.0018024839134620349
0,0,0.0018024839134620349
0,0,0.0018024839134620349
0,0,0.0018024839134620349
0,0,0.0018024839134620349
0,0,0.0018024839134620349
0,0,0.0018024839134620349
0,0,0.0018024839134620349
0,0,0.0018024839134620349
0,0,0.0018024839134620349
0,0,0.0018024839134620349
0,0,0.0018024839134620349
0,0,0.0018024839134620349
0,0,0.0018024839134620349
0,0,0.0018024839134620349
0,0,0.0018024839134620349
0,0,0.0018024839134620349
0,0,0.0018024839134620349
0,0,0.0018024839134620349
0,0,0.0018024839134620349
0,0,0.0018024839134620349
0,0,0.0018024839134620349
0,0,0.0018024839134620349
0,0,0.0018024839134620349
0,0,0.0018024839134620349
0,0,0.0018024839134620349
0,0,0.0018024839134620349
0,0,0.0018024839134620349
0,0,0.0018024839134620349
0,0,0.0018024839134620349
0,0,0.0018024839134620349
0,0,0.0018024839134620349
0,0,0.0018024839134620349
0,0,0.0018024839134620349
0,0,0.0018024839134620349
0,0,0.0018024839134620349
0,0,0.0018024839134620349
0,0,0.008469150580128702
0,0,0.0018024839134620349
0,0,0.0018024839134620349
0,0,0.0018024839134620349
0,0,0.0018024839134620349
0,0,0.0018024839134620349
0,0,0.0016666666666666744
0,0,0.0018024839134620349
0,0,0.0018024839134620349
0,0,0.0018024839134620349
0,0,0.0018024839134620349
0,0,0.0018024839134620349
0,0,0.0018024839134620349
0,0,0.0018024839134620349
0,0,0.0018024839134620349
0,0,0.0018024839134620349
0,0,0.0018024839134620349
0,0,0.0018024839134620349
0,0,0.011802483913462034
0,0,0.0018024839134620349
0,0,0.0018024839134620349
0,0,0.0018024839134620349
0,0,0.0018024839134620349
0,0,0.0018024839134620349
0,0,0.0018024839134620349
0,0,0.0018024839134620349
0,0,0.0018024839134620349
0,0,0.0018024839134620349
0,0,0.0018024839134620349
0,0,0.0018024839134620349
0,0,0.0018024839134620349
0,0,0.0018024839134620349
0,0,0.0018024839134620349
0,0,0.0018024839134620349
0,0,0.0018024839134620349
0,0,0.0018024839134620349
0,0,0.0018024839134620349
0,0,0.0018024839134620349
0,0,0.0018024839134620349
0,0,0.0018024839134620349
0,0,0.0018024839134620349
0,0,0.0018024839134620349
0,0,0.0018024839134620349
0,0,0.0018024839134620349
0,0,0.0018024839134620349
0,0,0.0018024839134620349
0,0,0.0018024839134620349
0,0,0.0018024839134620349
0,0,0.0018024839134620349
0,0,0.0018024839134620349
0,0,0.0018024839134620349
0,0,0.0018024839134620349
0,0,0.0018024839134620349
0,0,0.0018024839134620349
0,0,0.0018024839134620349
0,0,0.0018024839134620349
0,0,0.0018024839134620349
0,0,0.0018024839134620349
0,0,0.0018024839134620349
0,0,0.0018024839134620349
0,0,0.0018024839134620349
0,0,0.0018024839134620349
0,0,0.0018024839134620349
0,0,0.0018024839134620349
0,0,0.0018024839134620349
0,0,0.0018024839134620349
0,0,0.0018024839134620349
0,0,0.0018024839134620349
0,0,0.0018024839134620349
0,0,0.0018024839134620349
0,0,0.0018024839134620349
0,0,0.0018024839134620349
0,0,0.0018024839134620349
0,0,0.0018024839134620349
0,0,0.0018024839134620349
0,0,0.0018024839134620349
0,0,0.0018024839134620349
0,0,0.0018024839134620349
0,0,0.0018024839134620349
0,0,0.0018024839134620349
0,0,0.0018024839134620349
0,0,0.0018024839134620349
0,0,0.0018024839134620349
0,0,0.0018024839134620349
0,0,0.0018024839134620349
0,0,0.0018024839134620349
0,0,0.0018024839134620349
0,0,0.0018024839134620349
0,0,0.0018024839134620349
0,0,0.0018024839134620349
0,0,0.0018024839134620349
0,0,0.0018024839134620349
0,0,0.0018024839134620349
0,0,0.0018024839134620349
0,0,0.0018024839134620349
0,0,0.0018024839134620349
0,0,0.0018024839134620349
0,0,0.0018024839134620349
0,0,0.0018024839134620349
0,0,0.0018024839134620349
0,0,0.0018024839134620349
0,0,0.0018024839134620349
0,0,0.0018024839134620349
0,0,0.0018024839134620349
0,0,0.0018024839134620349
0,0,0.0018024839134620349
0,0,0.0018024839134620349
0,0,0.0018024839134620349
0,0,0.0018024839134620349
0,0,0.0018024839134620349
0,0,0.0018024839134620349
0,0,0.0018024839134620349
0,0,0.0018024839134620349
0,0,0.0018024839134620349
0,0,0.0018024839134620349
0,0,0.0018024839134620349
0,0,0.0018024839134620349
0,0,0.0018024839134620349
0,0,0.0018024839134620349
0,0,0.0018024839134620349
0,0,0.0018024839134620349
0,0,0.0018024839134620349
0,0,0.0018024839134620349
0,0,0.0018024839134620349
0,0,0.0018024839134620349
0,0,0.0018024839134620349
0,0,0.0018024839134620349
0,0,0.0018024839134620349
0,0,0.0018024839134620349
0,0,0.0018024839134620349
0,0,0.0018024839134620349
0,0,0.0018024839134620349
0,0,0.0018024839134620349
0,0,0.0018024839134620349
0,0,0.0018024839134620349
0,0,0.0018024839134620349
0,0,0.0018024839134620349
0,0,0.0018024839134620349
0,0,0.0018024839134620349
0,0,0.0018024839134620349
0,0,0.0018024839134620349
0,0,0.0018024839134620349
0,0,0.0018024839134620349
0,0,0.0018024839134620349
0,0,0.0018024839134620349
0,0,0.0018024839134620349
0,0,0.0018024839134620349
0,0,0.0018024839134620349
0,0,0.0018024839134620349
0,0,0.0018024839134620349
0,0,0.0018024839134620349
0,0,0.0018024839134620349
0,0,0.0018024839134620349
0,0,0.0018024839134620349
0,0,0.0018024839134620349
0,0,0.0018024839134620349
0,0,0.0018024839134620349
0,0,0.0018024839134620349
0,0,0.0018024839134620349
0,0,0.0018024839134620349
0,0,0.0018024839134620349
0,0,0.0018024839134620349
0,0,0.0018024839134620349
0,0,0.0018024839134620349
0,0,0.0018024839134620349
0,0,0.0018024839134620349
0,0,0.0018024839134620349
0,0,0.0018024839134620349
0,0,0.0018024839134620349
0,0,0.0018024839134620349
0,0,0.0018024839134620349
0,0,0.0018024839134620349
0,0,0.0018024839134620349
0,0,0.0018024839134620349
0,0,0.0018024839134620349
0,0,0.0018024839134620349
0,0,0.0018024839134620349
0,0,0.0018024839134620349
0,0,0.0018024839134620349
0,0,0.0018024839134620349
0,0,0.0018024839134620349
0,0,0.0018024839134620349
0,0,0.0018024839134620349
0,0,0.0018024839134620349
0,0,0.0018024839134620349
0,0,0.0018024839134620349
0,0,0.0018024839134620349
0,0,0.0018024839134620349
0,0,0.0018024839134620349
0,0,0.0018024839134620349
0,0,0.0018024839134620349
0,0,0.0018024839134620349
0,0,0.0018024839134620349
0,0,0.0018024839134620349
0,0,0.0018024839134620349
0,0,0.0018024839134620349
0,0,0.0018024839134620349
0,0,0.0018024839134620349
0,0,0.0018024839134620349
0,0,0.0018024839134620349
0,0,0.0018024839134620349
0,0,0.0018024839134620349
0,0,0.0018024839134620349
0,0,0.0018024839134620349
0,0,0.0018024839134620349
0,0,0.0018024839134620349
0,0,0.0018024839134620349
0,0,0.0018024839134620349
0,0,0.0018024839134620349
0,0,0.0018024839134620349
0,0,0.0016666666666666744
0,0,0.0018024839134620349
0,0,0.0018024839134620349
0,0,0.0018024839134620349
0,0,0.0018024839134620349
0,0,0.0018024839134620349
0,0,0.0018024839134620349
0,0,0.0018024839134620349
0,0,0.0018024839134620349
0,0,0.0018024839134620349
0,0,0.0018024839134620349
0,0,0.0018024839134620349
0,0,0.0018024839134620349
0,0,0.0018024839134620349
0,0,0.005000000000000007
0,0,0.0018024839134620349
0,0,0.0018024839134620349
0,0,0.0016666666666666744
0,0,0.0018024839134620349
0,0,0.0018024839134620349
0,0,0.0018024839134620349
0,0,0.0018024839134620349
0,0,0.0018024839134620349
0,0,0.0018024839134620349
0,0,0.0018024839134620349
0,0,0.0018024839134620349
0,0,0.0018024839134620349
0,0,0.0018024839134620349
0,0,0.0018024839134620349
0,0,0.0018024839134620349
0,0,0.0018024839134620349
0,0,0.0018024839134620349
0,0,0.0018024839134620349
0,0,0.0018024839134620349
0,0,0.0018024839134620349
0,0,0.0018024839134620349
0,0,0.0018024839134620349
0,0,0.011802483913462034
0,0,0.0018024839134620349
0,0,0.0018024839134620349
0,0,0.0018024839134620349
0,0,0.0018024839134620349
0,0,0.0018024839134620349
0,0,0.0016666666666666744
0,0,0.0018024839134620349
0,0,0.0018024839134620349
0,0,0.0018024839134620349
0,0,0.0018024839134620349
0,0,0.0018024839134620349
0,0,0.0018024839134620349
0,0,0.0018024839134620349
0,0,0.0018024839134620349
0,0,0.0018024839134620349
0,0,0.0018024839134620349
0,0,0.0018024839134620349
0,0,0.0018024839134620349
0,0,0.0018024839134620349
0,0,0.0018024839134620349
0,0,0.0018024839134620349
0,0,0.0018024839134620349
0,0,0.0018024839134620349
0,0,0.0018024839134620349
0,0,0.0018024839134620349
0,0,0.0018024839134620349
0,0,0.0018024839134620349
0,0,0.0018024839134620349
0,0,0.0018024839134620349
0,0,0.0018024839134620349
0,0,0.0018024839134620349
0,0,0.0018024839134620349
0,0,0.0018024839134620349
0,0,0.0018024839134620349
0,0,0.0018024839134620349
0,0,0.0018024839134620349
0,0,0.0018024839134620349
0,0,0.0018024839134620349
0,0,0.0018024839134620349
0,0,0.0018024839134620349
0,0,0.0018024839134620349
0,0,0.0018024839134620349
0,0,0.0018024839134620349
0,0,0.0018024839134620349
0,0,0.0018024839134620349
0,0,0.0018024839134620349
0,0,0.0018024839134620349
0,0,0.0018024839134620349
0,0,0.0018024839134620349
0,0,0.0018024839134620349
0,0,0.0018024839134620349
0,0,0.0018024839134620349
0,0,0.0018024839134620349
0,0,0.0018024839134620349
0,0,0.0018024839134620349
0,0,0.0018024839134620349
0,0,0.0018024839134620349
0,0,0.0018024839134620349
0,0,0.0018024839134620349
0,0,0.0018024839134620349
0,0,0.0018024839134620349
0,0,0.0018024839134620349
0,0,0.0018024839134620349
0,0,0.0018024839134620349
0,0,0.0018024839134620349
0,0,0.0018024839134620349
0,0,0.0018024839134620349
0,0,0.0018024839134620349
0,0,0.0018024839134620349
0,0,0.0018024839134620349
0,0,0.0018024839134620349
0,0,0.0018024839134620349
0,0,0.0018024839134620349
0,0,0.0018024839134620349
0,0,0.0018024839134620349
0,0,0.0018024839134620349
0,0,0.0023264197987598414
0,0,0.0023264197987598414
0,0,0.0023264197987598414
0,0,0.0023264197987598414
0,0,0.0023264197987598414
0,0,0.0023264197987598414
0,0,0.0023264197987598414
0,0,0.0023264197987598414
0,0,0.0023264197987598414
0,0,0.0023264197987598414
0,0,0.0023264197987598414
0,0,0.0023264197987598414
0,0,0.0023264197987598414
0,0,0.0023264197987598414
0,0,0.0023264197987598414
0,0,0.0023264197987598414
0,0,0.0023264197987598414
0,0,0.0023264197987598414
0,0,0.0023264197987598414
0,0,0.0023264197987598414
0,0,0.0023264197987598414
0,0,0.0023264197987598414
0,0,0.0023264197987598414
0,0,0.0023264197987598414
0,0,0.0023264197987598414
0,0,0.0023264197987598414
0,0,0.0023264197987598414
0,0,0.0023264197987598414
0,0,0.0023264197987598414
0,0,0.0023264197987598414
0,0,0.0023264197987598414
0,0,0.0023264197987598414
0,0,0.0023264197987598414
0,0,0.0023264197987598414
0,0,0.0023264197987598414
0,0,0.0023264197987598414
0,0,0.0023264197987598414
0,0,0.0023264197987598414
0,0,0.0023264197987598414
0,0,0.0023264197987598414
0,0,0.0023264197987598414
0,0,0.0023264197987598414
0,0,0.0023264197987598414
0,0,0.0023264197987598414
0,0,0.0023264197987598414
0,0,0.0023264197987598414
0,0,0.0023264197987598414
0,0,0.0023264197987598414
0,0,0.0023264197987598414
0,0,0.0023264197987598414
0,0,0.0023264197987598414
0,0,0.0023264197987598414
0,0,0.0023264197987598414
0,0,0.0023264197987598414
0,0,0.0023264197987598414
0,0,0.0023264197987598414
0,0,0.0023264197987598414
0,0,0.0023264197987598414
0,0,0.0023264197987598414
0,0,0.0023264197987598414
0,0,0.0023264197987598414
0,0,0.0023264197987598414
0,0,0.0023264197987598414
0,0,0.0023264197987598414
0,0,0.0023264197987598414
0,0,0.0023264197987598414
0,0,0.0023264197987598414
0,0,0.0023264197987598414
0,0,0.0023264197987598414
0,0,0.0023264197987598414
0,0,0.0023264197987598414
0,0,0.0023264197987598414
0,0,0.0023264197987598414
0,0,0.0023264197987598414
0,0,0.0023264197987598414
0,0,0.0023264197987598414
0,0,0.0023264197987598414
0,0,0.0023264197987598414
0,0,0.0023264197987598414
0,0,0.0023264197987598414
0,0,0.0023264197987598414
0,0,0.0023264197987598414
0,0,0.0023264197987598414
0,0,0.0023264197987598414
0,0,0.0023264197987598414
0,0,0.0023264197987598414
0,0,0.0023264197987598414
0,0,0.0023264197987598414
0,0,0.0023264197987598414
0,0,0.0023264197987598414
0,0,0.0023264197987598414
0,0,0.0023264197987598414
0,0,0.0023264197987598414
0,0,0.0023264197987598414
0,0,0.0023264197987598414
0,0,0.0023264197987598414
0,0,0.0023264197987598414
0,0,0.0023264197987598414
0,0,0.0023264197987598414
0,0,0.0023264197987598414
0,0,0.0023264197987598414
0,0,0.0023264197987598414
0,0,0.0023264197987598414
0,0,0.0023264197987598414
0,0,0.0023264197987598414
0,0,0.0023264197987598414
0,0,0.0023264197987598414
0,0,0.0023264197987598414
0,0,0.0023264197987598414
0,0,0.0023264197987598414
0,0,0.0023264197987598414
0,0,0.0023264197987598414
0,0,0.0023264197987598414
0,0,0.0023264197987598414
0,0,0.0023264197987598414
0,0,0.0023264197987598414
0,0,0.0023264197987598414
0,0,0.0023264197987598414
0,0,0.0023264197987598414
0,0,0.0023264197987598414
0,0,0.0023264197987598414
0,0,0.0023264197987598414
0,0,0.0023264197987598414
0,0,0.0023264197987598414
0,0,0.0023264197987598414
0,0,0.0023264197987598414
0,0,0.0023264197987598414
0,0,0.005659753132093175
0,0,0.03478321531139528
0,0,0.008209399464904683
0,0,0.0016666666666666269
0,0,0.00499999999999996
0,0,0.0023264197987598414
0,0,0.0023264197987598414
0,0,0.0023264197987598414
0,0,0.0023264197987598414
0,0,0.0023264197987598414
0,0,0.0023264197987598414
0,0,0.005659753132093175
0,0,0.0023264197987598414
0,0,0.0023264197987598414
0,0,0.0023264197987598414
0,0,0.0023264197987598414
0,0,0.0023264197987598414
0,0,0.0023264197987598414
0,0,0.0023264197987598414
0,0,0.0023264197987598414
0,0,0.0023264197987598414
0,0,0.0023264197987598414
0,0,0.0023264197987598414
0,0,0.0023264197987598414
0,0,0.0023264197987598414
0,0,0.0023264197987598414
0,0,0.0023264197987598414
0,0,0.0023264197987598414
0,0,0.0023264197987598414
0,0,0.0023264197987598414
0,0,0.0023264197987598414
0,0,0.0023264197987598414
0,0,0.0023264197987598414
0,0,0.0023264197987598414
0,0,0.0023264197987598414
0,0,0.0023264197987598414
0,0,0.0023264197987598414
0,0,0.0023264197987598414
0,0,0.0023264197987598414
0,0,0.0023264197987598414
0,0,0.0023264197987598414
0,0,0.0023264197987598414
0,0,0.0023264197987598414
0,0,0.0023264197987598414
0,0,0.0023264197987598414
0,0,0.0023264197987598414
0,0,0.0023264197987598414
0,0,0.0023264197987598414
0,0,0.0023264197987598414
0,0,0.0023264197987598414
0,0,0.0023264197987598414
0,0,0.0023264197987598414
0,0,0.0023264197987598414
0,0,0.0023264197987598414
0,0,0.0023264197987598414
0,0,0.0023264197987598414
0,0,0.0023264197987598414
0,0,0.0023264197987598414
0,0,0.0023264197987598414
0,0,0.0023264197987598414
0,0,0.0023264197987598414
0,0,0.0023264197987598414
0,0,0.0023264197987598414
0,0,0.0023264197987598414
0,0,0.0023264197987598414
0,0,0.0023264197987598414
0,0,0.0023264197987598414
0,0,0.0023264197987598414
0,0,0.0023264197987598414
0,0,0.0023264197987598414
0,0,0.0023264197987598414
0,0,0.0023264197987598414
0,0,0.0023264197987598414
0,0,0.0023264197987598414
0,0,0.0023264197987598414
0,0,0.0023264197987598414
0,0,0.0023264197987598414
0,0,0.0023264197987598414
0,0,0.0023264197987598414
0,0,0.0023264197987598414
0,0,0.0023264197987598414
0,0,0.0023264197987598414
0,0,0.0023264197987598414
0,0,0.0023264197987598414
0,0,0.0023264197987598414
0,0,0.0023264197987598414
0,0,0.0023264197987598414
0,0,0.0023264197987598414
0,0,0.0023264197987598414
0,0,0.0023264197987598414
0,0,0.0023264197987598414
0,0,0.0023264197987598414
0,0,0.0023264197987598414
0,0,0.0023264197987598414
0,0,0.0023264197987598414
0,0,0.0023264197987598414
0,0,0.0023264197987598414
0,0,0.0023264197987598414
0,0,0.0023264197987598414
0,0,0.0023264197987598414
0,0,0.0023264197987598414
0,0,0.0023264197987598414
0,0,0.0023264197987598414
0,0,0.0023264197987598414
0,0,0.0023264197987598414
0,0,0.0023264197987598414
0,0,0.0023264197987598414
0,0,0.0023264197987598414
0,0,0.0023264197987598414
0,0,0.0023264197987598414
0,0,0.0023264197987598414
0,0,0.0023264197987598414
0,0,0.0023264197987598414
0,0,0.0023264197987598414
0,0,0.0023264197987598414
0,0,0.0023264197987598414
0,0,0.0023264197987598414
0,0,0.0023264197987598414
0,0,0.0023264197987598414
0,0,0.0023264197987598414
0,0,0.0023264197987598414
0,0,0.0023264197987598414
0,0,0.0023264197987598414
0,0,0.0023264197987598414
0,0,0.0023264197987598414
0,0,0.0023264197987598414
0,0,0.0023264197987598414
0,0,0.0023264197987598414
0,0,0.0023264197987598414
0,0,0.0023264197987598414
0,0,0.0023264197987598414
0,0,0.0023264197987598414
0,0,0.0023264197987598414
0,0,0.0023264197987598414
0,0,0.0023264197987598414
0,0,0.0023264197987598414
0,0,0.0023264197987598414
0,0,0.0023264197987598414
0,0,0.0023264197987598414
0,0,0.0023264197987598414
0,0,0.0023264197987598414
0,0,0.0023264197987598414
0,0,0.0023264197987598414
0,0,0.0023264197987598414
0,0,0.0023264197987598414
0,0,0.0023264197987598414
0,0,0.0023264197987598414
0,0,0.0023264197987598414
0,0,0.0023264197987598414
0,0,0.0023264197987598414
0,0,0.0023264197987598414
0,0,0.0023264197987598414
0,0,0.0023264197987598414
0,0,0.0023264197987598414
0,0,0.0023264197987598414
0,0,0.0023264197987598414
0,0,0.0023264197987598414
0,0,0.0023264197987598414
0,0,0.0023264197987598414
0,0,0.0023264197987598414
0,0,0.0023264197987598414
0,0,0.0023264197987598414
0,0,0.0023264197987598414
0,0,0.0023264197987598414
0,0,0.0023264197987598414
0,0,0.0023264197987598414
0,0,0.0023264197987598414
0,0,0.0023264197987598414
0,0,0.0023264197987598414
0,0,0.0023264197987598414
0,0,0.0023264197987598414
0,0,0.0023264197987598414
0,0,0.0023264197987598414
0,0,0.0023264197987598414
0,0,0.0023264197987598414
0,0,0.0023264197987598414
0,0,0.0023264197987598414
0,0,0.0023264197987598414
0,0,0.0023264197987598414
0,0,0.0023264197987598414
0,0,0.0023264197987598414
0,0,0.0023264197987598414
0,0,0.0023264197987598414
0,0,0.0023264197987598414
0,0,0.0023264197987598414
0,0,0.0023264197987598414
0,0,0.0023264197987598414
0,0,0.0023264197987598414
0,0,0.0023264197987598414
0,0,0.0023264197987598414
0,0,0.0023264197987598414
0,0,0.0023264197987598414
0,0,0.0023264197987598414
0,0,0.0023264197987598414
0,0,0.0023264197987598414
0,0,0.0023264197987598414
0,0,0.0023264197987598414
0,0,0.0023264197987598414
0,0,0.0023264197987598414
0,0,0.0023264197987598414
0,0,0.0023264197987598414
0,0,0.0023264197987598414
0,0,0.0023264197987598414
0,0,0.0023264197987598414
0,0,0.0023264197987598414
0,0,0.0023264197987598414
0,0,0.0023264197987598414
0,0,0.0023264197987598414
0,0,0.0023264197987598414
0,0,0.0023264197987598414
0,0,0.0023264197987598414
0,0,0.0023264197987598414
0,0,0.0023264197987598414
0,0,0.0023264197987598414
0,0,0.0023264197987598414
0,0,0.0023264197987598414
0,0,0.0023264197987598414
0,0,0.0023264197987598414
0,0,0.0023264197987598414
0,0,0.0023264197987598414
0,0,0.0023264197987598414
0,0,0.0023264197987598414
0,0,0.0023264197987598414
0,0,0.0023264197987598414
0,0,0.0023264197987598414
0,0,0.0023264197987598414
0,0,0.0023264197987598414
0,0,0.0023264197987598414
0,0,0.0023264197987598414
0,0,0.0023264197987598414
0,0,0.0023264197987598414
0,0,0.0023264197987598414
0,0,0.0023264197987598414
0,0,0.0023264197987598414
0,0,0.0023264197987598414
0,0,0.0023264197987598414
0,0,0.0023264197987598414
0,0,0.0023264197987598414
0,0,0.0023264197987598414
0,0,0.0023264197987598414
0,0,0.0023264197987598414
0,0,0.0023264197987598414
0,0,0.0023264197987598414
0,0,0.0023264197987598414
0,0,0.0023264197987598414
0,0,0.0023264197987598414
0,0,0.0023264197987598414
0,0,0.0023264197987598414
0,0,0.0023264197987598414
0,0,0.0023264197987598414
0,0,0.0023264197987598414
0,0,0.0023264197987598414
0,0,0.0023264197987598414
0,0,0.0023264197987598414
0,0,0.0023264197987598414
0,0,0.0023264197987598414
0,0,0.0023264197987598414
0,0,0.0023264197987598414
0,0,0.0023264197987598414
0,0,0.0023264197987598414
0,0,0.0023264197987598414
0,0,0.0023264197987598414
0,0,0.0023264197987598414
0,0,0.0023264197987598414
0,0,0.0023264197987598414
0,0,0.0023264197987598414
0,0,0.0023264197987598414
0,0,0.0023264197987598414
0,0,0.0023264197987598414
0,0,0.0023264197987598414
0,0,0.0023264197987598414
0,0,0.0023264197987598414
0,0,0.0023264197987598414
0,0,0.0023264197987598414
0,0,0.0023264197987598414
0,0,0.0023264197987598414
0,0,0.0023264197987598414
0,0,0.0023264197987598414
0,0,0.0023264197987598414
0,0,0.0023264197987598414
0,0,0.0023264197987598414
0,0,0.0023264197987598414
0,0,0.0023264197987598414
0,0,0.0023264197987598414
0,0,0.0023264197987598414
0,0,0.0023264197987598414
0,0,0.0023264197987598414
0,0,0.0023264197987598414
0,0,0.0023264197987598414
0,0,0.0023264197987598414
0,0,0.0023264197987598414
0,0,0.0023264197987598414
0,0,0.0023264197987598414
0,0,0.0023264197987598414
0,0,0.0023264197987598414
0,0,0.0023264197987598414
0,0,0.0023264197987598414
0,0,0.0023264197987598414
0,0,0.0023264197987598414
0,0,0.0023264197987598414
0,0,0.0023264197987598414
0,0,0.0023264197987598414
0,0,0.0023264197987598414
0,0,0.0023264197987598414
0,0,0.0023264197987598414
0,0,0.0023264197987598414
0,0,0.0023264197987598414
0,0,0.0023264197987598414
0,0,0.0023264197987598414
0,0,0.0023264197987598414
0,0,0.0023264197987598414
0,0,0.0023264197987598414
0,0,0.0023264197987598414
0,0,0.0023264197987598414
0,0,0.0023264197987598414
0,0,0.0023264197987598414
0,0,0.0023264197987598414
0,0,0.0023264197987598414
0,0,0.0023264197987598414
0,0,0.0023264197987598414
0,0,0.0023264197987598414
0,0,0.0023264197987598414
0,0,0.0023264197987598414
0,0,0.0023264197987598414
0,0,0.0023264197987598414
0,0,0.0023264197987598414
0,0,0.0023264197987598414
0,0,0.0023264197987598414
0,0,0.0023264197987598414
0,0,0.0023264197987598414
0,0,0.0023264197987598414
0,0,0.0023264197987598414
0,0,0.0023264197987598414
0,0,0.0023264197987598414
0,0,0.0023264197987598414
0,0,0.0023264197987598414
0,0,0.0023264197987598414
0,0,0.0023264197987598414
0,0,0.0023264197987598414
0,0,0.0023264197987598414
0,0,0.005659753132093175
0,0,0.0023264197987598414
0,0,0.00499999999999996
0,0,0.0016666666666666269
0,0,0.0016666666666666269
0,0,0.0023264197987598414
0,0,0.0023264197987598414
0,0,0.0023264197987598414
0,0,0.0023264197987598414
0,0,0.0023264197987598414
0,0,0.0023264197987598414
0,0,0.0023264197987598414
0,0,0.0023264197987598414
0,0,0.0023264197987598414
0,0,0.0023264197987598414
0,0,0.0023264197987598414
0,0,0.0023264197987598414
0,0,0.0023264197987598414
0,0,0.0023264197987598414
0,0,0.0023264197987598414
0,0,0.0023264197987598414
0,0,0.0023264197987598414
0,0,0.0023264197987598414
0,0,0.005659753132093175
0,0,0.0023264197987598414
0,0,0.005659753132093175
0,0,0.0023264197987598414
0,0,0.0023264197987598414
0,0,0.0023264197987598414
0,0,0.0023264197987598414
0,0,0.0023264197987598414
0,0,0.0023264197987598414
0,0,0.0023264197987598414
0,0,0.0023264197987598414
0,0,0.008993086465426509
0,0,0.0023264197987598414
0,0,0.0023264197987598414
0,0,0.0023264197987598414
0,0,0.0023264197987598414
0,0,0.0023264197987598414
0,0,0.0023264197987598414
0,0,0.0023264197987598414
0,0,0.0023264197987598414
0,0,0.0023264197987598414
0,0,0.0023264197987598414
0,0,0.0023264197987598414
0,0,0.0023264197987598414
0,0,0.0023264197987598414
0,0,0.0023264197987598414
0,0,0.0023264197987598414
0,0,0.0023264197987598414
0,0,0.0023264197987598414
0,0,0.0023264197987598414
0,0,0.0023264197987598414
0,0,0.0023264197987598414
0,0,0.0023264197987598414
0,0,0.0023264197987598414
0,0,0.0023264197987598414
0,0,0.0023264197987598414
0,0,0.0023264197987598414
0,0,0.0023264197987598414
0,0,0.0023264197987598414
0,0,0.0023264197987598414
0,0,0.0023264197987598414
0,0,0.0023264197987598414
0,0,0.0023264197987598414
0,0,0.0023264197987598414
0,0,0.0023264197987598414
0,0,0.0023264197987598414
0,0,0.0023264197987598414
0,0,0.0023264197987598414
0,0,0.0023264197987598414
0,0,0.0023264197987598414
0,0,0.0023264197987598414
0,0,0.0023264197987598414
0,0,0.0023264197987598414
0,0,0.0023264197987598414
0,0,0.0023264197987598414
0,0,0.0023264197987598414
0,0,0.0023264197987598414
0,0,0.0023264197987598414
0,0,0.0023264197987598414
0,0,0.0023264197987598414
0,0,0.0023264197987598414
0,0,0.0023264197987598414
0,0,0.0023264197987598414
0,0,0.0023264197987598414
0,0,0.0023264197987598414
0,0,0.0023264197987598414
0,0,0.0023264197987598414
0,0,0.0023264197987598414
0,0,0.0023264197987598414
0,0,0.0023264197987598414
0,0,0.0023264197987598414
0,0,0.0023264197987598414
0,0,0.0023264197987598414
0,0,0.0023264197987598414
0,0,0.0023264197987598414
0,0,0.0023264197987598414
0,0,0.0023264197987598414
0,0,0.0023264197987598414
0,0,0.0023264197987598414
0,0,0.0023264197987598414
0,0,0.0023264197987598414
0,0,0.0023264197987598414
0,0,0.0023264197987598414
0,0,0.0023264197987598414
0,0,0.0023264197987598414
0,0,0.0023264197987598414
0,0,0.0023264197987598414
0,0,0.0023264197987598414
0,0,0.0023264197987598414
0,0,0.0023264197987598414
0,0,0.0023264197987598414
0,0,0.0023264197987598414
0,0,0.0023264197987598414
0,0,0.0023264197987598414
0,0,0.0023264197987598414
0,0,0.0023264197987598414
0,0,0.0023264197987598414
0,0,0.0023264197987598414
0,0,0.0023264197987598414
0,0,0.0023264197987598414
0,0,0.0023264197987598414
0,0,0.0023264197987598414
0,0,0.0023264197987598414
0,0,0.0023264197987598414
0,0,0.0023264197987598414
0,0,0.0023264197987598414
0,0,0.0023264197987598414
0,0,0.0023264197987598414
0,0,0.0023264197987598414
0,0,0.0023264197987598414
0,0,0.0023264197987598414
0,0,0.0023264197987598414
0,0,0.0023264197987598414
0,0,0.0023264197987598414
0,0,0.0023264197987598414
0,0,0.0023264197987598414
0,0,0.0023264197987598414
0,0,0.0023264197987598414
0,0,0.0023264197987598414
0,0,0.0023264197987598414
0,0,0.0023264197987598414
0,0,0.0023264197987598414
0,0,0.0023264197987598414
0,0,0.0023264197987598414
0,0,0.0023264197987598414
0,0,0.0023264197987598414
0,0,0.0023264197987598414
0,0,0.0023264197987598414
0,0,0.0023264197987598414
0,0,0.0023264197987598414
0,0,0.0023264197987598414
0,0,0.0023264197987598414
0,0,0.0023264197987598414
0,0,0.0023264197987598414
0,0,0.0023264197987598414
0,0,0.0023264197987598414
0,0,0.0023264197987598414
0,0,0.0023264197987598414
0,0,0.0023264197987598414
0,0,0.0023264197987598414
0,0,0.0023264197987598414
0,0,0.0023264197987598414
0,0,0.0023264197987598414
0,0,0.0023264197987598414
0,0,0.0023264197987598414
0,0,0.0023264197987598414
0,0,0.0023264197987598414
0,0,0.0023264197987598414
0,0,0.0023264197987598414
0,0,0.0023264197987598414
0,0,0.0023264197987598414
0,0,0.0023264197987598414
0,0,0.0023264197987598414
0,0,0.0023264197987598414
0,0,0.0023264197987598414
0,0,0.0023264197987598414
0,0,0.0023264197987598414
0,0,0.0023264197987598414
0,0,0.0023264197987598414
0,0,0.0023264197987598414
0,0,0.0023264197987598414
0,0,0.0023264197987598414
0,0,0.0023264197987598414
0,0,0.0023264197987598414
0,0,0.0023264197987598414
0,0,0.0023264197987598414
0,0,0.0023264197987598414
0,0,0.0023264197987598414
0,0,0.0023264197987598414
0,0,0.0023264197987598414
0,0,0.0023264197987598414
0,0,0.0023264197987598414
0,0,0.0023264197987598414
0,0,0.0023264197987598414
0,0,0.0023264197987598414
0,0,0.0023264197987598414
0,0,0.0023264197987598414
0,0,0.0023264197987598414
0,0,0.0023264197987598414
0,0,0.0023264197987598414
0,0,0.0023264197987598414
0,0,0.0023264197987598414
0,0,0.0023264197987598414
0,0,0.0023264197987598414
0,0,0.0023264197987598414
0,0,0.0023264197987598414
0,0,0.0023264197987598414
0,0,0.0023264197987598414
0,0,0.0023264197987598414
0,0,0.0023264197987598414
0,0,0.0023264197987598414
0,0,0.0023264197987598414
0,0,0.0023264197987598414
0,0,0.0023264197987598414
0,0,0.0023264197987598414
0,0,0.0023264197987598414
0,0,0.0023264197987598414
0,0,0.0023264197987598414
0,0,0.0023264197987598414
0,0,0.0023264197987598414
0,0,0.0023264197987598414
0,0,0.0023264197987598414
0,0,0.0023264197987598414
0,0,0.0023264197987598414
0,0,0.0023264197987598414
0,0,0.0023264197987598414
0,0,0.0023264197987598414
0,0,0.0023264197987598414
0,0,0.0023264197987598414
0,0,0.0023264197987598414
0,0,0.0023264197987598414
0,0,0.0023264197987598414
0,0,0.0023264197987598414
0,0,0.0023264197987598414
0,0,0.0023264197987598414
0,0,0.0023264197987598414
0,0,0.0023264197987598414
0,0,0.0023264197987598414
0,0,0.0023264197987598414
0,0,0.0023264197987598414
0,0,0.0023264197987598414
0,0,0.0023264197987598414
0,0,0.0023264197987598414
0,0,0.0023264197987598414
0,0,0.0023264197987598414
0,0,0.0023264197987598414
0,0,0.0023264197987598414
0,0,0.0023264197987598414
0,0,0.0023264197987598414
0,0,0.0023219124603866786
0,0,0.0023219124603866786
0,0,0.0023219124603866786
0,0,0.0023219124603866786
0,0,0.0023219124603866786
0,0,0.0023219124603866786
0,0,0.0023219124603866786
0,0,0.0023219124603866786
0,0,0.0023219124603866786
0,0,0.0023219124603866786
0,0,0.0023219124603866786
0,0,0.0023219124603866786
0,0,0.0023219124603866786
0,0,0.0023219124603866786
0,0,0.0023219124603866786
0,0,0.0023219124603866786
0,0,0.0023219124603866786
0,0,0.0023219124603866786
0,0,0.0023219124603866786
0,0,0.0023219124603866786
0,0,0.0023219124603866786
0,0,0.0023219124603866786
0,0,0.0023219124603866786
0,0,0.0023219124603866786
0,0,0.0023219124603866786
0,0,0.0023219124603866786
0,0,0.0023219124603866786
0,0,0.0023219124603866786
0,0,0.0023219124603866786
0,0,0.0023219124603866786
0,0,0.0023219124603866786
0,0,0.0023219124603866786
0,0,0.0023219124603866786
0,0,0.0023219124603866786
0,0,0.0023219124603866786
0,0,0.0023219124603866786
0,0,0.0023219124603866786
0,0,0.0023219124603866786
0,0,0.0023219124603866786
0,0,0.0023219124603866786
0,0,0.0023219124603866786
0,0,0.0023219124603866786
0,0,0.0023219124603866786
0,0,0.0023219124603866786
0,0,0.0023219124603866786
0,0,0.0023219124603866786
0,0,0.0023219124603866786
0,0,0.0023219124603866786
0,0,0.0023219124603866786
0,0,0.0023219124603866786
0,0,0.0023219124603866786
0,0,0.0023219124603866786
0,0,0.0023219124603866786
0,0,0.0023219124603866786
0,0,0.0023219124603866786
0,0,0.0023219124603866786
0,0,0.0023219124603866786
0,0,0.0023219124603866786
0,0,0.0023219124603866786
0,0,0.0023219124603866786
0,0,0.0023219124603866786
0,0,0.0023219124603866786
0,0,0.0023219124603866786
0,0,0.0023219124603866786
0,0,0.0023219124603866786
0,0,0.0023219124603866786
0,0,0.0023219124603866786
0,0,0.0023219124603866786
0,0,0.0023219124603866786
0,0,0.0023219124603866786
0,0,0.0023219124603866786
0,0,0.0023219124603866786
0,0,0.0023219124603866786
0,0,0.0023219124603866786
0,0,0.0023219124603866786
0,0,0.0023219124603866786
0,0,0.0023219124603866786
0,0,0.0023219124603866786
0,0,0.0023219124603866786
0,0,0.0023219124603866786
0,0,0.0023219124603866786
0,0,0.0023219124603866786
0,0,0.0023219124603866786
0,0,0.0023219124603866786
0,0,0.0023219124603866786
0,0,0.0023219124603866786
0,0,0.0023219124603866786
0,0,0.0023219124603866786
0,0,0.0023219124603866786
0,0,0.0023219124603866786
0,0,0.0023219124603866786
0,0,0.0023219124603866786
0,0,0.0023219124603866786
0,0,0.0023219124603866786
0,0,0.0023219124603866786
0,0,0.0023219124603866786
0,0,0.0023219124603866786
0,0,0.0023219124603866786
0,0,0.0023219124603866786
0,0,0.0023219124603866786
0,0,0.0023219124603866786
0,0,0.0023219124603866786
0,0,0.0023219124603866786
0,0,0.0023219124603866786
0,0,0.0023219124603866786
0,0,0.0023219124603866786
0,0,0.0023219124603866786
0,0,0.0023219124603866786
0,0,0.0023219124603866786
0,0,0.0023219124603866786
0,0,0.0023219124603866786
0,0,0.0023219124603866786
0,0,0.0023219124603866786
0,0,0.0023219124603866786
0,0,0.0023219124603866786
0,0,0.0023219124603866786
0,0,0.0023219124603866786
0,0,0.0023219124603866786
0,0,0.0023219124603866786
0,0,0.0023219124603866786
0,0,0.0023219124603866786
0,0,0.0023219124603866786
0,0,0.0023219124603866786
0,0,0.0023219124603866786
0,0,0.0023219124603866786
0,0,0.0023219124603866786
0,0,0.0023219124603866786
0,0,0.0023219124603866786
0,0,0.0023219124603866786
0,0,0.0023219124603866786
0,0,0.0023219124603866786
0,0,0.0023219124603866786
0,0,0.0023219124603866786
0,0,0.0023219124603866786
0,0,0.0023219124603866786
0,0,0.0023219124603866786
0,0,0.0023219124603866786
0,0,0.0023219124603866786
0,0,0.0023219124603866786
0,0,0.0023219124603866786
0,0,0.0023219124603866786
0,0,0.0023219124603866786
0,0,0.0023219124603866786
0,0,0.0023219124603866786
0,0,0.0023219124603866786
0,0,0.0023219124603866786
0,0,0.0023219124603866786
0,0,0.0023219124603866786
0,0,0.0023219124603866786
0,0,0.0023219124603866786
0,0,0.0023219124603866786
0,0,0.0023219124603866786
0,0,0.0023219124603866786
0,0,0.0023219124603866786
0,0,0.0023219124603866786
0,0,0.0023219124603866786
0,0,0.0023219124603866786
0,0,0.0023219124603866786
0,0,0.0023219124603866786
0,0,0.0023219124603866786
0,0,0.0023219124603866786
0,0,0.0023219124603866786
0,0,0.0023219124603866786
0,0,0.0023219124603866786
0,0,0.0023219124603866786
0,0,0.0023219124603866786
0,0,0.0023219124603866786
0,0,0.0023219124603866786
0,0,0.0023219124603866786
0,0,0.0023219124603866786
0,0,0.0023219124603866786
0,0,0.0023219124603866786
0,0,0.0023219124603866786
0,0,0.0023219124603866786
0,0,0.0023219124603866786
0,0,0.0023219124603866786
0,0,0.0023219124603866786
0,0,0.0023219124603866786
0,0,0.0023219124603866786
0,0,0.0023219124603866786
0,0,0.0023219124603866786
0,0,0.0023219124603866786
0,0,0.0023219124603866786
0,0,0.0023219124603866786
0,0,0.0023219124603866786
0,0,0.0023219124603866786
0,0,0.0023219124603866786
0,0,0.0023219124603866786
0,0,0.0023219124603866786
0,0,0.0023219124603866786
0,0,0.0023219124603866786
0,0,0.0023219124603866786
0,0,0.0023219124603866786
0,0,0.0023219124603866786
0,0,0.0023219124603866786
0,0,0.0023219124603866786
0,0,0.0023219124603866786
0,0,0.0023219124603866786
0,0,0.0023219124603866786
0,0,0.0023219124603866786
0,0,0.0023219124603866786
0,0,0.0023219124603866786
0,0,0.0023219124603866786
0,0,0.0023219124603866786
0,0,0.0023219124603866786
0,0,0.0023219124603866786
0,0,0.0023219124603866786
0,0,0.0023219124603866786
0,0,0.0023219124603866786
0,0,0.0023219124603866786
0,0,0.0023219124603866786
0,0,0.0023219124603866786
0,0,0.0023219124603866786
0,0,0.0023219124603866786
0,0,0.0023219124603866786
0,0,0.0023219124603866786
0,0,0.0023219124603866786
0,0,0.0023219124603866786
0,0,0.0023219124603866786
0,0,0.0023219124603866786
0,0,0.0023219124603866786
0,0,0.0023219124603866786
0,0,0.0023219124603866786
0,0,0.0023219124603866786
0,0,0.0023219124603866786
0,0,0.0023219124603866786
0,0,0.0023219124603866786
0,0,0.0023219124603866786
0,0,0.0023219124603866786
0,0,0.0023219124603866786
0,0,0.0023219124603866786
0,0,0.0023219124603866786
0,0,0.0023219124603866786
0,0,0.0023219124603866786
0,0,0.0023219124603866786
0,0,0.0023219124603866786
0,0,0.0023219124603866786
0,0,0.0023219124603866786
0,0,0.0023219124603866786
0,0,0.0023219124603866786
0,0,0.0023219124603866786
0,0,0.0023219124603866786
0,0,0.0023219124603866786
0,0,0.0023219124603866786
0,0,0.0023219124603866786
0,0,0.0023219124603866786
0,0,0.0023219124603866786
0,0,0.0023219124603866786
0,0,0.0023219124603866786
0,0,0.0023219124603866786
0,0,0.0023219124603866786
0,0,0.0023219124603866786
0,0,0.0023219124603866786
0,0,0.0023219124603866786
0,0,0.0023219124603866786
0,0,0.0023219124603866786
0,0,0.0023219124603866786
0,0,0.0023219124603866786
0,0,0.0023219124603866786
0,0,0.0023219124603866786
0,0,0.0023219124603866786
0,0,0.0023219124603866786
0,0,0.0023219124603866786
0,0,0.0023219124603866786
0,0,0.0023219124603866786
0,0,0.0023219124603866786
0,0,0.0023219124603866786
0,0,0.0023219124603866786
0,0,0.0023219124603866786
0,0,0.0023219124603866786
0,0,0.0023219124603866786
0,0,0.0023219124603866786
0,0,0.0023219124603866786
0,0,0.0023219124603866786
0,0,0.0023219124603866786
0,0,0.0023219124603866786
0,0,0.0023219124603866786
0,0,0.0023219124603866786
0,0,0.0023219124603866786
0,0,0.0023219124603866786
0,0,0.0023219124603866786
0,0,0.0023219124603866786
0,0,0.0023219124603866786
0,0,0.0023219124603866786
0,0,0.0023219124603866786
0,0,0.0023219124603866786
0,0,0.0023219124603866786
0,0,0.0023219124603866786
0,0,0.0023219124603866786
0,0,0.0023219124603866786
0,0,0.0023219124603866786
0,0,0.0023219124603866786
0,0,0.0023219124603866786
0,0,0.0023219124603866786
0,0,0.0023219124603866786
0,0,0.0023219124603866786
0,0,0.0023219124603866786
0,0,0.0023219124603866786
0,0,0.0023219124603866786
0,0,0.0023219124603866786
0,0,0.0023219124603866786
0,0,0.0023219124603866786
0,0,0.0023219124603866786
0,0,0.0023219124603866786
0,0,0.0023219124603866786
0,0,0.0023219124603866786
0,0,0.0023219124603866786
0,0,0.0023219124603866786
0,0,0.0023219124603866786
0,0,0.0023219124603866786
0,0,0.0023219124603866786
0,0,0.0023219124603866786
0,0,0.0023219124603866786
0,0,0.0023219124603866786
0,0,0.0023219124603866786
0,0,0.0023219124603866786
0,0,0.0023219124603866786
0,0,0.0023219124603866786
0,0,0.0023219124603866786
0,0,0.0023219124603866786
0,0,0.0023219124603866786
0,0,0.0023219124603866786
0,0,0.0023219124603866786
0,0,0.0023219124603866786
0,0,0.0023219124603866786
0,0,0.0023219124603866786
0,0,0.0023219124603866786
0,0,0.0023219124603866786
0,0,0.0023219124603866786
0,0,0.0023219124603866786
0,0,0.0023219124603866786
0,0,0.0023219124603866786
0,0,0.0023219124603866786
0,0,0.0023219124603866786
0,0,0.0023219124603866786
0,0,0.0023219124603866786
0,0,0.0023219124603866786
0,0,0.0023219124603866786
0,0,0.0023219124603866786
0,0,0.0023219124603866786
0,0,0.0023219124603866786
0,0,0.0023219124603866786
0,0,0.0023219124603866786
0,0,0.0023219124603866786
0,0,0.0023219124603866786
0,0,0.0023219124603866786
0,0,0.0023219124603866786
0,0,0.0023219124603866786
0,0,0.0023219124603866786
0,0,0.0023219124603866786
0,0,0.0023219124603866786
0,0,0.0023219124603866786
0,0,0.0023219124603866786
0,0,0.0023219124603866786
0,0,0.0023219124603866786
0,0,0.0023219124603866786
0,0,0.0023219124603866786
0,0,0.0023219124603866786
0,0,0.0023219124603866786
0,0,0.0023219124603866786
0,0,0.0023219124603866786
0,0,0.0023219124603866786
0,0,0.0023219124603866786
0,0,0.0023219124603866786
0,0,0.0023219124603866786
0,0,0.0023219124603866786
0,0,0.0023219124603866786
0,0,0.0023219124603866786
0,0,0.0023219124603866786
0,0,0.0023219124603866786
0,0,0.0023219124603866786
0,0,0.0023219124603866786
0,0,0.0023219124603866786
0,0,0.0023219124603866786
0,0,0.0023219124603866786
0,0,0.0023219124603866786
0,0,0.0023219124603866786
0,0,0.0023219124603866786
0,0,0.0023219124603866786
0,0,0.0023219124603866786
0,0,0.0023219124603866786
0,0,0.0023219124603866786
0,0,0.0023219124603866786
0,0,0.0023219124603866786
0,0,0.0023219124603866786
0,0,0.0023219124603866786
0,0,0.0023219124603866786
0,0,0.0023219124603866786
0,0,0.0023219124603866786
0,0,0.0023219124603866786
0,0,0.0023219124603866786
0,0,0.0023219124603866786
0,0,0.0023219124603866786
0,0,0.0023219124603866786
0,0,0.0023219124603866786
0,0,0.0023219124603866786
0,0,0.0023219124603866786
0,0,0.0023219124603866786
0,0,0.0023219124603866786
0,0,0.0023219124603866786
0,0,0.0023219124603866786
0,0,0.0023219124603866786
0,0,0.0023219124603866786
0,0,0.0023219124603866786
0,0,0.0023219124603866786
0,0,0.0023219124603866786
0,0,0.0023219124603866786
0,0,0.0023219124603866786
0,0,0.0023219124603866786
0,0,0.0023219124603866786
0,0,0.0023219124603866786
0,0,0.0023219124603866786
0,0,0.0023219124603866786
0,0,0.0023219124603866786
0,0,0.0023219124603866786
0,0,0.0023219124603866786
0,0,0.005655245793720012
0,0,0.004806389870435766
0,0,0.0016666666666666269
0,0,0.004806389870435766
0,0,0.004806389870435766
0,0,0.0023219124603866786
0,0,0.0016666666666666269
0,0,0.004806389870435766
0,0,0.0023219124603866786
0,0,0.0023219124603866786
0,0,0.004806389870435766
0,0,0.0016666666666666269
0,0,0.005461635664155818
0,0,0.0023219124603866786
0,0,0.005461635664155818
0,0,0.0023219124603866786
0,0,0.005461635664155818
0,0,0.0023219124603866786
0,0,0.0023219124603866786
0,0,0.0023219124603866786
0,0,0.0016666666666666269
0,0,0.0023219124603866786
0,0,0.0023219124603866786
0,0,0.0016666666666666269
0,0,0.0016666666666666269
0,0,0.0023219124603866786
0,0,0.0016666666666666269
0,0,0.0016666666666666269
0,0,0.0023219124603866786
0,0,0.0023219124603866786
0,0,0.00499999999999996
0,0,0.00499999999999996
0,0,0.0023219124603866786
0,0,0.00499999999999996
0,0,0.0023219124603866786
0,0,0.0023219124603866786
0,0,0.0023219124603866786
0,0,0.0016666666666666269
0,0,0.0016666666666666269
0,0,0.0023219124603866786
0,0,0.0023219124603866786
0,0,0.0023219124603866786
0,0,0.0023219124603866786
0,0,0.0023219124603866786
0,0,0.0016666666666666269
0,0,0.0023219124603866786
0,0,0.0023219124603866786
0,0,0.0023219124603866786
0,0,0.0023219124603866786
0,0,0.005655245793720012
0,0,0.0023219124603866786
0,0,0.0023219124603866786
0,0,0.0023219124603866786
0,0,0.0023219124603866786
0,0,0.0023219124603866786
0,0,0.0023219124603866786
0,0,0.0023219124603866786
0,0,0.0023219124603866786
0,0,0.0023219124603866786
0,0,0.0023219124603866786
0,0,0.0023219124603866786
0,0,0.0023219124603866786
0,0,0.0023219124603866786
0,0,0.0016666666666666269
0,0,0.0023219124603866786
0,0,0.0023219124603866786
0,0,0.0023219124603866786
0,0,0.005655245793720012
0,0,0.0023219124603866786
0,0,0.0023219124603866786
0,0,0.0023219124603866786
0,0,0.0023219124603866786
0,0,0.0023219124603866786
0,0,0.0023219124603866786
0,0,0.0023219124603866786
0,0,0.0023219124603866786
0,0,0.0023219124603866786
0,0,0.0023219124603866786
0,0,0.0023219124603866786
0,0,0.0023219124603866786
0,0,0.0023219124603866786
0,0,0.0023219124603866786
0,0,0.005461635664155818
0,0,0.0023219124603866786
0,0,0.0023219124603866786
0,0,0.0023219124603866786
0,0,0.004806389870435766
0,0,0.0023219124603866786
0,0,0.0016666666666666269
0,0,0.00879496899748915
0,0,0.0023219124603866786
0,0,0.0023219124603866786
0,0,0.004806389870435766
0,0,0.0023219124603866786
0,0,0.005655245793720012
0,0,0.004806389870435766
0,0,0.0023219124603866786
0,0,0.0023219124603866786
0,0,0.0023219124603866786
0,0,0.00499999999999996
0,0,0.0023219124603866786
0,0,0.0023219124603866786
0,0,0.0023219124603866786
0,0,0.0023219124603866786
0,0,0.00807256595914027
0,0,0.0023219124603866786
0,0,0.0023219124603866786
0,0,0.0023219124603866786
0,0,0.0023219124603866786
0,0,0.0023219124603866786
0,0,0.004806389870435766
0,0,0.004806389870435766
0,0,0.014806389870435765
0,0,0.0023219124603866786
0,0,0.00879496899748915
0,0,0.004806389870435766
0,0,0.0023219124603866786
0,0,0.0023219124603866786
0,0,0.005655245793720012
0,0,0.0016666666666666269
0,0,0.0023219124603866786
0,0,0.0023219124603866786
0,0,0.0023219124603866786
0,0,0.0023219124603866786
0,0,0.0023219124603866786
0,0,0.011473056537102433
0,0,0.0023219124603866786
0,0,0.0023219124603866786
0,0,0.0023219124603866786
0,0,0.0023219124603866786
0,0,0.0023219124603866786
0,0,0.0023219124603866786
0,0,0.0023219124603866786
0,0,0.0023219124603866786
0,0,0.0023219124603866786
0,0,0.0023219124603866786
0,0,0.0023219124603866786
0,0,0.0023219124603866786
0,0,0.0023219124603866786
0,0,0.0023219124603866786
0,0,0.0023219124603866786
0,0,0.0023219124603866786
0,0,0.0023219124603866786
0,0,0.0023219124603866786
0,0,0.005655245793720012
0,0,0.0023219124603866786
0,0,0.004806389870435766
0,0,0.0023219124603866786
0,0,0.0023219124603866786
0,0,0.005461635664155818
0,0,0.0023219124603866786
0,0,0.0023219124603866786
0,0,0.0023219124603866786
0,0,0.0023219124603866786
0,0,0.0023219124603866786
0,0,0.0023219124603866786
0,0,0.005461635664155818
0,0,0.0023219124603866786
0,0,0.0023219124603866786
0,0,0.0023219124603866786
0,0,0.0023219124603866786
0,0,0.0023219124603866786
0,0,0.0023219124603866786
0,0,0.0023219124603866786
0,0,0.0023219124603866786
0,0,0.0023219124603866786
0,0,0.0023219124603866786
0,0,0.0023219124603866786
0,0,0.0023219124603866786
0,0,0.005461635664155818
0,0,0.0023219124603866786
0,0,0.0023219124603866786
0,0,0.005461635664155818
0,0,0.0016666666666666269
0,0,0.0023219124603866786
0,0,0.0023219124603866786
0,0,0.005461635664155818
0,0,0.005461635664155818
0,0,0.0023219124603866786
0,0,0.0023219124603866786
0,0,0.0023219124603866786
0,0,0.0023219124603866786
0,0,0.005461635664155818
0,0,0.008082251939401285
0,0,0.0023219124603866786
0,0,0.005461635664155818
0,0,0.0023219124603866786
0,0,0.0023219124603866786
0,0,0.004806389870435766
0,0,0.0023219124603866786
0,0,0.0023219124603866786
0,0,0.0023219124603866786
0,0,0.0023219124603866786
0,0,0.0023219124603866786
0,0,0.0023219124603866786
0,0,0.0023219124603866786
0,0,0.0023219124603866786
0,0,0.0023219124603866786
0,0,0.0023219124603866786
0,0,0.004806389870435766
0,0,0.005461635664155818
0,0,0.0023219124603866786
0,0,0.0023219124603866786
0,0,0.00879496899748915
0,0,0.0016666666666666269
0,0,0.0023219124603866786
0,0,0.0023219124603866786
0,0,0.0023219124603866786
0,0,0.005461635664155818
0,0,0.004806389870435766
0,0,0.0023219124603866786
0,0,0.004806389870435766
0,0,0.0023219124603866786
0,0,0.0023219124603866786
0,0,0.0023219124603866786
0,0,0.0023219124603866786
0,0,0.005461635664155818
0,0,0.0023219124603866786
0,0,0.0023219124603866786
0,0,0.0023219124603866786
0,0,0.0023219124603866786
0,0,0.0023219124603866786
0,0,0.0023219124603866786
0,0,0.005655245793720012
0,0,0.0023219124603866786
0,0,0.0023219124603866786
0,0,0.0023219124603866786
0,0,0.0023219124603866786
0,0,0.0023219124603866786
0,0,0.005461635664155818
0,0,0.005655245793720012
0,0,0.005461635664155818
0,0,0.0023219124603866786
0,0,0.0023219124603866786
0,0,0.0023219124603866786
0,0,0.0023219124603866786
0,0,0.0023219124603866786
0,0,0.0023219124603866786
0,0,0.0023219124603866786
0,0,0.0023219124603866786
0,0,0.0023219124603866786
0,0,0.0023219124603866786
0,0,0.0023219124603866786
0,0,0.0023219124603866786
0,0,0.0023219124603866786
0,0,0.0023219124603866786
0,0,0.0023219124603866786
0,0,0.0023219124603866786
0,0,0.0023219124603866786
0,0,0.0023219124603866786
0,0,0.0023219124603866786
0,0,0.0023219124603866786
0,0,0.005461635664155818
0,0,0.0023219124603866786
0,0,0.0023219124603866786
0,0,0.0023219124603866786
0,0,0.0023219124603866786
0,0,0.0023219124603866786
0,0,0.0023219124603866786
0,0,0.0016666666666666269
0,0,0.0023219124603866786
0,0,0.005461635664155818
0,0,0.00879496899748915
0,0,0.005461635664155818
0,0,0.0023219124603866786
0,0,0.0023219124603866786
0,0,0.0023219124603866786
0,0,0.0016666666666666269
0,0,0.005655245793720012
0,0,0.0023219124603866786
0,0,0.005461635664155818
0,0,0.0023219124603866786
0,0,0.0023219124603866786
0,0,0.0023219124603866786
0,0,0.0023219124603866786
0,0,0.0023219124603866786
0,0,0.0023219124603866786
0,0,0.0023219124603866786
0,0,0.0023219124603866786
0,0,0.0023219124603866786
0,0,0.0023219124603866786
0,0,0.0023219124603866786
0,0,0.0023219124603866786
0,0,0.0023219124603866786
0,0,0.0023219124603866786
0,0,0.0023219124603866786
0,0,0.0023219124603866786
0,0,0.0023219124603866786
0,0,0.0023219124603866786
0,0,0.0023219124603866786
0,0,0.0023219124603866786
0,0,0.0023219124603866786
0,0,0.0023219124603866786
0,0,0.0023219124603866786
0,0,0.0023219124603866786
0,0,0.0023219124603866786
0,0,0.0023219124603866786
0,0,0.0023219124603866786
0,0,0.0023219124603866786
0,0,0.0023219124603866786
0,0,0.0023219124603866786
0,0,0.0023219124603866786
0,0,0.0023219124603866786
0,0,0.0019519429447443489
0,0,0.0019519429447443489
0,0,0.0019519429447443489
0,0,0.0019519429447443489
0,0,0.0019519429447443489
0,0,0.0019519429447443489
0,0,0.0019519429447443489
0,0,0.0019519429447443489
0,0,0.0019519429447443489
0,0,0.0019519429447443489
0,0,0.0019519429447443489
0,0,0.0019519429447443489
0,0,0.0019519429447443489
0,0,0.0019519429447443489
0,0,0.0019519429447443489
0,0,0.0019519429447443489
0,0,0.0019519429447443489
0,0,0.0019519429447443489
0,0,0.0019519429447443489
0,0,0.0019519429447443489
0,0,0.0019519429447443489
0,0,0.0019519429447443489
0,0,0.0019519429447443489
0,0,0.0019519429447443489
0,0,0.0019519429447443489
0,0,0.0019519429447443489
0,0,0.0019519429447443489
0,0,0.0019519429447443489
0,0,0.0019519429447443489
0,0,0.0019519429447443489
0,0,0.0019519429447443489
0,0,0.0019519429447443489
0,0,0.0019519429447443489
0,0,0.0019519429447443489
0,0,0.0019519429447443489
0,0,0.005285276278077682
0,0,0.0019519429447443489
0,0,0.0019519429447443489
0,0,0.0019519429447443489
0,0,0.004845706618962393
0,0,0.008464316230373447
0,0,0.0019519429447443489
0,0,0.0019519429447443489
0,0,0.0019519429447443489
0,0,0.0019519429447443489
0,0,0.0019519429447443489
0,0,0.0019519429447443489
0,0,0.0019519429447443489
0,0,0.0019519429447443489
0,0,0.0019519429447443489
0,0,0.0019519429447443489
0,0,0.0019519429447443489
0,0,0.0019519429447443489
0,0,0.005040109671049066
0,0,0.00793387334526711
0,0,0.021421500059638013
0,0,0.005040109671049066
0,0,0.0016666666666666269
0,0,0.008179039952295726
0,0,0.0019519429447443489
0,0,0.0019519429447443489
0,0,0.0019519429447443489
0,0,0.0019519429447443489
0,0,0.0019519429447443489
0,0,0.0019519429447443489
0,0,0.0019519429447443489
0,0,0.0019519429447443489
0,0,0.0019519429447443489
0,0,0.0019519429447443489
0,0,0.004754833392971344
0,0,0.005040109671049066
0,0,0.004754833392971344
0,0,0.004754833392971344
0,0,0.004754833392971344
0,0,0.004754833392971344
0,0,0.004754833392971344
0,0,0.005040109671049066
0,0,0.004754833392971344
0,0,0.0019519429447443489
0,0,0.0019519429447443489
0,0,0.0019519429447443489
0,0,0.0019519429447443489
0,0,0.0019519429447443489
0,0,0.0019519429447443489
0,0,0.0019519429447443489
0,0,0.005040109671049066
0,0,0.004754833392971344
0,0,0.004754833392971344
0,0,0.004754833392971344
0,0,0.004754833392971344
0,0,0.005130982897040114
0,0,0.005130982897040114
0,0,0.0019519429447443489
0,0,0.0019519429447443489
0,0,0.0019519429447443489
0,0,0.005130982897040114
0,0,0.004845706618962393
0,0,0.005285276278077682
0,0,0.0019519429447443489
0,0,0.0019519429447443489
0,0,0.0019519429447443489
0,0,0.0019519429447443489
0,0,0.0019519429447443489
0,0,0.0019519429447443489
0,0,0.0019519429447443489
0,0,0.0019519429447443489
0,0,0.0019519429447443489
0,0,0.0019519429447443489
0,0,0.0019519429447443489
0,0,0.0019519429447443489
0,0,0.0019519429447443489
0,0,0.0019519429447443489
0,0,0.0019519429447443489
0,0,0.005130982897040114
0,0,0.005130982897040114
0,0,0.0019519429447443489
0,0,0.005130982897040114
0,0,0.0019519429447443489
0,0,0.0019519429447443489
0,0,0.0019519429447443489
0,0,0.0019519429447443489
0,0,0.0019519429447443489
0,0,0.0019519429447443489
0,0,0.0019519429447443489
0,0,0.0019519429447443489
0,0,0.011706776337715732
0,0,0.014544575583844234
0,0,0.0019519429447443489
0,0,0.0019519429447443489
0,0,0.0019519429447443489
0,0,0.0019519429447443489
0,0,0.0019519429447443489
0,0,0.0019519429447443489
0,0,0.005285276278077682
0,0,0.005130982897040114
0,0,0.0019519429447443489
0,0,0.0019519429447443489
0,0,0.0019519429447443489
0,0,0.0019519429447443489
0,0,0.0019519429447443489
0,0,0.0019519429447443489
0,0,0.0019519429447443489
0,0,0.0019519429447443489
0,0,0.0019519429447443489
0,0,0.005040109671049066
0,0,0.005130982897040114
0,0,0.0019519429447443489
0,0,0.0019519429447443489
0,0,0.0019519429447443489
0,0,0.0019519429447443489
0,0,0.0019519429447443489
0,0,0.0019519429447443489
0,0,0.005285276278077682
0,0,0.0019519429447443489
0,0,0.004845706618962393
0,0,0.0016666666666666269
0,0,0.0019519429447443489
0,0,0.0019519429447443489
0,0,0.0019519429447443489
0,0,0.0019519429447443489
0,0,0.0019519429447443489
0,0,0.0019519429447443489
0,0,0.0019519429447443489
0,0,0.008179039952295726
0,0,0.0019519429447443489
0,0,0.0019519429447443489
0,0,0.0019519429447443489
0,0,0.005130982897040114
0,0,0.005130982897040114
0,0,0.014845706618962392
0,0,0.0019519429447443489
0,0,0.004754833392971344
0,0,0.004845706618962393
0,0,0.008464316230373447
0,0,0.004754833392971344
0,0,0.005130982897040114
0,0,0.004845706618962393
0,0,0.0016666666666666269
0,0,0.00499999999999996
0,0,0.004845706618962393
0,0,0.0019519429447443489
0,0,0.0019519429447443489
0,0,0.0019519429447443489
0,0,0.0019519429447443489
0,0,0.0019519429447443489
0,0,0.0019519429447443489
0,0,0.0019519429447443489
0,0,0.0019519429447443489
0,0,0.0019519429447443489
0,0,0.0019519429447443489
0,0,0.0019519429447443489
0,0,0.0019519429447443489
0,0,0.0019519429447443489
0,0,0.0019519429447443489
0,0,0.0019519429447443489
0,0,0.0019519429447443489
0,0,0.004845706618962393
0,0,0.1012034372143433
0,0,0.014845706618962392
0,0,0.005285276278077682
0,0,0.005130982897040114
0,0,0.0019519429447443489
0,0,0.0019519429447443489
0,0,0.0019519429447443489
0,0,0.0019519429447443489
0,0,0.0019519429447443489
0,0,0.0019519429447443489
0,0,0.0019519429447443489
0,0,0.0019519429447443489
0,0,0.005130982897040114
0,0,0.03126720667860044
0,0,0.0019519429447443489
0,0,0.008179039952295726
0,0,0.0019519429447443489
0,0,0.005130982897040114
0,0,0.0019519429447443489
0,0,0.004845706618962393
0,0,0.011267206678600442
0,0,0.011267206678600442
0,0,0.00793387334526711
0,0,0.0019519429447443489
0,0,0.0019519429447443489
0,0,0.00499999999999996
0,0,0.00793387334526711
0,0,0.0019519429447443489
0,0,0.004754833392971344
0,0,0.0016666666666666269
0,0,0.004754833392971344
0,0,0.0019519429447443489
0,0,0.0019519429447443489
0,0,0.0019519429447443489
0,0,0.0019519429447443489
0,0,0.0019519429447443489
0,0,0.005130982897040114
0,0,0.0019519429447443489
0,0,0.0019519429447443489
0,0,0.005130982897040114
0,0,0.0019519429447443489
0,0,0.0019519429447443489
0,0,0.0019519429447443489
0,0,0.0019519429447443489
0,0,0.005285276278077682
0,0,0.0019519429447443489
0,0,0.0019519429447443489
0,0,0.0016666666666666269
0,0,0.004845706618962393
0,0,0.0019519429447443489
0,0,0.0019519429447443489
0,0,0.005130982897040114
0,0,0.0019519429447443489
0,0,0.0019519429447443489
0,0,0.04811527048803858
0,0,0.008179039952295726
0,0,0.0019519429447443489
0,0,0.0019519429447443489
0,0,0.0019519429447443489
0,0,0.0019519429447443489
0,0,0.0019519429447443489
0,0,0.0019519429447443489
0,0,0.0016666666666666269
0,0,0.0019519429447443489
0,0,0.0019519429447443489
0,0,0.0019519429447443489
0,0,0.0019519429447443489
0,0,0.0019519429447443489
0,0,0.0019519429447443489
0,0,0.0019519429447443489
0,0,0.0019519429447443489
0,0,0.0019519429447443489
0,0,0.0019519429447443489
0,0,0.0019519429447443489
0,0,0.0019519429447443489
0,0,0.0019519429447443489
0,0,0.0019519429447443489
0,0,0.0019519429447443489
0,0,0.005285276278077682
0,0,0.005130982897040114
0,0,0.005130982897040114
0,0,0.0019519429447443489
0,0,0.0019519429447443489
0,0,0.0019519429447443489
0,0,0.0019519429447443489
0,0,0.0019519429447443489
0,0,0.0019519429447443489
0,0,0.0019519429447443489
0,0,0.0019519429447443489
0,0,0.0019519429447443489
0,0,0.0019519429447443489
0,0,0.0019519429447443489
0,0,0.0019519429447443489
0,0,0.0019519429447443489
0,0,0.0019519429447443489
0,0,0.0019519429447443489
0,0,0.0019519429447443489
0,0,0.0019519429447443489
0,0,0.0019519429447443489
0,0,0.0019519429447443489
0,0,0.0019519429447443489
0,0,0.0019519429447443489
0,0,0.0019519429447443489
0,0,0.0019519429447443489
0,0,0.0019519429447443489
0,0,0.0019519429447443489
0,0,0.0019519429447443489
0,0,0.0019519429447443489
0,0,0.0019519429447443489
0,0,0.0019519429447443489
0,0,0.005130982897040114
0,0,0.005285276278077682
0,0,0.005130982897040114
0,0,0.0019519429447443489
0,0,0.005130982897040114
0,0,0.0019519429447443489
0,0,0.0019519429447443489
0,0,0.0019519429447443489
0,0,0.008464316230373447
0,0,0.004845706618962393
0,0,0.008464316230373447
0,0,0.0019519429447443489
0,0,0.005130982897040114
0,0,0.0019519429447443489
0,0,0.005130982897040114
0,0,0.0016666666666666269
0,0,0.0019519429447443489
0,0,0.004845706618962393
0,0,0.0019519429447443489
0,0,0.0019519429447443489
0,0,0.005130982897040114
0,0,0.0019519429447443489
0,0,0.0019519429447443489
0,0,0.0019519429447443489
0,0,0.0016666666666666269
0,0,0.0019519429447443489
0,0,0.005285276278077682
0,0,0.0019519429447443489
0,0,0.011267206678600442
0,0,0.0019519429447443489
0,0,0.0019519429447443489
0,0,0.0019519429447443489
0,0,0.0019519429447443489
0,0,0.0019519429447443489
0,0,0.00793387334526711
0,0,0.008464316230373447
0,0,0.005130982897040114
0,0,0.005040109671049066
0,0,0.005040109671049066
0,0,0.005040109671049066
0,0,0.005040109671049066
0,0,0.005040109671049066
0,0,0.011640167270907277
0,0,0.005040109671049066
0,0,0.005040109671049066
0,0,0.005040109671049066
0,0,0.011552482956678165
0,0,0.005040109671049066
0,0,0.0019519429447443489
0,0,0.005040109671049066
0,0,0.011267206678600442
0,0,0.005130982897040114
0,0,0.008464316230373447
0,0,0.0019519429447443489
0,0,0.0019519429447443489
0,0,0.005040109671049066
0,0,0.005040109671049066
0,0,0.005040109671049066
0,0,0.005040109671049066
0,0,0.005040109671049066
0,0,0.008373443004382398
0,0,0.005040109671049066
0,0,0.005040109671049066
0,0,0.005040109671049066
0,0,0.005040109671049066
0,0,0.011552482956678165
0,0,0.005040109671049066
0,0,0.0019519429447443489
0,0,0.0019519429447443489
0,0,0.0019519429447443489
0,0,0.004754833392971344
0,0,0.00821914962334483
0,0,0.011552482956678165
0,0,0.011552482956678165
0,0,0.011552482956678165
0,0,0.00821914962334483
0,0,0.00821914962334483
0,0,0.00821914962334483
0,0,0.005040109671049066
0,0,0.008373443004382398
0,0,0.004754833392971344
0,0,0.005040109671049066
0,0,0.005040109671049066
0,0,0.0019519429447443489
0,0,0.011267206678600442
0,0,0.0019519429447443489
0,0,0.0019519429447443489
0,0,0.0019519429447443489
0,0,0.0019519429447443489
0,0,0.0019519429447443489
0,0,0.0019519429447443489
0,0,0.005130982897040114
0,0,0.0019519429447443489
0,0,0.0019519429447443489
0,0,0.0019519429447443489
0,0,0.0019519429447443489
0,0,0.0019519429447443489
0,0,0.0019519429447443489
0,0,0.0019519429447443489
0,0,0.0019519429447443489
0,0,0.0019519429447443489
0,0,0.0019519429447443489
0,0,0.0019519429447443489
0,0,0.0019519429447443489
0,0,0.0019519429447443489
0,0,0.0019519429447443489
0,0,0.0019519429447443489
0,0,0.0019519429447443489
0,0,0.008618609611411017
0,0,0.0019519429447443489
0,0,0.005130982897040114
0,0,0.0019519429447443489
0,0,0.00821914962334483
0,0,0.0019519429447443489
0,0,0.0019519429447443489
0,0,0.005040109671049066
0,0,0.011797649563706781
0,0,0.0019519429447443489
0,0,0.0019519429447443489
0,0,0.0019519429447443489
0,0,0.008464316230373447
0,0,0.008373443004382398
0,0,0.005040109671049066
0,0,0.00821914962334483
0,0,0.008464316230373447
0,0,0.008464316230373447
0,0,0.0019519429447443489
0,0,0.0019519429447443489
0,0,0.0019519429447443489
0,0,0.0019519429447443489
0,0,0.0019519429447443489
0,0,0.0019519429447443489
0,0,0.0019519429447443489
0,0,0.0019519429447443489
0,0,0.008464316230373447
0,0,0.0019519429447443489
0,0,0.008464316230373447
0,0,0.0019519429447443489
0,0,0.0019519429447443489
0,0,0.0019519429447443489
0,0,0.005130982897040114
0,0,0.0019519429447443489
0,0,0.0019519429447443489
0,0,0.0019519429447443489
0,0,0.005130982897040114
0,0,0.0019519429447443489
0,0,0.0019519429447443489
0,0,0.005130982897040114
0,0,0.005130982897040114
0,0,0.0019519429447443489
0,0,0.0019519429447443489
0,0,0.005130982897040114
0,0,0.0019519429447443489
0,0,0.005130982897040114
0,0,0.0019519429447443489
0,0,0.0019519429447443489
0,0,0.0019519429447443489
0,0,0.0019519429447443489
0,0,0.0019519429447443489
0,0,0.0019519429447443489
0,0,0.0019519429447443489
0,0,0.0019519429447443489
0,0,0.0019519429447443489
0,0,0.0019519429447443489
0,0,0.0019519429447443489
0,0,0.0019519429447443489
0,0,0.0019519429447443489
0,0,0.0019519429447443489
0,0,0.0019519429447443489
0,0,0.005130982897040114
0,0,0.0019519429447443489
0,0,0.0019519429447443489
0,0,0.0019519429447443489
0,0,0.0019519429447443489
0,0,0.0019519429447443489
0,0,0.0019519429447443489
0,0,0.0019519429447443489
0,0,0.0019519429447443489
0,0,0.0019519429447443489
0,0,0.0019519429447443489
0,0,0.0019519429447443489
0,0,0.005285276278077683
0,0,0.0019519429447443489
0,0,0.0019519429447443489
0,0,0.0019519429447443489
0,0,0.0019519429447443489
0,0,0.0019519429447443489
0,0,0.0019519429447443489
0,0,0.0019519429447443489
0,0,0.0019519429447443489
0,0,0.0019519429447443489
0,0,0.0019519429447443489
0,0,0.0019519429447443489
0,0,0.0019519429447443489
0,0,0.005130982897040114
0,0,0.005130982897040114
0,0,0.0019519429447443489
0,0,0.005040109671049066
0,0,0.0019519429447443489
0,0,0.0019519429447443489
0,0,0.0019519429447443489
0,0,0.005130982897040114
0,0,0.0019519429447443489
0,0,0.0019519429447443489
0,0,0.0019519429447443489
0,0,0.0019519429447443489
0,0,0.0019519429447443489
0,0,0.0019519429447443489
0,0,0.0019519429447443489
0,0,0.0019519429447443489
0,0,0.0019519429447443489
0,0,0.0019519429447443489
0,0,0.0019519429447443489
0,0,0.0019519429447443489
0,0,0.0019519429447443489
0,0,0.0019519429447443489
0,0,0.0019519429447443489
0,0,0.0019519429447443489
0,0,0.0019519429447443489
0,0,0.005130982897040114
0,0,0.005040109671049066
0,0,0.005040109671049066
0,0,0.00821914962334483
0,0,0.0019519429447443489
0,0,0.0019519429447443489
0,0,0.018618609611411017
0,0,0.0019519429447443489
0,0,0.004754833392971344
0,0,0.0019519429447443489
0,0,0.0019519429447443489
0,0,0.0019519429447443489
0,0,0.0019519429447443489
0,0,0.0019519429447443489
0,0,0.0019519429447443489
0,0,0.0019519429447443489
0,0,0.0019519429447443489
0,0,0.0019519429447443489
0,0,0.0019519429447443489
0,0,0.0019519429447443489
0,0,0.0019519429447443489
0,0,0.0019519429447443489
0,0,0.0019519429447443489
0,0,0.0019519429447443489
0,0,0.0019519429447443489
0,0,0.0019519429447443489
0,0,0.005285276278077683
0,0,0.0019519429447443489
0,0,0.0019519429447443489
0,0,0.0019519429447443489
0,0,0.0019519429447443489
0,0,0.0019519429447443489
0,0,0.0019519429447443489
0,0,0.0019519429447443489
0,0,0.0019519429447443489
0,0,0.0019519429447443489
0,0,0.0019519429447443489
0,0,0.0019519429447443489
0,0,0.0019519429447443489
0,0,0.0019519429447443489
0,0,0.0019519429447443489
0,0,0.0019519429447443489
0,0,0.008618609611411017
0,0,0.0019519429447443489
0,0,0.0019519429447443489
0,0,0.0019519429447443489
0,0,0.0019519429447443489
0,0,0.0019519429447443489
0,0,0.0019519429447443489
0,0,0.004845706618962393
0,0,0.0019519429447443489
0,0,0.0019519429447443489
0,0,0.0019519429447443489
0,0,0.0019519429447443489
0,0,0.0019519429447443489
0,0,0.0019519429447443489
0,0,0.0019519429447443489
0,0,0.0019519429447443489
0,0,0.0019519429447443489
0,0,0.0019519429447443489
0,0,0.0019519429447443489
0,0,0.0019519429447443489
0,0,0.0019519429447443489
0,0,0.0019519429447443489
0,0,0.0019519429447443489
0,0,0.005130982897040114
0,0,0.008464316230373447
0,0,0.008618609611411017
0,0,0.0019519429447443489
0,0,0.0019519429447443489
0,0,0.0019519429447443489
0,0,0.0019519429447443489
0,0,0.0019519429447443489
0,0,0.0019519429447443489
0,0,0.0019519429447443489
0,0,0.0019519429447443489
0,0,0.0019519429447443489
0,0,0.005040109671049066
0,0,0.0019519429447443489
0,0,0.0019519429447443489
0,0,0.0019519429447443489
0,0,0.005040109671049066
0,0,0.004754833392971344
0,0,0.005040109671049066
0,0,0.0019519429447443489
0,0,0.005040109671049066
0,0,0.0019519429447443489
0,0,0.0019519429447443489
0,0,0.0019519429447443489
0,0,0.0019519429447443489
0,0,0.005285276278077683
0,0,0.0019519429447443489
0,0,0.0019519429447443489
0,0,0.008464316230373447
0,0,0.0019519429447443489
0,0,0.005130982897040114
0,0,0.0019519429447443489
0,0,0.0019519429447443489
0,0,0.005130982897040114
0,0,0.0019519429447443489
0,0,0.0019519429447443489
0,0,0.0019519429447443489
0,0,0.0019519429447443489
0,0,0.0019519429447443489
0,0,0.0019519429447443489
0,0,0.0019519429447443489
0,0,0.0019519429447443489
0,0,0.0019519429447443489
0,0,0.0019519429447443489
0,0,0.0019519429447443489
0,0,0.0019519429447443489
0,0,0.0019519429447443489
0,0,0.0019519429447443489
0,0,0.0019519429447443489
0,0,0.0019519429447443489
0,0,0.0019519429447443489
0,0,0.0019519429447443489
0,0,0.0019519429447443489
0,0,0.0019519429447443489
0,0,0.0019519429447443489
0,0,0.005040109671049066
0,0,0.0019519429447443489
0,0,0.0019519429447443489
0,0,0.0019519429447443489
0,0,0.0019519429447443489
0,0,0.0019519429447443489
0,0,0.0019519429447443489
0,0,0.0019519429447443489
0,0,0.0019519429447443489
0,0,0.0019519429447443489
0,0,0.0019519429447443489
0,0,0.0019519429447443489
0,0,0.0019519429447443489
0,0,0.0019519429447443489
0,0,0.0019519429447443489
0,0,0.0019519429447443489
0,0,0.0019519429447443489
0,0,0.0019519429447443489
0,0,0.0019519429447443489
0,0,0.0019519429447443489
0,0,0.0019519429447443489
0,0,0.0019519429447443489
0,0,0.0019519429447443489
0,0,0.0019519429447443489
0,0,0.0019519429447443489
0,0,0.0019519429447443489
0,0,0.0019519429447443489
0,0,0.0019519429447443489
0,0,0.0019519429447443489
0,0,0.005130982897040114
0,0,0.0019519429447443489
0,0,0.0019519429447443489
0,0,0.0019519429447443489
0,0,0.0019519429447443489
0,0,0.0019519429447443489
0,0,0.0019519429447443489
0,0,0.0019519429447443489
0,0,0.0019519429447443489
0,0,0.0019519429447443489
0,0,0.0019519429447443489
0,0,0.0019519429447443489
0,0,0.0019519429447443489
0,0,0.0019519429447443489
0,0,0.0019519429447443489
0,0,0.0019519429447443489
0,0,0.0019519429447443489
0,0,0.004754833392971344
0,0,0.004754833392971344
0,0,0.0019519429447443489
0,0,0.005285276278077683
0,0,0.0019519429447443489
0,0,0.005040109671049066
0,0,0.0019519429447443489
0,0,0.0019519429447443489
0,0,0.0019519429447443489
0,0,0.0019519429447443489
0,0,0.0019519429447443489
0,0,0.0019519429447443489
0,0,0.005040109671049066
0,0,0.0019519429447443489
0,0,0.0019519429447443489
0,0,0.0019519429447443489
0,0,0.0019519429447443489
0,0,0.0019519429447443489
0,0,0.0019519429447443489
0,0,0.0019519429447443489
0,0,0.0019519429447443489
0,0,0.0019519429447443489
0,0,0.0019519429447443489
0,0,0.0019519429447443489
0,0,0.00821914962334483
0,0,0.011552482956678165
0,0,0.0019519429447443489
0,0,0.002243310181446155
0,0,0.008909976848112823
0,0,0.13189031149793082
0,0,0.1546478954694123
0,0,0.02557664351477949
0,0,0.022243310181446152
0,0,0.011931996846117447
0,0,0.13221243168831662
0,0,0.008909976848112821
0,0,0.002243310181446155
0,0,0.005576643514779488
0,0,0.002243310181446155
0,0,0.008909976848112821
0,0,0.002243310181446155
0,0,0.002243310181446155
0,0,0.008909976848112821
0,0,0.002243310181446155
0,0,0.002243310181446155
0,0,0.002243310181446155
0,0,0.002243310181446155
0,0,0.002243310181446155
0,0,0.002243310181446155
0,0,0.002243310181446155
0,0,0.002243310181446155
0,0,0.002243310181446155
0,0,0.002243310181446155
0,0,0.002243310181446155
0,0,0.002243310181446155
0,0,0.002243310181446155
0,0,0.002243310181446155
0,0,0.002243310181446155
0,0,0.002243310181446155
0,0,0.002243310181446155
0,0,0.002243310181446155
0,0,0.002243310181446155
0,0,0.002243310181446155
0,0,0.002243310181446155
0,0,0.002243310181446155
0,0,0.002243310181446155
0,0,0.002243310181446155
0,0,0.002243310181446155
0,0,0.002243310181446155
0,0,0.002243310181446155
0,0,0.002243310181446155
0,0,0.002243310181446155
0,0,0.002243310181446155
0,0,0.002243310181446155
0,0,0.002243310181446155
0,0,0.002243310181446155
0,0,0.002243310181446155
0,0,0.002243310181446155
0,0,0.002243310181446155
0,0,0.002243310181446155
0,0,0.002243310181446155
0,0,0.002243310181446155
0,0,0.002243310181446155
0,0,0.002243310181446155
0,0,0.002243310181446155
0,0,0.002243310181446155
0,0,0.002243310181446155
0,0,0.002243310181446155
0,0,0.002243310181446155
0,0,0.002243310181446155
0,0,0.002243310181446155
0,0,0.002243310181446155
0,0,0.002243310181446155
0,0,0.002243310181446155
0,0,0.002243310181446155
0,0,0.002243310181446155
0,0,0.002243310181446155
0,0,0.002243310181446155
0,0,0.002243310181446155
0,0,0.002243310181446155
0,0,0.002243310181446155
0,0,0.002243310181446155
0,0,0.002243310181446155
0,0,0.002243310181446155
0,0,0.002243310181446155
0,0,0.002243310181446155
0,0,0.002243310181446155
0,0,0.002243310181446155
0,0,0.002243310181446155
0,0,0.002243310181446155
0,0,0.002243310181446155
0,0,0.002243310181446155
0,0,0.002243310181446155
0,0,0.002243310181446155
0,0,0.002243310181446155
0,0,0.002243310181446155
0,0,0.002243310181446155
0,0,0.002243310181446155
0,0,0.002243310181446155
0,0,0.002243310181446155
0,0,0.002243310181446155
0,0,0.002243310181446155
0,0,0.002243310181446155
0,0,0.002243310181446155
0,0,0.002243310181446155
0,0,0.002243310181446155
0,0,0.09221243168831661
0,0,0.11128278949002175
0,0,0.005576643514779488
0,0,0.0016666666666666494
0,0,0.002243310181446155
0,0,0.002243310181446155
0,0,0.002243310181446155
0,0,0.002243310181446155
0,0,0.002243310181446155
0,0,0.008909976848112821
0,0,0.002243310181446155
0,0,0.002243310181446155
0,0,0.002243310181446155
0,0,0.002243310181446155
0,0,0.002243310181446155
0,0,0.002243310181446155
0,0,0.002243310181446155
0,0,0.002243310181446155
0,0,0.002243310181446155
0,0,0.002243310181446155
0,0,0.002243310181446155
0,0,0.002243310181446155
0,0,0.002243310181446155
0,0,0.002243310181446155
0,0,0.002243310181446155
0,0,0.002243310181446155
0,0,0.002243310181446155
0,0,0.002243310181446155
0,0,0.002243310181446155
0,0,0.002243310181446155
0,0,0.002243310181446155
0,0,0.002243310181446155
0,0,0.002243310181446155
0,0,0.002243310181446155
0,0,0.002243310181446155
0,0,0.002243310181446155
0,0,0.002243310181446155
0,0,0.002243310181446155
0,0,0.002243310181446155
0,0,0.002243310181446155
0,0,0.002243310181446155
0,0,0.002243310181446155
0,0,0.002243310181446155
0,0,0.002243310181446155
0,0,0.002243310181446155
0,0,0.002243310181446155
0,0,0.002243310181446155
0,0,0.002243310181446155
0,0,0.002243310181446155
0,0,0.002243310181446155
0,0,0.002243310181446155
0,0,0.002243310181446155
0,0,0.002243310181446155
0,0,0.002243310181446155
0,0,0.002243310181446155
0,0,0.002243310181446155
0,0,0.002243310181446155
0,0,0.002243310181446155
0,0,0.002243310181446155
0,0,0.002243310181446155
0,0,0.002243310181446155
0,0,0.002243310181446155
0,0,0.002243310181446155
0,0,0.002243310181446155
0,0,0.002243310181446155
0,0,0.002243310181446155
0,0,0.002243310181446155
0,0,0.002243310181446155
0,0,0.002243310181446155
0,0,0.002243310181446155
0,0,0.002243310181446155
0,0,0.002243310181446155
0,0,0.012243310181446154
0,0,0.0016666666666666494
0,0,0.008909976848112823
0,0,0.002243310181446155
0,0,0.002243310181446155
0,0,0.002243310181446155
0,0,0.004999999999999983
0,0,0.002243310181446155
0,0,0.02496912150687045
0,0,0.002243310181446155
0,0,0.002243310181446155
0,0,0.0016666666666666494
0,0,0.005576643514779488
0,0,0.01890997684811282
0,0,0.04132358068528075
0,0,0.005576643514779488
0,0,0.002243310181446155
0,0,0.018302454840203777
0,0,0.002243310181446155
0,0,0.01830245484020378
0,0,0.008333333333333316
0,0,0.002243310181446155
0,0,0.005576643514779488
0,0,0.021635788173537115
0,0,0.002243310181446155
0,0,0.002243310181446155
0,0,0.002243310181446155
0,0,0.002243310181446155
0,0,0.002243310181446155
0,0,0.002243310181446155
0,0,0.002243310181446155
0,0,0.002243310181446155
0,0,0.002243310181446155
0,0,0.002243310181446155
0,0,0.002243310181446155
0,0,0.002243310181446155
0,0,0.002243310181446155
0,0,0.002243310181446155
0,0,0.002243310181446155
0,0,0.002243310181446155
0,0,0.002243310181446155
0,0,0.002243310181446155
0,0,0.002243310181446155
0,0,0.002243310181446155
0,0,0.002243310181446155
0,0,0.002243310181446155
0,0,0.002243310181446155
0,0,0.002243310181446155
0,0,0.002243310181446155
0,0,0.002243310181446155
0,0,0.002243310181446155
0,0,0.002243310181446155
0,0,0.002243310181446155
0,0,0.002243310181446155
0,0,0.002243310181446155
0,0,0.002243310181446155
0,0,0.002243310181446155
0,0,0.002243310181446155
0,0,0.002243310181446155
0,0,0.002243310181446155
0,0,0.002243310181446155
0,0,0.002243310181446155
0,0,0.002243310181446155
0,0,0.002243310181446155
0,0,0.002243310181446155
0,0,0.002243310181446155
0,0,0.002243310181446155
0,0,0.002243310181446155
0,0,0.002243310181446155
0,0,0.002243310181446155
0,0,0.002243310181446155
0,0,0.002243310181446155
0,0,0.002243310181446155
0,0,0.002243310181446155
0,0,0.002243310181446155
0,0,0.002243310181446155
0,0,0.002243310181446155
0,0,0.002243310181446155
0,0,0.002243310181446155
0,0,0.002243310181446155
0,0,0.002243310181446155
0,0,0.002243310181446155
0,0,0.005576643514779488
0,0,0.004999999999999983
0,0,0.002243310181446155
0,0,0.002243310181446155
0,0,0.002243310181446155
0,0,0.002243310181446155
0,0,0.002243310181446155
0,0,0.002243310181446155
0,0,0.002243310181446155
0,0,0.002243310181446155
0,0,0.005576643514779488
0,0,0.002243310181446155
0,0,0.002243310181446155
0,0,0.002243310181446155
0,0,0.002243310181446155
0,0,0.002243310181446155
0,0,0.005576643514779488
0,0,0.002243310181446155
0,0,0.002243310181446155
0,0,0.002243310181446155
0,0,0.002243310181446155
0,0,0.002243310181446155
0,0,0.002243310181446155
0,0,0.002243310181446155
0,0,0.002243310181446155
0,0,0.002243310181446155
0,0,0.002243310181446155
0,0,0.002243310181446155
0,0,0.002243310181446155
0,0,0.002243310181446155
0,0,0.002243310181446155
0,0,0.002243310181446155
0,0,0.002243310181446155
0,0,0.002243310181446155
0,0,0.002243310181446155
0,0,0.002243310181446155
0,0,0.012243310181446155
0,0,0.002243310181446155
0,0,0.002243310181446155
0,0,0.002243310181446155
0,0,0.002243310181446155
0,0,0.002243310181446155
0,0,0.002243310181446155
0,0,0.002243310181446155
0,0,0.002243310181446155
0,0,0.002243310181446155
0,0,0.002243310181446155
0,0,0.002243310181446155
0,0,0.002243310181446155
0,0,0.002243310181446155
0,0,0.002243310181446155
0,0,0.002243310181446155
0,0,0.002243310181446155
0,0,0.002243310181446155
0,0,0.002243310181446155
0,0,0.002243310181446155
0,0,0.002243310181446155
0,0,0.002243310181446155
0,0,0.002243310181446155
0,0,0.002243310181446155
0,0,0.002243310181446155
0,0,0.002243310181446155
0,0,0.002243310181446155
0,0,0.002243310181446155
0,0,0.002243310181446155
0,0,0.002243310181446155
0,0,0.002243310181446155
0,0,0.002243310181446155
0,0,0.002243310181446155
0,0,0.002243310181446155
0,0,0.002243310181446155
0,0,0.002243310181446155
0,0,0.002243310181446155
0,0,0.002243310181446155
0,0,0.002243310181446155
0,0,0.002243310181446155
0,0,0.002243310181446155
0,0,0.002243310181446155
0,0,0.002243310181446155
0,0,0.002243310181446155
0,0,0.002243310181446155
0,0,0.002243310181446155
0,0,0.002243310181446155
0,0,0.002243310181446155
0,0,0.002243310181446155
0,0,0.002243310181446155
0,0,0.002243310181446155
0,0,0.002243310181446155
0,0,0.002243310181446155
0,0,0.002243310181446155
0,0,0.002243310181446155
0,0,0.002243310181446155
0,0,0.002243310181446155
0,0,0.002243310181446155
0,0,0.002243310181446155
0,0,0.002243310181446155
0,0,0.002243310181446155
0,0,0.002243310181446155
0,0,0.002243310181446155
0,0,0.008909976848112821
0,0,0.002243310181446155
0,0,0.002243310181446155
0,0,0.002243310181446155
0,0,0.002243310181446155
0,0,0.002243310181446155
0,0,0.002243310181446155
0,0,0.002243310181446155
0,0,0.002243310181446155
0,0,0.002243310181446155
0,0,0.002243310181446155
0,0,0.002243310181446155
0,0,0.002243310181446155
0,0,0.002243310181446155
0,0,0.002243310181446155
0,0,0.002243310181446155
0,0,0.002243310181446155
0,0,0.002243310181446155
0,0,0.005576643514779488
0,0,0.02557664351477949
0,0,0.002243310181446155
0,0,0.002243310181446155
0,0,0.002243310181446155
0,0,0.002243310181446155
0,0,0.002243310181446155
0,0,0.002243310181446155
0,0,0.002243310181446155
0,0,0.002243310181446155
0,0,0.002243310181446155
0,0,0.002243310181446155
0,0,0.002243310181446155
0,0,0.002243310181446155
0,0,0.002243310181446155
0,0,0.002243310181446155
0,0,0.002243310181446155
0,0,0.002243310181446155
0,0,0.002243310181446155
0,0,0.008196408529741843
0,0,0.12131474662029632
0,0,0.20128278949002176
0,0,0.002243310181446155
0,0,0.0785269938243956
0,0,0.015576643514779486
0,0,0.002243310181446155
1,0,0.23855787231752515
1,0,0.451314562136079
1,0,0.2851767540286533
1,1,0.6213136679831514
1,1,0.628526099671468
1,0,0.4812730612721097
1,0,0.1851927663381346
1,1,0.7218425265423923
1,0,0.4746082460080184
1,0,0.4985409658551161
0,0,0.4918594330048013
0,0,0.13798122880274563
0,0,0.19798122880274563
0,0,0.32794062209170405
0,0,0.35128368364294943
0,0,0.3979503503096161
0,0,0.49794945615668845
0,1,0.637970606431906
0,0,0.3413048339181669
0,0,0.3812739554250374
0,0,0.4346470013164846
0,0,0.03859866351278412
0,0,0.2785269938243956
0,0,0.10855787231752513
0,1,0.591269774708949
0,0,0.012243310181446155
0,0,0.16519366049106227
0,0,0.29797150058483357
0,0,0.30517675402865324
0,0,0.2018912056508585
0,0,0.002243310181446155
0,0,0.02526533017945078
0,0,0.028735588316375585
0,0,0.002243310181446155
0,0,0.005576643514779488
0,0,0.015576643514779486
0,0,0.012243310181446154
0,0,0.048598663512784114
0,0,0.002243310181446155
0,0,0.002243310181446155
0,0,0.002243310181446155
0,0,0.008909976848112821
0,0,0.002243310181446155
0,0,0.03193199684611745
0,0,0.03132447483820841
0,0,0.002243310181446155
0,0,0.002243310181446155
0,0,0.002243310181446155
0,0,0.002243310181446155
0,0,0.002243310181446155
0,0,0.002243310181446155
0,0,0.002243310181446155
0,0,0.015576643514779486
0,0,0.2846478954694123
0,0,0.048598663512784114
0,0,0.002243310181446155
0,0,0.22798122880274566
0,0,0.002243310181446155
0,0,0.002243310181446155
0,0,0.002243310181446155
0,0,0.002243310181446155
0,0,0.002243310181446155
0,0,0.002243310181446155
0,0,0.002243310181446155
0,0,0.002243310181446155
0,0,0.002243310181446155
0,0,0.03887909835498329
0,0,0.008909976848112821
0,0,0.005576643514779488
0,0,0.002243310181446155
0,0,0.002243310181446155
0,0,0.002243310181446155
0,0,0.002243310181446155
0,0,0.008909976848112823
0,0,0.01526533017945078
0,0,0.022243310181446155
0,0,0.018909976848112818
0,0,0.002243310181446155
0,0,0.38795035030961617
0,0,0.1385269938243956
0,0,0.04222640371903716
0,0,0.021901118352987914
0,0,0.025402254983042254
0,0,0.002243310181446155
0,0,0.002243310181446155
0,0,0.002243310181446155
0,0,0.002243310181446155
0,0,0.002243310181446155
0,0,0.018909976848112818
0,0,0.002243310181446155
0,0,0.005576643514779488
0,0,0.002243310181446155
0,0,0.002243310181446155
0,0,0.008909976848112823
0,0,0.002243310181446155
0,0,0.002243310181446155
0,0,0.002243310181446155
0,0,0.002243310181446155
0,0,0.002243310181446155
0,0,0.002243310181446155
0,0,0.002243310181446155
0,0,0.002243310181446155
0,0,0.002243310181446155
0,0,0.008909976848112823
0,0,0.005576643514779488
0,0,0.005576643514779488
0,0,0.04557664351477949
0,0,0.25798122880274565
0,0,0.0016666666666666494
0,0,0.002243310181446155
0,0,0.002243310181446155
0,0,0.002243310181446155
0,0,0.002243310181446155
0,0,0.002243310181446155
0,0,0.002243310181446155
0,0,0.002243310181446155
0,0,0.002243310181446155
0,0,0.002243310181446155
0,0,0.002243310181446155
0,0,0.002243310181446155
0,0,0.002243310181446155
0,0,0.002243310181446155
0,0,0.002243310181446155
0,0,0.002243310181446155
0,0,0.002243310181446155
0,0,0.002243310181446155
0,0,0.002243310181446155
0,0,0.002243310181446155
0,0,0.022243310181446155
0,0,0.002243310181446155
0,0,0.002243310181446155
0,0,0.002243310181446155
0,0,0.002243310181446155
0,0,0.002243310181446155
0,0,0.002243310181446155
0,0,0.002243310181446155
0,0,0.002243310181446155
0,0,0.002243310181446155
0,0,0.002243310181446155
0,0,0.002243310181446155
0,0,0.002243310181446155
0,0,0.002243310181446155
0,0,0.002243310181446155
0,0,0.002243310181446155
0,0,0.002243310181446155
0,0,0.002243310181446155
0,0,0.002243310181446155
0,0,0.002243310181446155
0,0,0.002243310181446155
0,0,0.002243310181446155
0,0,0.002243310181446155
0,0,0.002243310181446155
0,0,0.002243310181446155
0,0,0.002243310181446155
0,0,0.002243310181446155
0,0,0.002243310181446155
0,0,0.002243310181446155
0,0,0.002243310181446155
0,0,0.002243310181446155
0,0,0.002243310181446155
0,0,0.002243310181446155
0,0,0.002243310181446155
0,0,0.002243310181446155
0,0,0.002243310181446155
0,0,0.002243310181446155
0,0,0.002243310181446155
0,0,0.002243310181446155
0,0,0.002243310181446155
0,0,0.002243310181446155
0,0,0.002243310181446155
0,0,0.002243310181446155
0,0,0.002243310181446155
0,0,0.002243310181446155
0,0,0.002243310181446155
0,0,0.002243310181446155
0,0,0.002243310181446155
0,0,0.002243310181446155
0,0,0.002243310181446155
0,0,0.002243310181446155
0,0,0.002243310181446155
0,0,0.002243310181446155
0,0,0.002243310181446155
0,0,0.002243310181446155
0,0,0.002243310181446155
0,0,0.002243310181446155
0,0,0.002243310181446155
0,0,0.002243310181446155
0,0,0.002243310181446155
0,0,0.002243310181446155
0,0,0.002243310181446155
0,0,0.002243310181446155
0,0,0.002243310181446155
0,0,0.002243310181446155
0,0,0.002243310181446155
0,0,0.002243310181446155
0,0,0.002243310181446155
0,0,0.002243310181446155
0,0,0.002243310181446155
0,0,0.002243310181446155
0,0,0.002243310181446155
0,0,0.002243310181446155
0,0,0.002243310181446155
0,0,0.002243310181446155
0,0,0.002243310181446155
0,0,0.002243310181446155
0,0,0.002243310181446155
0,0,0.002243310181446155
0,0,0.002243310181446155
0,0,0.002243310181446155
0,0,0.002243310181446155
0,0,0.002243310181446155
0,0,0.002243310181446155
0,0,0.002243310181446155
0,0,0.002243310181446155
0,0,0.002243310181446155
0,0,0.002243310181446155
0,0,0.002243310181446155
0,0,0.002243310181446155
0,0,0.002243310181446155
0,0,0.002243310181446155
0,0,0.002243310181446155
0,0,0.002243310181446155
0,0,0.002243310181446155
0,0,0.002243310181446155
0,0,0.002243310181446155
0,0,0.002243310181446155
0,0,0.002243310181446155
0,0,0.002243310181446155
0,0,0.002243310181446155
0,0,0.002243310181446155
0,0,0.002243310181446155
0,0,0.002243310181446155
0,0,0.002243310181446155
0,0,0.002243310181446155
0,0,0.002243310181446155
0,0,0.002243310181446155
0,0,0.002243310181446155
0,0,0.002243310181446155
0,0,0.002243310181446155
0,0,0.002243310181446155
0,0,0.002243310181446155
0,0,0.002243310181446155
0,0,0.002243310181446155
0,0,0.002243310181446155
0,0,0.005576643514779488
0,0,0.002243310181446155
0,0,0.002243310181446155
0,0,0.002243310181446155
0,0,0.002243310181446155
0,0,0.002243310181446155
0,0,0.002243310181446155
0,0,0.002243310181446155
0,0,0.002243310181446155
0,0,0.002243310181446155
0,0,0.002243310181446155
0,0,0.002243310181446155
0,0,0.002243310181446155
0,0,0.002243310181446155
0,0,0.002243310181446155
0,0,0.002243310181446155
0,0,0.002243310181446155
0,0,0.002243310181446155
0,0,0.002243310181446155
0,0,0.002243310181446155
0,0,0.002243310181446155
0,0,0.005576643514779488
0,0,0.002243310181446155
0,0,0.002243310181446155
0,0,0.002243310181446155
0,0,0.002243310181446155
0,0,0.004999999999999983
0,0,0.002243310181446155
0,0,0.002243310181446155
0,0,0.002243310181446155
0,0,0.002243310181446155
0,0,0.002243310181446155
0,0,0.002243310181446155
0,0,0.002243310181446155
0,0,0.002243310181446155
0,0,0.002243310181446155
0,0,0.002243310181446155
0,0,0.002243310181446155
0,0,0.002243310181446155
0,0,0.002243310181446155
0,0,0.002243310181446155
0,0,0.002243310181446155
0,0,0.002243310181446155
0,0,0.002243310181446155
0,0,0.002243310181446155
0,0,0.002243310181446155
0,0,0.002243310181446155
0,0,0.002243310181446155
0,0,0.002243310181446155
0,0,0.002243310181446155
0,0,0.002243310181446155
0,0,0.002243310181446155
0,0,0.002243310181446155
0,0,0.002243310181446155
0,0,0.002243310181446155
0,0,0.002243310181446155
0,0,0.002243310181446155
0,0,0.002243310181446155
0,0,0.002243310181446155
0,0,0.002243310181446155
0,0,0.002243310181446155
0,0,0.002243310181446155
0,0,0.002243310181446155
0,0,0.002243310181446155
0,0,0.002243310181446155
0,0,0.002243310181446155
0,0,0.002243310181446155
0,0,0.002243310181446155
0,0,0.002243310181446155
0,0,0.002243310181446155
0,0,0.002243310181446155
0,0,0.002243310181446155
0,0,0.002243310181446155
0,0,0.002243310181446155
0,0,0.002243310181446155
0,0,0.002243310181446155
0,0,0.002243310181446155
0,0,0.002243310181446155
0,0,0.002243310181446155
0,0,0.0026329775255596664
0,0,0.0026329775255596664
0,0,0.0026329775255596664
0,0,0.009299644192226331
0,0,0.0026329775255596664
0,0,0.0026329775255596664
0,0,0.0026329775255596664
0,0,0.0026329775255596664
0,0,0.0026329775255596664
0,0,0.0026329775255596664
0,0,0.0026329775255596664
0,0,0.0026329775255596664
0,0,0.0026329775255596664
0,0,0.0026329775255596664
0,0,0.0026329775255596664
0,0,0.0026329775255596664
0,0,0.0026329775255596664
0,0,0.0026329775255596664
0,0,0.0026329775255596664
0,0,0.0026329775255596664
0,0,0.0026329775255596664
0,0,0.0026329775255596664
0,0,0.0026329775255596664
0,0,0.0026329775255596664
0,0,0.0026329775255596664
0,0,0.009299644192226331
0,0,0.0026329775255596664
0,0,0.03580090826964651
0,0,0.0026329775255596664
0,0,0.0026329775255596664
0,0,0.0026329775255596664
0,0,0.0026329775255596664
0,0,0.0026329775255596664
0,0,0.0026329775255596664
0,0,0.0026329775255596664
0,0,0.0026329775255596664
0,0,0.0026329775255596664
0,0,0.0026329775255596664
0,0,0.0026329775255596664
0,0,0.004909889444192078
0,0,0.009299644192226331
0,0,0.0026329775255596664
0,0,0.0026329775255596664
0,0,0.0026329775255596664
0,0,0.0026329775255596664
0,0,0.0026329775255596664
0,0,0.0026329775255596664
0,0,0.0026329775255596664
0,0,0.0026329775255596664
0,0,0.0026329775255596664
0,0,0.0026329775255596664
0,0,0.0026329775255596664
0,0,0.0026329775255596664
0,0,0.0026329775255596664
0,0,0.0026329775255596664
0,0,0.0026329775255596664
0,0,0.0026329775255596664
0,0,0.0026329775255596664
0,0,0.0026329775255596664
0,0,0.0026329775255596664
0,0,0.0026329775255596664
0,0,0.0026329775255596664
0,0,0.0026329775255596664
0,0,0.0026329775255596664
0,0,0.0026329775255596664
0,0,0.0026329775255596664
0,0,0.0026329775255596664
0,0,0.0026329775255596664
0,0,0.0026329775255596664
0,0,0.0026329775255596664
0,0,0.0026329775255596664
0,0,0.0026329775255596664
0,0,0.0026329775255596664
0,0,0.0026329775255596664
0,0,0.0026329775255596664
0,0,0.0026329775255596664
0,0,0.0026329775255596664
0,0,0.0026329775255596664
0,0,0.0026329775255596664
0,0,0.0026329775255596664
0,0,0.0026329775255596664
0,0,0.0026329775255596664
0,0,0.0026329775255596664
0,0,0.0026329775255596664
0,0,0.0026329775255596664
0,0,0.0026329775255596664
0,0,0.0026329775255596664
0,0,0.0026329775255596664
0,0,0.0026329775255596664
0,0,0.0026329775255596664
0,0,0.0026329775255596664
0,0,0.0026329775255596664
0,0,0.0026329775255596664
0,0,0.0026329775255596664
0,0,0.0026329775255596664
0,0,0.0026329775255596664
0,0,0.0026329775255596664
0,0,0.0026329775255596664
0,0,0.0026329775255596664
0,0,0.0026329775255596664
0,0,0.0026329775255596664
0,0,0.0026329775255596664
0,0,0.0026329775255596664
0,0,0.0026329775255596664
0,0,0.0026329775255596664
0,0,0.0026329775255596664
0,0,0.0026329775255596664
0,0,0.0026329775255596664
0,0,0.0026329775255596664
0,0,0.0026329775255596664
0,0,0.0026329775255596664
0,0,0.0026329775255596664
0,0,0.0026329775255596664
0,0,0.0026329775255596664
0,0,0.005966310858892999
0,0,0.05824322277752541
0,0,0.05483459741075356
0,0,0.0026329775255596664
0,0,0.0026329775255596664
0,0,0.0026329775255596664
0,0,0.0026329775255596664
0,0,0.0026329775255596664
0,0,0.0026329775255596664
0,0,0.0026329775255596664
0,0,0.0026329775255596664
0,0,0.0026329775255596664
0,0,0.0026329775255596664
0,0,0.0026329775255596664
0,0,0.0026329775255596664
0,0,0.0026329775255596664
0,0,0.0026329775255596664
0,0,0.0026329775255596664
0,0,0.0026329775255596664
0,0,0.0026329775255596664
0,0,0.0026329775255596664
0,0,0.0026329775255596664
0,0,0.0026329775255596664
0,0,0.0026329775255596664
0,0,0.0026329775255596664
0,0,0.0026329775255596664
0,0,0.0026329775255596664
0,0,0.0026329775255596664
0,0,0.0026329775255596664
0,0,0.0026329775255596664
0,0,0.0026329775255596664
0,0,0.0026329775255596664
0,0,0.0026329775255596664
0,0,0.0026329775255596664
0,0,0.0026329775255596664
0,0,0.0026329775255596664
0,0,0.0026329775255596664
0,0,0.0026329775255596664
0,0,0.0026329775255596664
0,0,0.0026329775255596664
0,0,0.0026329775255596664
0,0,0.0026329775255596664
0,0,0.0026329775255596664
0,0,0.0026329775255596664
0,0,0.0026329775255596664
0,0,0.0026329775255596664
0,0,0.0026329775255596664
0,0,0.0026329775255596664
0,0,0.0026329775255596664
0,0,0.0026329775255596664
0,0,0.0026329775255596664
0,0,0.0026329775255596664
0,0,0.0026329775255596664
0,0,0.0026329775255596664
0,0,0.0026329775255596664
0,0,0.0026329775255596664
0,0,0.0026329775255596664
0,0,0.0026329775255596664
0,0,0.0026329775255596664
0,0,0.0026329775255596664
0,0,0.0026329775255596664
0,0,0.0026329775255596664
0,0,0.0026329775255596664
0,0,0.0026329775255596664
0,0,0.0026329775255596664
0,0,0.0026329775255596664
0,0,0.0026329775255596664
0,0,0.0026329775255596664
0,0,0.0026329775255596664
0,0,0.0026329775255596664
0,0,0.0026329775255596664
0,0,0.0026329775255596664
0,0,0.0026329775255596664
0,0,0.0026329775255596664
0,0,0.0026329775255596664
0,0,0.0026329775255596664
0,0,0.0026329775255596664
0,0,0.0026329775255596664
0,0,0.0026329775255596664
0,0,0.0026329775255596664
0,0,0.0026329775255596664
0,0,0.0026329775255596664
0,0,0.0026329775255596664
0,0,0.0026329775255596664
0,0,0.0026329775255596664
0,0,0.0026329775255596664
0,0,0.0026329775255596664
0,0,0.0026329775255596664
0,0,0.0026329775255596664
0,0,0.0026329775255596664
0,0,0.009299644192226331
0,0,0.0026329775255596664
0,0,0.0026329775255596664
0,0,0.0026329775255596664
0,0,0.0026329775255596664
0,0,0.0026329775255596664
0,0,0.0026329775255596664
0,0,0.0026329775255596664
0,0,0.0026329775255596664
0,0,0.0026329775255596664
0,0,0.0026329775255596664
0,0,0.0026329775255596664
0,0,0.0026329775255596664
0,0,0.005966310858892999
0,0,0.0026329775255596664
0,0,0.0026329775255596664
0,0,0.0026329775255596664
0,0,0.0026329775255596664
0,0,0.0026329775255596664
0,0,0.0026329775255596664
0,0,0.009299644192226331
0,0,0.0026329775255596664
0,0,0.0026329775255596664
0,0,0.0026329775255596664
0,0,0.0026329775255596664
0,0,0.0026329775255596664
0,0,0.0026329775255596664
0,0,0.0026329775255596664
0,0,0.0026329775255596664
0,0,0.0026329775255596664
0,0,0.009299644192226331
0,0,0.0026329775255596664
0,0,0.005966310858892999
0,0,0.0026329775255596664
0,0,0.0026329775255596664
0,0,0.0026329775255596664
0,0,0.0026329775255596664
0,0,0.0026329775255596664
0,0,0.0026329775255596664
0,0,0.0026329775255596664
0,0,0.0026329775255596664
0,0,0.0026329775255596664
0,0,0.0026329775255596664
0,0,0.0026329775255596664
0,0,0.0026329775255596664
0,0,0.0026329775255596664
0,0,0.0026329775255596664
0,0,0.0026329775255596664
0,0,0.0026329775255596664
0,0,0.0026329775255596664
0,0,0.0026329775255596664
0,0,0.0026329775255596664
0,0,0.0026329775255596664
0,0,0.005966310858892999
0,0,0.0026329775255596664
0,0,0.0026329775255596664
0,0,0.0026329775255596664
0,0,0.0026329775255596664
0,0,0.0026329775255596664
0,0,0.0026329775255596664
0,0,0.0026329775255596664
0,0,0.0026329775255596664
0,0,0.0026329775255596664
0,0,0.005966310858893
0,0,0.0026329775255596664
0,0,0.0026329775255596664
0,0,0.0026329775255596664
0,0,0.0026329775255596664
0,0,0.0026329775255596664
0,0,0.0026329775255596664
0,0,0.0026329775255596664
0,0,0.0026329775255596664
0,0,0.0026329775255596664
0,0,0.0026329775255596664
0,0,0.009299644192226331
0,0,0.0026329775255596664
0,0,0.0026329775255596664
0,0,0.0026329775255596664
0,0,0.0026329775255596664
0,0,0.0026329775255596664
0,0,0.0026329775255596664
0,0,0.0026329775255596664
0,0,0.0026329775255596664
0,0,0.0026329775255596664
0,0,0.0026329775255596664
0,0,0.005966310858892999
0,0,0.0026329775255596664
0,0,0.0026329775255596664
0,0,0.0026329775255596664
0,0,0.005966310858892999
0,0,0.012632977525559665
0,0,0.0026329775255596664
0,0,0.0026329775255596664
0,0,0.0026329775255596664
0,0,0.0026329775255596664
0,0,0.0026329775255596664
0,0,0.0026329775255596664
0,0,0.0026329775255596664
0,0,0.009299644192226331
0,0,0.0026329775255596664
0,0,0.0026329775255596664
0,0,0.0026329775255596664
0,0,0.0026329775255596664
0,0,0.0026329775255596664
0,0,0.0026329775255596664
0,0,0.0026329775255596664
0,0,0.0026329775255596664
0,0,0.0026329775255596664
0,0,0.005966310858892999
0,0,0.005966310858892999
0,0,0.0026329775255596664
0,0,0.0026329775255596664
0,0,0.0026329775255596664
0,0,0.0026329775255596664
0,0,0.0026329775255596664
0,0,0.0026329775255596664
0,0,0.0026329775255596664
0,0,0.0026329775255596664
0,0,0.0026329775255596664
0,0,0.0026329775255596664
0,0,0.0026329775255596664
0,0,0.0026329775255596664
0,0,0.0026329775255596664
0,0,0.0026329775255596664
0,0,0.0026329775255596664
0,0,0.0026329775255596664
0,0,0.0026329775255596664
0,0,0.0026329775255596664
0,0,0.0026329775255596664
0,0,0.0026329775255596664
0,0,0.0026329775255596664
0,0,0.005966310858892999
0,0,0.0026329775255596664
0,0,0.0026329775255596664
0,0,0.0026329775255596664
0,0,0.005966310858893
0,0,0.0026329775255596664
0,0,0.0026329775255596664
0,0,0.0026329775255596664
0,0,0.005966310858892999
0,0,0.0026329775255596664
0,0,0.0026329775255596664
0,0,0.0026329775255596664
0,0,0.0026329775255596664
0,0,0.0026329775255596664
0,0,0.005966310858892999
0,0,0.0026329775255596664
0,0,0.0026329775255596664
0,0,0.0026329775255596664
0,0,0.0026329775255596664
0,0,0.0026329775255596664
0,0,0.0026329775255596664
0,0,0.0026329775255596664
0,0,0.0026329775255596664
0,0,0.0026329775255596664
0,0,0.0026329775255596664
0,0,0.0026329775255596664
0,0,0.0026329775255596664
0,0,0.0026329775255596664
0,0,0.0026329775255596664
0,0,0.0026329775255596664
0,0,0.0026329775255596664
0,0,0.0026329775255596664
0,0,0.0026329775255596664
0,0,0.0026329775255596664
0,0,0.0026329775255596664
0,0,0.0026329775255596664
0,0,0.009299644192226331
0,0,0.0026329775255596664
0,0,0.0026329775255596664
0,0,0.0026329775255596664
0,0,0.0026329775255596664
0,0,0.005966310858892999
0,0,0.0026329775255596664
0,0,0.0026329775255596664
0,0,0.005966310858893
0,0,0.0026329775255596664
0,0,0.005966310858892999
0,0,0.0026329775255596664
0,0,0.0026329775255596664
0,0,0.0026329775255596664
0,0,0.0026329775255596664
0,0,0.0026329775255596664
0,0,0.0026329775255596664
0,0,0.0026329775255596664
0,0,0.0026329775255596664
0,0,0.0026329775255596664
0,0,0.0026329775255596664
0,0,0.005966310858892999
0,0,0.0026329775255596664
0,0,0.0026329775255596664
0,0,0.012632977525559665
0,0,0.005966310858893
0,0,0.0026329775255596664
0,0,0.0026329775255596664
0,0,0.0026329775255596664
0,0,0.005966310858892999
0,0,0.005966310858892999
0,0,0.0026329775255596664
0,0,0.0026329775255596664
0,0,0.005966310858892999
0,0,0.0026329775255596664
0,0,0.0026329775255596664
0,0,0.0026329775255596664
0,0,0.0026329775255596664
0,0,0.0026329775255596664
0,0,0.005966310858892999
0,0,0.0026329775255596664
0,0,0.0026329775255596664
0,0,0.0026329775255596664
0,0,0.0026329775255596664
0,0,0.0026329775255596664
0,0,0.0026329775255596664
0,0,0.0026329775255596664
0,0,0.0026329775255596664
0,0,0.005966310858892999
0,0,0.0026329775255596664
0,0,0.0026329775255596664
0,0,0.009299644192226331
0,0,0.012542866969751699
0,0,0.005966310858892999
0,0,0.005000000000000044
0,0,0.06150126407742023
0,0,0.0026329775255596664
0,0,0.0026329775255596664
0,0,0.0026329775255596664
0,0,0.0016666666666667114
0,0,0.009299644192226331
0,0,0.2115012640774202
0,0,0.005876200303085033
0,0,0.0026329775255596664
0,0,0.0026329775255596664
0,0,0.0026329775255596664
0,0,0.0016666666666667114
0,0,0.0026329775255596664
0,0,0.009134241602979844
0,0,0.00816793074408689
0,0,0.0026329775255596664
0,0,0.0026329775255596664
0,0,0.0026329775255596664
0,0,0.01159137463322819
0,0,0.0026329775255596664
0,0,0.008333333333333378
0,0,0.00816793074408689
0,0,0.0026329775255596664
0,0,0.0026329775255596664
0,0,0.0026329775255596664
0,0,0.0026329775255596664
0,0,0.005966310858892999
0,0,0.005000000000000044
0,0,0.0026329775255596664
0,0,0.0026329775255596664
0,0,0.0026329775255596664
0,0,0.0026329775255596664
0,0,0.0026329775255596664
0,0,0.0026329775255596664
0,0,0.01159137463322819
0,0,0.0026329775255596664
0,0,0.0026329775255596664
0,0,0.0026329775255596664
0,0,0.0026329775255596664
0,0,0.0026329775255596664
0,0,0.0016666666666667114
0,0,0.0026329775255596664
0,0,0.0026329775255596664
0,0,0.0026329775255596664
0,0,0.0026329775255596664
0,0,0.0016666666666667114
0,0,0.0026329775255596664
0,0,0.0026329775255596664
0,0,0.0026329775255596664
0,0,0.0026329775255596664
0,0,0.0026329775255596664
0,0,0.0026329775255596664
0,0,0.0026329775255596664
0,0,0.0016666666666667114
0,0,0.0026329775255596664
0,0,0.0026329775255596664
0,0,0.014924707966561522
0,0,0.0026329775255596664
0,0,0.0026329775255596664
0,0,0.0026329775255596664
0,0,0.0026329775255596664
0,0,0.0026329775255596664
0,0,0.0026329775255596664
0,0,0.0026329775255596664
0,0,0.005966310858893
0,0,0.0026329775255596664
0,0,0.0026329775255596664
0,0,0.0026329775255596664
0,0,0.0026329775255596664
0,0,0.0016666666666667114
0,0,0.009299644192226331
0,0,0.005000000000000044
0,0,0.0026329775255596664
0,0,0.031576556110858744
0,0,0.17130470597152558
0,0,0.041501264077420226
0,0,0.05246757493631318
0,0,0.0026329775255596664
0,0,0.004924707966561523
0,0,0.0026329775255596664
0,0,0.0026329775255596664
0,0,0.0016666666666667114
0,0,0.04137999800496413
0,0,0.0026329775255596664
0,0,0.031501264077420224
0,0,0.0026329775255596664
0,0,0.0016666666666667114
0,0,0.0026329775255596664
0,0,0.0026329775255596664
0,0,0.0026329775255596664
0,0,0.0026329775255596664
0,0,0.0026329775255596664
1,0,0.09234630886385709
1,0,0.3613799980049642
1,0,0.07130470597152562
1,0,0.20463803930485894
1,0,0.2981679307440869
1,0,0.39150126407742025
1,0,0.20778623353021358
1,0,0.24758967542431895
1,1,0.6379713726381921
1,1,0.5241810500575471
1,1,0.8548345974107534
1,1,0.8913047059715254
1,1,0.6746380393048588
0,0,0.3177109414967751
0,0,0.43797137263819236
0,0,0.15483459741075356
0,0,0.05587620030308504
0,0,0.04255768549212114
0,0,0.07778623353021358
0,0,0.26483459741075355
0,0,0.0258692464846206
0,0,0.20797137263819226
0,0,0.4808477167242138
0,0,0.11492470796656153
0,0,0.0026329775255596664
0,0,0.3592095336364184
0,0,0.005000000000000044
0,0,0.0026329775255596664
0,0,0.0026329775255596664
0,0,0.0026329775255596664
0,0,0.005769752752998381
0,0,0.0026329775255596664
0,0,0.0026329775255596664
0,0,0.005966310858892999
0,0,0.0026329775255596664
0,0,0.005769752752998381
0,0,0.0026329775255596664
0,0,0.0026329775255596664
0,0,0.0026329775255596664
0,0,0.01166666666666671
0,0,0.0026329775255596664
0,0,0.0026329775255596664
0,0,0.0026329775255596664
0,0,0.0026329775255596664
0,0,0.0026329775255596664
0,0,0.0026329775255596664
0,0,0.0026329775255596664
0,0,0.005769752752998381
0,0,0.13499304618153563
0,0,0.0016666666666667114
0,0,0.022632977525559664
0,0,0.011576556110858744
0,0,0.3291342416029799
0,0,0.10816793074408688
0,0,0.06157655611085874
0,0,0.009209533636418365
0,0,0.0026329775255596664
0,0,0.019209533636418367
0,0,0.008333333333333378
0,0,0.0026329775255596664
0,0,0.0026329775255596664
0,0,0.23920953363641834
0,0,0.0026329775255596664
0,0,0.0026329775255596664
0,0,0.009209533636418365
0,0,0.0026329775255596664
0,0,0.0026329775255596664
0,0,0.005966310858892999
0,0,0.0026329775255596664
0,0,0.0026329775255596664
0,0,0.0026329775255596664
0,0,0.0026329775255596664
0,0,0.012632977525559665
0,0,0.0026329775255596664
0,0,0.0026329775255596664
0,0,0.0026329775255596664
0,0,0.008243222777525412
0,0,0.0026329775255596664
0,0,0.0026329775255596664
0,0,0.0026329775255596664
0,0,0.0026329775255596664
0,0,0.0026329775255596664
0,0,0.0026329775255596664
0,0,0.0026329775255596664
0,0,0.0026329775255596664
0,0,0.0026329775255596664
0,0,0.0026329775255596664
0,0,0.0026329775255596664
0,0,0.0026329775255596664
0,0,0.0026329775255596664
0,0,0.0026329775255596664
0,0,0.0026329775255596664
0,0,0.0026329775255596664
0,0,0.0026329775255596664
0,0,0.0026329775255596664
0,0,0.0026329775255596664
0,0,0.0026329775255596664
0,0,0.0026329775255596664
0,0,0.0026329775255596664
0,0,0.0026329775255596664
0,0,0.0026329775255596664
0,0,0.0026329775255596664
0,0,0.0026329775255596664
0,0,0.0026329775255596664
0,0,0.0026329775255596664
0,0,0.0026329775255596664
0,0,0.0026329775255596664
0,0,0.0026329775255596664
0,0,0.0026329775255596664
0,0,0.0026329775255596664
0,0,0.0026329775255596664
0,0,0.0026329775255596664
0,0,0.005876200303085033
0,0,0.0026329775255596664
0,0,0.0026329775255596664
0,0,0.0026329775255596664
0,0,0.0026329775255596664
0,0,0.0026329775255596664
0,0,0.0026329775255596664
0,0,0.0026329775255596664
0,0,0.0026329775255596664
0,0,0.0026329775255596664
0,0,0.0026329775255596664
0,0,0.0026329775255596664
0,0,0.0026329775255596664
0,0,0.0026329775255596664
0,0,0.0026329775255596664
0,0,0.0026329775255596664
0,0,0.0026329775255596664
0,0,0.0026329775255596664
0,0,0.0026329775255596664
0,0,0.005876200303085033
0,0,0.0026329775255596664
0,0,0.0026329775255596664
0,0,0.0026329775255596664
0,0,0.0026329775255596664
0,0,0.0026329775255596664
0,0,0.0026329775255596664
0,0,0.0026329775255596664
0,0,0.0026329775255596664
0,0,0.0026329775255596664
0,0,0.0026329775255596664
0,0,0.0026329775255596664
0,0,0.0026329775255596664
0,0,0.0026329775255596664
0,0,0.0026329775255596664
0,0,0.0026329775255596664
0,0,0.0026329775255596664
0,0,0.0026329775255596664
0,0,0.0026329775255596664
0,0,0.0026329775255596664
0,0,0.0026329775255596664
0,0,0.0026329775255596664
0,0,0.0026329775255596664
0,0,0.0026329775255596664
0,0,0.0026329775255596664
0,0,0.0026329775255596664
0,0,0.0026329775255596664
0,0,0.0026329775255596664
0,0,0.0026329775255596664
0,0,0.0026329775255596664
0,0,0.0026329775255596664
0,0,0.0026329775255596664
0,0,0.0026329775255596664
0,0,0.0026329775255596664
0,0,0.0026329775255596664
0,0,0.0026329775255596664
0,0,0.0026329775255596664
0,0,0.0026329775255596664
0,0,0.0026329775255596664
0,0,0.0026329775255596664
0,0,0.0026329775255596664
0,0,0.0026329775255596664
0,0,0.0026329775255596664
0,0,0.0026329775255596664
0,0,0.0026329775255596664
0,0,0.0026329775255596664
0,0,0.0026329775255596664
0,0,0.0026329775255596664
0,0,0.0026329775255596664
0,0,0.0026329775255596664
0,0,0.0026329775255596664
0,0,0.0026329775255596664
0,0,0.0026329775255596664
0,0,0.0026329775255596664
0,0,0.0026329775255596664
0,0,0.0026329775255596664
0,0,0.0026329775255596664
0,0,0.0026329775255596664
0,0,0.0026329775255596664
0,0,0.0026329775255596664
0,0,0.0026329775255596664
0,0,0.0026329775255596664
0,0,0.0026329775255596664
0,0,0.0026329775255596664
0,0,0.0026329775255596664
0,0,0.0026329775255596664
0,0,0.0026329775255596664
0,0,0.0026329775255596664
0,0,0.0026329775255596664
0,0,0.0026329775255596664
0,0,0.015983979133660876
0,0,0.0027247736991170496
0,0,0.006058107032450383
0,0,0.0027247736991170496
0,0,0.0027247736991170496
0,0,0.0027247736991170496
0,0,0.0027247736991170496
0,0,0.012724773699117049
0,0,0.0027247736991170496
0,0,0.0027247736991170496
0,0,0.0027247736991170496
0,0,0.0027247736991170496
0,0,0.0027247736991170496
0,0,0.0027247736991170496
0,0,0.0027247736991170496
0,0,0.006058107032450383
0,0,0.01593336951783387
0,0,0.0027247736991170496
0,0,0.0027247736991170496
0,0,0.11926670285116721
0,0,0.0027247736991170496
0,0,0.021541929152050134
0,0,0.009391440365783717
0,0,0.0027247736991170496
0,0,0.0027247736991170496
0,0,0.006058107032450383
0,0,0.0027247736991170496
0,0,0.0027247736991170496
0,0,0.0027247736991170496
0,0,0.009261161365862755
0,0,0.1444572555589264
0,0,0.0027247736991170496
0,0,0.0027247736991170496
0,0,0.0027247736991170496
0,0,0.0027247736991170496
0,0,0.0027247736991170496
0,0,0.0027247736991170496
0,0,0.0027247736991170496
0,0,0.0027247736991170496
0,0,0.0027247736991170496
0,0,0.0027247736991170496
0,0,0.0027247736991170496
0,0,0.0027247736991170496
0,0,0.0027247736991170496
0,0,0.0027247736991170496
0,0,0.0027247736991170496
0,0,0.0027247736991170496
0,0,0.0027247736991170496
0,0,0.0027247736991170496
0,0,0.03161605705083964
0,0,0.0027247736991170496
0,0,0.0027247736991170496
0,0,0.0027247736991170496
0,0,0.0027247736991170496
0,0,0.0027247736991170496
0,0,0.0027247736991170496
0,0,0.0027247736991170496
0,0,0.026058107032450383
0,0,0.049266702851167195
0,0,0.024949390384172977
0,0,0.0027247736991170496
0,0,0.0027247736991170496
0,0,0.04161605705083964
0,0,0.0027247736991170496
0,0,0.016058107032450385
0,0,0.23113981173970846
0,0,0.13472536130386592
0,0,0.0027247736991170496
0,0,0.23786183532589783
0,0,0.0016666666666666518
0,0,0.012520366800406583
0,0,0.012650645800327542
0,0,0.0027247736991170496
0,0,0.0027247736991170496
0,0,0.0027247736991170496
0,0,0.0027247736991170496
0,0,0.0027247736991170496
0,0,0.0027247736991170496
0,0,0.0027247736991170496
0,0,0.0027247736991170496
0,0,0.0027247736991170496
0,0,0.0027247736991170496
0,0,0.0027247736991170496
0,0,0.0027247736991170496
0,0,0.0027247736991170496
0,0,0.0027247736991170496
0,0,0.0027247736991170496
0,0,0.0027247736991170496
0,0,0.0027247736991170496
0,0,0.0027247736991170496
0,0,0.0027247736991170496
0,0,0.0027247736991170496
0,0,0.0027247736991170496
0,0,0.0027247736991170496
0,0,0.0027247736991170496
0,0,0.0027247736991170496
0,0,0.012328570315473986
0,0,0.0027247736991170496
0,0,0.012328570315473986
0,0,0.004999999999999985
0,0,0.0027247736991170496
0,0,0.0027247736991170496
0,0,0.0027247736991170496
0,0,0.0027247736991170496
0,0,0.0027247736991170496
0,0,0.0027247736991170496
0,0,0.19782749035518876
0,0,0.012650645800327542
0,0,0.17888559738763918
0,0,0.006058107032450383
0,0,0.06892110908335115
0,0,0.062322656286775385
0,0,0.07154192915205014
0,0,0.33476008140557756
0,0,0.005661903648807319
0,0,0.0027247736991170496
0,0,0.0027247736991170496
0,0,0.006058107032450383
0,0,0.0027247736991170496
0,0,0.0027247736991170496
0,0,0.0027247736991170496
0,0,0.0027247736991170496
0,0,0.0027247736991170496
0,0,0.0027247736991170496
0,0,0.0027247736991170496
0,0,0.0027247736991170496
0,0,0.0027247736991170496
0,0,0.0027247736991170496
0,0,0.0027247736991170496
0,0,0.0027247736991170496
0,0,0.0027247736991170496
0,0,0.0027247736991170496
0,0,0.0027247736991170496
0,0,0.11912053433713087
0,0,0.0027247736991170496
0,0,0.0027247736991170496
0,0,0.0027247736991170496
0,0,0.0027247736991170496
0,0,0.0027247736991170496
0,0,0.0027247736991170496
0,0,0.0027247736991170496
0,0,0.0027247736991170496
0,0,0.0027247736991170496
0,0,0.0027247736991170496
0,0,0.0027247736991170496
0,0,0.0027247736991170496
0,0,0.0027247736991170496
0,0,0.009391440365783717
0,0,0.006058107032450383
0,0,0.0027247736991170496
0,0,0.034909982587095094
0,0,0.0027247736991170496
0,0,0.0027247736991170496
0,0,0.0027247736991170496
0,0,0.0027247736991170496
0,0,0.0027247736991170496
0,0,0.0027247736991170496
0,0,0.0027247736991170496
0,0,0.0027247736991170496
0,0,0.0027247736991170496
0,0,0.0027247736991170496
0,0,0.0027247736991170496
0,0,0.0027247736991170496
0,0,0.0027247736991170496
0,0,0.0027247736991170496
0,0,0.006058107032450383
0,0,0.0027247736991170496
0,0,0.0027247736991170496
0,0,0.024949390384172977
0,0,0.0027247736991170496
0,0,0.0027247736991170496
0,0,0.0027247736991170496
0,0,0.0027247736991170496
0,0,0.005983979133660876
0,0,0.029266702851167198
0,0,0.0027247736991170496
0,0,0.0027247736991170496
0,0,0.0027247736991170496
0,0,0.0027247736991170496
0,0,0.0027247736991170496
0,0,0.006058107032450383
0,0,0.012674164083290041
0,0,0.0027247736991170496
0,0,0.0027247736991170496
0,0,0.0027247736991170496
0,0,0.0027247736991170496
0,0,0.0027247736991170496
0,0,0.0027247736991170496
0,0,0.0027247736991170496
0,0,0.0027247736991170496
0,0,0.0027247736991170496
0,0,0.0027247736991170496
0,0,0.0027247736991170496
0,0,0.0027247736991170496
0,0,0.0027247736991170496
0,0,0.0027247736991170496
0,0,0.0027247736991170496
0,0,0.0027247736991170496
0,0,0.0027247736991170496
0,0,0.0027247736991170496
0,0,0.0027247736991170496
0,0,0.0182085958187168
0,0,0.0027247736991170496
0,0,0.0027247736991170496
0,0,0.0027247736991170496
0,0,0.0027247736991170496
0,0,0.0027247736991170496
0,0,0.0027247736991170496
0,0,0.0027247736991170496
0,0,0.0027247736991170496
0,0,0.0027247736991170496
0,0,0.0027247736991170496
0,0,0.0027247736991170496
0,0,0.0027247736991170496
0,0,0.006058107032450383
0,0,0.006058107032450383
0,0,0.016007497416623374
0,0,0.0027247736991170496
0,0,0.0027247736991170496
0,0,0.0027247736991170496
0,0,0.0027247736991170496
0,0,0.0016666666666666518
0,0,0.0027247736991170496
0,0,0.0027247736991170496
0,0,0.0027247736991170496
0,0,0.0027247736991170496
0,0,0.0027247736991170496
0,0,0.0027247736991170496
0,0,0.0027247736991170496
0,0,0.0027247736991170496
0,0,0.02260003618450053
0,0,0.0027247736991170496
0,0,0.0027247736991170496
0,0,0.0027247736991170496
0,0,0.0027247736991170496
0,0,0.006058107032450383
0,0,0.0027247736991170496
0,0,0.0027247736991170496
0,0,0.0027247736991170496
0,0,0.0027247736991170496
0,0,0.0027247736991170496
0,0,0.0027247736991170496
0,0,0.0027247736991170496
0,0,0.10558777575001782
0,0,0.11917114395295786
0,0,0.26226207118553163
0,0,0.0027247736991170496
0,0,0.0027247736991170496
0,0,0.006058107032450383
0,0,0.0027247736991170496
0,0,0.0027247736991170496
0,0,0.0027247736991170496
0,0,0.0027247736991170496
0,0,0.0027247736991170496
0,0,0.006058107032450383
0,0,0.0027247736991170496
0,0,0.23114572576840706
0,0,0.0027247736991170496
0,0,0.02592782803252942
0,0,0.0027247736991170496
0,0,0.0027247736991170496
0,0,0.0027247736991170496
0,0,0.0027247736991170496
0,0,0.0027247736991170496
0,0,0.0027247736991170496
0,0,0.0027247736991170496
0,0,0.0027247736991170496
0,0,0.0027247736991170496
0,0,0.0027247736991170496
0,0,0.0027247736991170496
0,0,0.0027247736991170496
0,0,0.0027247736991170496
0,0,0.0027247736991170496
0,0,0.0027247736991170496
0,0,0.0027247736991170496
0,0,0.0027247736991170496
0,0,0.0027247736991170496
0,0,0.0027247736991170496
0,0,0.0027247736991170496
0,0,0.0027247736991170496
0,0,0.0027247736991170496
0,0,0.0027247736991170496
0,0,0.0027247736991170496
0,0,0.0027247736991170496
0,0,0.0027247736991170496
0,0,0.0027247736991170496
0,0,0.0027247736991170496
0,0,0.0027247736991170496
0,0,0.0027247736991170496
0,0,0.0027247736991170496
0,0,0.0027247736991170496
0,0,0.0027247736991170496
0,0,0.0027247736991170496
0,0,0.0027247736991170496
0,0,0.0027247736991170496
0,0,0.0027247736991170496
0,0,0.0027247736991170496
0,0,0.0027247736991170496
0,0,0.0027247736991170496
0,0,0.0027247736991170496
0,0,0.0027247736991170496
0,0,0.0027247736991170496
0,0,0.0027247736991170496
0,0,0.0027247736991170496
0,0,0.0027247736991170496
0,0,0.0027247736991170496
0,0,0.0027247736991170496
0,0,0.0027247736991170496
0,0,0.0027247736991170496
0,0,0.0027247736991170496
0,0,0.0027247736991170496
0,0,0.0027247736991170496
0,0,0.0027247736991170496
0,0,0.0027247736991170496
0,0,0.0027247736991170496
0,0,0.006058107032450383
0,0,0.18784711253678535
0,0,0.02260003618450053
0,0,0.15894462736631365
0,0,0.0923126808013586
0,0,0.1448903604054985
0,0,0.07585370013373992
0,0,0.0027247736991170496
0,0,0.0027247736991170496
0,0,0.0027247736991170496
0,0,0.0027247736991170496
0,0,0.028208595818716802
0,0,0.006058107032450383
0,0,0.0027247736991170496
0,0,0.0027247736991170496
0,0,0.0027247736991170496
0,0,0.0027247736991170496
0,0,0.0027247736991170496
0,0,0.0027247736991170496
0,0,0.0027247736991170496
0,0,0.0027247736991170496
0,0,0.0027247736991170496
0,0,0.022674164083290038
0,0,0.0027247736991170496
0,0,0.0027247736991170496
0,0,0.0027247736991170496
0,0,0.006058107032450383
0,0,0.0027247736991170496
0,0,0.0027247736991170496
0,0,0.0027247736991170496
1,1,0.5257834683363164
1,0,0.36446316958762504
1,0,0.13805869463719925
1,0,0.15120396415308118
1,0,0.19779277025347716
1,1,0.8180368910943853
1,1,0.7811090473476922
1,0,0.40472536130386594
1,0,0.48779650292095844
1,0,0.061160823688522103
1,0,0.17818716481929694
0,0,0.04784337986930416
0,0,0.29472909397134717
0,0,0.21254388508336908
0,0,0.11892110908335116
0,0,0.13913642385124622
0,0,0.22892873785219828
0,0,0.11112610358681048
0,0,0.13125457376890823
0,0,0.17220266607585455
0,0,0.015983979133660876
0,0,0.012650645800327542
0,0,0.016058107032450385
0,0,0.006058107032450383
0,0,0.006058107032450383
0,0,0.006058107032450383
0,0,0.0027247736991170496
0,0,0.006058107032450383
0,0,0.0027247736991170496
0,0,0.015661903648807318
0,0,0.004999999999999985
0,0,0.0027247736991170496
0,0,0.0027247736991170496
0,0,0.0027247736991170496
0,0,0.006058107032450383
0,0,0.0027247736991170496
0,0,0.026058107032450383
0,0,0.02828272371750631
0,0,0.0027247736991170496
0,0,0.0027247736991170496
0,0,0.0027247736991170496
0,0,0.0027247736991170496
0,0,0.006058107032450383
0,0,0.0027247736991170496
0,0,0.0027247736991170496
0,0,0.0027247736991170496
0,0,0.006058107032450383
0,0,0.0027247736991170496
0,0,0.0027247736991170496
0,0,0.0027247736991170496
0,0,0.006058107032450383
0,0,0.0027247736991170496
0,0,0.0027247736991170496
0,0,0.0027247736991170496
0,0,0.0027247736991170496
0,0,0.0027247736991170496
0,0,0.0027247736991170496
0,0,0.03259449469919609
0,0,0.012724773699117049
0,0,0.0027247736991170496
0,0,0.0027247736991170496
0,0,0.018128926434622848
0,0,0.14779277025347715
0,0,0.019340830749956708
0,0,0.0027247736991170496
0,0,0.0027247736991170496
0,0,0.0027247736991170496
0,0,0.0027247736991170496
0,0,0.0027247736991170496
0,0,0.0027247736991170496
0,0,0.0027247736991170496
0,0,0.0027247736991170496
0,0,0.0027247736991170496
0,0,0.0027247736991170496
0,0,0.0027247736991170496
0,0,0.0027247736991170496
0,0,0.0027247736991170496
0,0,0.08141165015212917
0,0,0.009261161365862755
0,0,0.0027247736991170496
0,0,0.0027247736991170496
0,0,0.1744731450730418
0,0,0.0027247736991170496
0,0,0.0027247736991170496
0,0,0.0027247736991170496
0,0,0.0027247736991170496
0,0,0.0027247736991170496
0,0,0.0027247736991170496
0,0,0.0027247736991170496
0,0,0.0027247736991170496
0,0,0.0027247736991170496
0,0,0.0027247736991170496
0,0,0.0027247736991170496
0,0,0.0027247736991170496
0,0,0.0027247736991170496
0,0,0.0027247736991170496
0,0,0.0027247736991170496
0,0,0.0027247736991170496
0,0,0.006058107032450383
0,0,0.0027247736991170496
0,0,0.0027247736991170496
0,0,0.0027247736991170496
0,0,0.0027247736991170496
0,0,0.004999999999999985
0,0,0.006058107032450383
0,0,0.0027247736991170496
0,0,0.0027247736991170496
0,0,0.0027247736991170496
0,0,0.0027247736991170496
0,0,0.0027247736991170496
0,0,0.0027247736991170496
0,0,0.0027247736991170496
0,0,0.019391440365783715
0,0,0.0027247736991170496
0,0,0.032650645800327546
0,0,0.1358030905179129
0,0,0.0027247736991170496
0,0,0.0027247736991170496
0,0,0.006058107032450383
0,0,0.0027247736991170496
0,0,0.03252036680040658
0,0,0.0027247736991170496
0,0,0.0027247736991170496
0,0,0.0027247736991170496
0,0,0.0027247736991170496
0,0,0.0027247736991170496
0,0,0.0027247736991170496
0,0,0.0027247736991170496
0,0,0.0027247736991170496
0,0,0.0027247736991170496
0,0,0.019391440365783715
0,0,0.0027247736991170496
0,0,0.0027247736991170496
0,0,0.0027247736991170496
0,0,0.0027247736991170496
0,0,0.0027247736991170496
0,0,0.0027247736991170496
0,0,0.0027247736991170496
0,0,0.0027247736991170496
0,0,0.0027247736991170496
0,0,0.0027247736991170496
0,0,0.0027247736991170496
0,0,0.0027247736991170496
0,0,0.0027247736991170496
0,0,0.0027247736991170496
0,0,0.0027247736991170496
0,0,0.0027247736991170496
0,0,0.0027247736991170496
0,0,0.0027247736991170496
0,0,0.0027247736991170496
0,0,0.0027247736991170496
0,0,0.0027247736991170496
0,0,0.0027247736991170496
0,0,0.0027247736991170496
0,0,0.0027247736991170496
0,0,0.0027247736991170496
0,0,0.0027247736991170496
0,0,0.0027247736991170496
0,0,0.0027247736991170496
0,0,0.0027247736991170496
0,0,0.0027247736991170496
0,0,0.0027247736991170496
0,0,0.005983979133660876
0,0,0.0027247736991170496
0,0,0.0027247736991170496
0,0,0.0027247736991170496
0,0,0.026007497416623372
0,0,0.012724773699117049
0,0,0.0027247736991170496
0,0,0.0027247736991170496
0,0,0.0027247736991170496
0,0,0.03260003618450053
0,0,0.0027247736991170496
0,0,0.0027247736991170496
0,0,0.006058107032450383
0,0,0.0027247736991170496
0,0,0.0027247736991170496
0,0,0.0027247736991170496
0,0,0.0027247736991170496
0,0,0.0027247736991170496
0,0,0.0027247736991170496
0,0,0.0027247736991170496
0,0,0.06915152177136127
0,0,0.04232857031547399
0,0,0.0027247736991170496
0,0,0.0027247736991170496
0,0,0.006058107032450383
0,0,0.0027247736991170496
0,0,0.0027247736991170496
0,0,0.0027247736991170496
0,0,0.006058107032450383
0,0,0.0027247736991170496
0,0,0.0027247736991170496
0,0,0.0027247736991170496
0,0,0.0027247736991170496
0,0,0.0027247736991170496
0,0,0.0027247736991170496
0,0,0.0027247736991170496
0,0,0.0027247736991170496
0,0,0.0027247736991170496
0,0,0.0027247736991170496
0,0,0.0027247736991170496
0,0,0.0027247736991170496
0,0,0.0027247736991170496
0,0,0.0027247736991170496
0,0,0.0027247736991170496
0,0,0.0027247736991170496
0,0,0.0027247736991170496
0,0,0.0027247736991170496
0,0,0.0027247736991170496
0,0,0.2925438850833691
0,0,0.13807831681879584
0,0,0.22113981173970848
0,0,0.009391440365783717
0,0,0.018188973637120215
0,0,0.03260003618450053
0,0,0.006058107032450383
0,0,0.019391440365783715
0,0,0.0027247736991170496
0,0,0.0027247736991170496
0,0,0.0027247736991170496
0,0,0.0027247736991170496
0,0,0.0027247736991170496
0,0,0.04921055175003575
0,0,0.0027247736991170496
0,0,0.0027247736991170496
0,0,0.0027247736991170496
0,0,0.0027247736991170496
0,0,0.0027247736991170496
0,0,0.0027247736991170496
0,0,0.062328570315473994
0,0,0.0027247736991170496
0,0,0.0027247736991170496
0,0,0.0027247736991170496
0,0,0.0027247736991170496
0,0,0.0027247736991170496
0,0,0.0027247736991170496
0,0,0.0027247736991170496
0,0,0.0027247736991170496
0,0,0.0027247736991170496
0,0,0.0027247736991170496
0,0,0.0027247736991170496
0,0,0.0027247736991170496
0,0,0.0027247736991170496
0,0,0.0027247736991170496
0,0,0.0027247736991170496
0,0,0.0027247736991170496
0,0,0.012724773699117049
0,0,0.0027247736991170496
0,0,0.0027247736991170496
0,0,0.0027247736991170496
0,0,0.0027247736991170496
0,0,0.0027247736991170496
0,0,0.0027247736991170496
0,0,0.0027247736991170496
0,0,0.0027247736991170496
0,0,0.0027247736991170496
0,0,0.0027247736991170496
0,0,0.0027247736991170496
0,0,0.0027247736991170496
0,0,0.0027247736991170496
0,0,0.0027247736991170496
0,0,0.0027247736991170496
0,0,0.0027247736991170496
0,0,0.0027247736991170496
0,0,0.0027247736991170496
0,0,0.0027247736991170496
0,0,0.0027247736991170496
0,0,0.0027247736991170496
0,0,0.0027247736991170496
0,0,0.0027247736991170496
0,0,0.0027247736991170496
0,0,0.0027247736991170496
0,0,0.0027247736991170496
0,0,0.0027247736991170496
0,0,0.0027247736991170496
0,0,0.0027247736991170496
0,0,0.0027247736991170496
0,0,0.0027247736991170496
0,0,0.0027247736991170496
0,0,0.0027247736991170496
0,0,0.0027247736991170496
0,0,0.0027247736991170496
0,0,0.0027247736991170496
0,0,0.0027247736991170496
0,0,0.0027247736991170496
0,0,0.0027247736991170496
0,0,0.0027247736991170496
0,0,0.0027247736991170496
0,0,0.0027247736991170496
0,0,0.0027247736991170496
0,0,0.0027247736991170496
0,0,0.0027247736991170496
0,0,0.0027247736991170496
0,0,0.0027247736991170496
0,0,0.0027247736991170496
0,0,0.0027247736991170496
0,0,0.0027247736991170496
0,0,0.0027247736991170496
0,0,0.0027247736991170496
0,0,0.0027247736991170496
0,0,0.0027247736991170496
0,0,0.0027247736991170496
0,0,0.0027247736991170496
0,0,0.0027247736991170496
0,0,0.0027247736991170496
0,0,0.0027247736991170496
0,0,0.0027247736991170496
0,0,0.0027247736991170496
0,0,0.0027247736991170496
0,0,0.0027247736991170496
0,0,0.0027247736991170496
0,0,0.0027247736991170496
0,0,0.0027247736991170496
0,0,0.0027247736991170496
0,0,0.0027247736991170496
0,0,0.0027247736991170496
0,0,0.0027247736991170496
0,0,0.0027247736991170496
0,0,0.0027247736991170496
0,0,0.0027247736991170496
0,0,0.0027247736991170496
0,0,0.0027247736991170496
0,0,0.0027247736991170496
0,0,0.0027247736991170496
0,0,0.0027247736991170496
0,0,0.0027247736991170496
0,0,0.0027247736991170496
0,0,0.0027247736991170496
0,0,0.0027247736991170496
0,0,0.0027247736991170496
0,0,0.0027247736991170496
0,0,0.0027247736991170496
0,0,0.0027247736991170496
0,0,0.0027247736991170496
0,0,0.0027247736991170496
0,0,0.0027247736991170496
0,0,0.0027247736991170496
0,0,0.0027247736991170496
0,0,0.0016666666666666518
0,0,0.00833333333333332
0,0,0.0027247736991170496
0,0,0.0027247736991170496
0,0,0.0027247736991170496
0,0,0.0027247736991170496
0,0,0.0027247736991170496
0,0,0.0027247736991170496
0,0,0.0027247736991170496
0,0,0.0027247736991170496
0,0,0.0027247736991170496
0,0,0.0027247736991170496
0,0,0.0027247736991170496
0,0,0.0027247736991170496
0,0,0.0027247736991170496
0,0,0.0027247736991170496
0,0,0.0027247736991170496
0,0,0.0027247736991170496
0,0,0.0027247736991170496
0,0,0.0027247736991170496
0,0,0.0027247736991170496
0,0,0.0027247736991170496
0,0,0.0027247736991170496
0,0,0.0027247736991170496
0,0,0.0027247736991170496
0,0,0.0027247736991170496
0,0,0.0027247736991170496
0,0,0.0027247736991170496
0,0,0.0027247736991170496
0,0,0.0027247736991170496
0,0,0.0027247736991170496
0,0,0.0027247736991170496
0,0,0.0027247736991170496
0,0,0.0027247736991170496
0,0,0.0027247736991170496
